"key","name","license_class","versions","os","url","status","kind","final_url","content_type","length","https_only","sources"
"adobeacrobatstandard","Adobe Acrobat Standard","commercial","msfn-98se=6.0","98SE","http://www.adobe.com","000","dead: no answer","http://www.adobe.com/","","","False","msfn-98se"
"adobeshockwaveplayer","Adobe Shockwave Player","commercial","msfn-98se=10.3.0.24; msfn-kernelex=10.2.0.23; osr-kernelex=10.2.0.23","98SE; Windows 98SE; Windows 98/ME","http://www.adobe.com/shockwave/download/?promoid=BIOY","000","dead: no answer","http://www.adobe.com/shockwave/download/?promoid=BIOY","","","False","msfn-98se msfn-kernelex osr-kernelex"
"amdaticatalyst","AMD ATI Catalyst","freeware-unclear","msfn-98se=6.2","98SE","http://ati.amd.com/support/drivers/98me/radeonaiw-98me.html","000","dead: no answer","http://ati.amd.com/support/drivers/98me/radeonaiw-98me.html","","","False","msfn-98se"
"amdatirageseries","AMD ATI RAGE Series","freeware-unclear","","98SE","http://ati.amd.com/support/drivers/98me/legacy-98me.html","000","dead: no answer","http://ati.amd.com/support/drivers/98me/legacy-98me.html","","","False","msfn-98se"
"apcpowerchutepersonaledition","APC PowerChute Personal Edition","freeware-unclear","msfn-98se=1.5.0","98SE","ftp://ftp.apcc.com/apc/public/software/wi...onalEdition.exe","000","dead: no answer","ftp://ftp.apcc.com/apc/public/software/wi...onalEdition.exe","","","False","msfn-98se"
"apcpowerchuteplus","APC PowerChute plus","freeware-unclear","msfn-98se=5.0.2","98SE","ftp://ftp.apcc.com/apc/public/software/wi...2/pcplus502.exe","000","dead: no answer","ftp://ftp.apcc.com/apc/public/software/wi...2/pcplus502.exe","","","False","msfn-98se"
"atomtimepro","AtomTime Pro","commercial","msfn-98se=v3.1d","98SE","http://www.atomtime.com","000","dead: no answer","http://www.atomtime.com/","","","False","msfn-98se"
"avantbrowser","Avant Browser","commercial","msfn-98se=11.0 build 46","98SE","http://avant.it-mate.co.uk/?c=Download&f=Avant_Browser/11_Series/11_0","000","dead: no answer","http://avant.it-mate.co.uk/?c=Download&f=Avant_Browser/11_Series/11_0","","","False","msfn-98se"
"borgchat","BORGChat","freeware-unclear","msfn-98se=v1.0.0","98SE","http://borgchat.softnews.ro/download.php","000","dead: no answer","http://borgchat.softnews.ro/download.php","","","False","msfn-98se"
"broadcomnetxtremenetworkdrivers","Broadcom NetXtreme Network Drivers","freeware-unclear","msfn-98se=10.24d","98SE","http://www.broadcom.com%2Fsupport%2Fethern...eme_desktop.php","000","dead: no answer","http://www.broadcom.com%2Fsupport%2Fethern...eme_desktop.php","","","False","msfn-98se"
"burrrn","Burrrn","freeware-unclear","","98SE","http://www.burrrn.net/?page_id=4","000","dead: no answer","http://www.burrrn.net/?page_id=4","","","False","msfn-98se"
"calendar2000","Calendar 2000","freeware-unclear","","98SE","http://www.gregorybraun.com/Calendar.html","000","dead: no answer","http://www.gregorybraun.com/Calendar.html","","","False","msfn-98se"
"clonedvd","Clone Dvd","commercial","","98SE","http://www.clonedvd.net","000","dead: no answer","http://www.clonedvd.net/","","","False","msfn-98se"
"codestuffstarter","CodeStuff Starter","freeware-unclear","","98SE","http://codestuff.tripod.com/products_starter.html","000","dead: no answer","http://codestuff.tripod.com/products_starter.html","","","False","msfn-98se"
"diskeeperlite","Diskeeper Lite","freeware-unclear","mdgx-toy=7.0; msfn-98se=7.0 Build 418","98/NT4/2000/ME/XP/2003; 98SE","http://www1.execsoft.com/dklite.exe","000","dead: no answer","http://www1.execsoft.com/dklite.exe","","","False","mdgx-toy msfn-98se"
"dvdfabhddecrypter","DVDFab HD Decrypter","commercial","","98SE","http://www.dvdfab.com/free.htm","000","dead: no answer","http://www.dvdfab.com/free.htm","","","False","msfn-98se"
"easycleaner","EasyCleaner","freeware-unclear","msfn-98se=2.0","98SE","http://personal.inet.fi/business/toniarts/ecleane.htm","000","dead: no answer","http://personal.inet.fi/business/toniarts/ecleane.htm","","","False","msfn-98se"
"ensoniqsoundscapevivo90driver","Ensoniq Soundscape VIVO 90 driver","commercial","msfn-98se=1.00.08 (from link)","98SE","http://support.gateway.com/support/drivers/getFile.asp?id=14265&dscr=Soundscape%20InstallWizard,%20version%201.00.08","000","dead: no answer","http://support.gateway.com/support/drivers/getFile.asp?id=14265&dscr=Soundscape%20InstallWizard,%20version%201.00.08","","","False","msfn-98se"
"exescope","eXeScope","shareware","mdgx-toy=6.50","9x/NT4/2000/ME/XP/2003/Vista/2008/7","http://hp.vector.co.jp/authors/VA003525/eXeSc650.zip","000","dead: no answer","http://hp.vector.co.jp/authors/VA003525/eXeSc650.zip","","","False","mdgx-toy"
"familytreemaker","Family Tree Maker","commercial","msfn-98se=2006 16.0.350.0","98SE","http://past.familytreemaker.com/FTM16.aspx","000","dead: no answer","http://past.familytreemaker.com/FTM16.aspx","","","False","msfn-98se"
"flashplayer","Flash Player","freeware-unclear","osr-final=9.0.289.0","Windows 98/ME","http://www2.zshare.ma/2gunsmzsf63h","000","dead: no answer","http://www2.zshare.ma/2gunsmzsf63h","","","False","osr-final"
"greenbrowser","GreenBrowser","freeware-unclear","msfn-98se=4.9.0111","98SE","http://www.morequick.com/IndexEn.htm","000","dead: no answer","http://www.morequick.com/IndexEn.htm","","","False","msfn-98se"
"hddhealth","HDD Health","freeware-unclear","msfn-98se=2.1 beta build 159","98SE","http://www.panterasoft.com","000","dead: no answer","http://www.panterasoft.com/","","","False","msfn-98se"
"jamsoftwarefilelist","JAM Software FileList","freeware-unclear","msfn-98se=1.6","98SE","http://www.freeware-archiv.de/FileList-CSV.htm","000","dead: no answer","http://www.freeware-archiv.de/FileList-CSV.htm","","","False","msfn-98se"
"kasperskyantiviruspersonal","Kaspersky Anti-Virus Personal","commercial","msfn-98se=5.0","98SE","ftp://d5y.kaspersky-labs.com/beta/kav50/Personal/English/","000","dead: no answer","ftp://d5y.kaspersky-labs.com/beta/kav50/Personal/English/","","","False","msfn-98se"
"kbmediaplayer","KbMedia Player","freeware-unclear","msfn-98se=2.42 beta4","98SE","http://home7.highway.ne.jp/Kobarin/","000","dead: no answer","http://home7.highway.ne.jp/Kobarin/","","","False","msfn-98se"
"kensingtonmouseworkssoftware","Kensington MouseWorks Software","freeware-unclear","msfn-98se=Version 6.11","98SE","http://us.kensington.com/html/1466.html#mw611","000","dead: no answer","http://us.kensington.com/html/1466.html#mw611","","","False","msfn-98se"
"lavasoftadawaresepersonal","Lavasoft Ad-Aware SE Personal","commercial","msfn-98se=1.06r1","98SE","http://www.softpedia.com%2Fget%2FInternet%...-Personal.shtml","000","dead: no answer","http://www.softpedia.com%2Fget%2FInternet%...-Personal.shtml","","","False","msfn-98se"
"mcafeestinger","McAfee Stinger","commercial","msfn-98se=v10.0.1.688","98SE","http://vil.nai.com/vil/stinger","000","dead: no answer","http://vil.nai.com/vil/stinger","","","False","msfn-98se"
"microsoftexcel97viewer","Microsoft Excel 97 Viewer","commercial","msfn-98se=97-2003","98SE","http://downloads.pcworld.com/pub/new/business/add_ins_and_patches/xlviewer.exe","000","dead: no answer","http://downloads.pcworld.com/pub/new/business/add_ins_and_patches/xlviewer.exe","","","False","msfn-98se"
"microsoftfontpropertiesextension","Microsoft Font properties extension","commercial","msfn-98se=2.1","98SE","http://download.microsoft.com%2Fdownload%2...bf%2Fttfext.exe","000","dead: no answer","http://download.microsoft.com%2Fdownload%2...bf%2Fttfext.exe","","","False","msfn-98se"
"microsoftintellipoint","Microsoft IntelliPoint","commercial","msfn-98se=4.12","98SE","http://download.microsoft.com%2Fdownload%2...12EngALLMsi.exe","000","dead: no answer","http://download.microsoft.com%2Fdownload%2...12EngALLMsi.exe","","","False","msfn-98se"
"microsoftintellitype","Microsoft IntelliType","commercial","msfn-98se=2.22","98SE","http://download.microsoft.com%2Fdownload%2...22EngALLMsi.exe","000","dead: no answer","http://download.microsoft.com%2Fdownload%2...22EngALLMsi.exe","","","False","msfn-98se"
"microsoftplatformsdkforwindowsserver2003r2","Microsoft Platform SDK for Windows Server 2003 R2","commercial","","98SE","http://www.microsoft.com%2Fdownloads%2Fdet...isplayLang%3Den","000","dead: no answer","http://www.microsoft.com%2Fdownloads%2Fdet...isplayLang%3Den","","","False","msfn-98se"
"microsoftwindows95osr1floppydriverhsfloppdr","Microsoft Windows 95/OSR1 Floppy Driver HSFLOP.PDR 4.00.951 Fix","commercial","","95/OSR1","http://cdgenp01.csd.toshiba.com/content/support/downloads/hsflop.exe","000","dead: no answer","http://cdgenp01.csd.toshiba.com/content/support/downloads/hsflop.exe","","","False","mdgx-web"
"microsoftwindows95osr1osr2passwordmprservdllfix","Microsoft Windows 95/OSR1/OSR2 Password MPRSERV.DLL Fix","commercial","","95/OSR1/OSR2","http://wireless.cisbg.com/soft/Cisco_Aironet/Utilities/Windows/acuv415015hotfix.zip","000","dead: no answer","http://wireless.cisbg.com/soft/Cisco_Aironet/Utilities/Windows/acuv415015hotfix.zip","","","False","mdgx-web"
"microsoftwindows95osr1osr2tapi","Microsoft Windows 95/OSR1/OSR2 TAPI","commercial","mdgx-web=2.1 Update","95/OSR1/OSR2","ftp://ftp.microsoft.com/developr/tapi/tapi2195.zip","000","dead: no answer","ftp://ftp.microsoft.com/developr/tapi/tapi2195.zip","","","False","mdgx-web"
"microsoftwindows95b95cosr2xpccardpcivxd","Microsoft Windows 95B/95C OSR 2.x PC Card PCI.VXD 4.00.1122 Fix","commercial","","95B/95C OSR 2.x","ftp://ftp.toshiba.ca/models/p3440/p3k4e5pc.exe","000","dead: no answer","ftp://ftp.toshiba.ca/models/p3440/p3k4e5pc.exe","","","False","mdgx-web"
"microsoftwindows98cardbusti14xxor44xxcardcontrollerspcivxd","Microsoft Windows 98 CardBus TI 14xx or 44xx Card Controllers PCI.VXD 4.10.2018 Fix","commercial","","98","http://public.office.iway.be/microsoft/Windows%209x/Flash%20ATA%20Hotfix/233017UP.EXE","000","dead: no answer","http://public.office.iway.be/microsoft/Windows%209x/Flash%20ATA%20Hotfix/233017UP.EXE","","","False","mdgx-web"
"microsoftwindows98resourcekitbooteditortool","Microsoft Windows 98 Resource Kit (RK) Boot Editor (BOOTEDIT.EXE) tool","commercial","mdgx-toy=1.01","98","ftp://ftp.microsoft.com/services/technet/samples/ps/win98/reskit/config/bootedit.exe","000","dead: no answer","ftp://ftp.microsoft.com/services/technet/samples/ps/win98/reskit/config/bootedit.exe","","","False","mdgx-toy"
"microsoftwindows98resourcekiticonimageeditor+animatedstaticcursoreditortools","Microsoft Windows 98 Resource Kit (RK) Icon/Image Editor (IMAGEDIT.EXE) + Animated/Static Cursor Editor (ANIEDIT.EXE) tools","commercial","","98","ftp://ftp.microsoft.com/services/technet/samples/ps/win98/reskit/desktop/ANIEDIT.EXE","000","dead: no answer","ftp://ftp.microsoft.com/services/technet/samples/ps/win98/reskit/desktop/ANIEDIT.EXE","","","False","mdgx-toy"
"microsoftwindows98resourcekitwinbootmultiboottool","Microsoft Windows 98 Resource Kit (RK) WinBoot (WINBOOT.EXE) multi-boot tool","commercial","mdgx-toy=1.5","98","ftp://ftp.microsoft.com/services/technet/samples/ps/win98/reskit/deploy/winboot.exe","000","dead: no answer","ftp://ftp.microsoft.com/services/technet/samples/ps/win98/reskit/deploy/winboot.exe","","","False","mdgx-toy"
"microsoftwindows98seaccessviolationspoolssdll","Microsoft Windows 98 SE Access Violation SPOOLSS.DLL 4.10.2223 Fix","commercial","","98 SE","http://ftp.isu.edu.tw/pub/CPatch/msupdate/win98se-nsrc/backup/250514usa8.exe","000","dead: no answer","http://ftp.isu.edu.tw/pub/CPatch/msupdate/win98se-nsrc/backup/250514usa8.exe","","","False","mdgx-web"
"microsoftwindows98seacpiwithantivirussoftwarestopsuponrebootvmcpdvxdfix","Microsoft Windows 98 SE ACPI with Anti-Virus Software Stops Upon Reboot VMCPD.VXD Fix","commercial","","98 SE","http://support.toshiba-tro.de/tools/quick-fixes/q259253/win-98se/qfe-winse-q259253-en.zip","000","dead: no answer","http://support.toshiba-tro.de/tools/quick-fixes/q259253/win-98se/qfe-winse-q259253-en.zip","","","False","mdgx-web"
"microsoftwindows98secardbustexasinstrumentscardcontrollerscbssvxd","Microsoft Windows 98 SE CardBus Texas Instruments Card Controllers CBSS.VXD 4.10.2226 Fix","commercial","","98 SE","http://ftp.isu.edu.tw/pub/CPatch/msupdate/win98se-nsrc/backup/295629usa8.exe","000","dead: no answer","http://ftp.isu.edu.tw/pub/CPatch/msupdate/win98se-nsrc/backup/295629usa8.exe","","","False","mdgx-web"
"microsoftwindows98secomputerhanguponscreensaveractivationdeskcpl","Microsoft Windows 98 SE Computer Hang Upon Screen Saver Activation DESK.CPL 4.72.3171.300 + POWERCFG.CPL 5.00.3103.1000 Fix","commercial","","98 SE","http://ftp.isu.edu.tw/pub/CPatch/msupdate/win98se-nsrc/backup/258680usa8.exe","000","dead: no answer","http://ftp.isu.edu.tw/pub/CPatch/msupdate/win98se-nsrc/backup/258680usa8.exe","","","False","mdgx-web"
"microsoftwindows98sedisabledsounds+usbdeviceswinmmdll","Microsoft Windows 98 SE Disabled Sounds + USB Devices WINMM.DLL 4.03.2201 Fix","commercial","","98 SE","http://ftp.isu.edu.tw/pub/CPatch/msupdate/win98se-nsrc/backup/249146usa8.exe","000","dead: no answer","http://ftp.isu.edu.tw/pub/CPatch/msupdate/win98se-nsrc/backup/249146usa8.exe","","","False","mdgx-web"
"microsoftwindows98sehangaftersuspendiosvxd","Microsoft Windows 98 SE Hang After Suspend IOS.VXD 4.10.2225 + SCSIPORT.PDR 4.10.2223 Fix","commercial","","98 SE","http://ftp.isu.edu.tw/pub/CPatch/msupdate/win98se-nsrc/backup/239696usa8.exe","000","dead: no answer","http://ftp.isu.edu.tw/pub/CPatch/msupdate/win98se-nsrc/backup/239696usa8.exe","","","False","mdgx-web"
"microsoftwindows98seieee1394storagedeviceerrorsbp2portsys","Microsoft Windows 98 SE IEEE 1394 (FireWire) Storage Device Error SBP2PORT.SYS 4.10.2227 Fix","commercial","","98 SE","http://ftp.isu.edu.tw/pub/CPatch/msupdate/win98se-nsrc/backup/311430usa8.exe","000","dead: no answer","http://ftp.isu.edu.tw/pub/CPatch/msupdate/win98se-nsrc/backup/311430usa8.exe","","","False","mdgx-web"
"microsoftwindows98seieee1394standbyerrorntmapsys","Microsoft Windows 98 SE IEEE 1394 Standby Error NTMAP.SYS 4.10.2227, OHCI1394.SYS 4.10.2226, SBP2PORT.SYS 4.10.2226 + NTKERN.VXD 4.10.2223 Fix","commercial","","98 SE","http://ftp.isu.edu.tw/pub/CPatch/msupdate/win98se-nsrc/backup/q267304/267304usa8.exe","000","dead: no answer","http://ftp.isu.edu.tw/pub/CPatch/msupdate/win98se-nsrc/backup/q267304/267304usa8.exe","","","False","mdgx-web"
"microsoftwindows98selaptoppchangsduringdockingundockingntkernvxd","Microsoft Windows 98 SE Laptop PC Hangs During Docking/Undocking NTKERN.VXD 4.10.2224 + VMM.VXD 4.10.2226 Fix","commercial","","98 SE","http://support.toshiba-tro.de/tools/quick-fixes/q288430/win-98se/qfe-winse-q288430-en.zip","000","dead: no answer","http://support.toshiba-tro.de/tools/quick-fixes/q288430/win-98se/qfe-winse-q288430-en.zip","","","False","mdgx-web"
"microsoftwindows98selaptoppcspcivxd","Microsoft Windows 98 SE Laptop PCs PCI.VXD 4.10.2228 Fix","commercial","","98 SE","http://support.toshiba-tro.de/tools/quick-fixes/q280448/win-98se/qfe-winse-q280448-en.zip","000","dead: no answer","http://support.toshiba-tro.de/tools/quick-fixes/q280448/win-98se/qfe-winse-q280448-en.zip","","","False","mdgx-web"
"microsoftwindows98semsvideowithusbdigitalcameraerrorvfwwdm32dllfix","Microsoft Windows 98 SE MS Video With USB Digital Camera Error VFWWDM32.DLL Fix","commercial","","98 SE","http://support.toshiba-tro.de/tools/quick-fixes/q278033/win-98se/qfe-winse-q278033-en.zip","000","dead: no answer","http://support.toshiba-tro.de/tools/quick-fixes/q278033/win-98se/qfe-winse-q278033-en.zip","","","False","mdgx-web"
"microsoftwindows98sepnpprintererrorsvcommvxd","Microsoft Windows 98 SE PnP Printer Errors VCOMM.VXD 4.10.2225 Fix","commercial","","98 SE","http://support.toshiba-tro.de/tools/quick-fixes/q288550/win-98se/qfe-winse-q288550-en.zip","000","dead: no answer","http://support.toshiba-tro.de/tools/quick-fixes/q288550/win-98se/qfe-winse-q288550-en.zip","","","False","mdgx-web"
"microsoftwindows98seportclsdevicesportclssys","Microsoft Windows 98 SE PortCls Devices PORTCLS.SYS 4.10.2224 Fix","commercial","","98 SE","http://ftp.isu.edu.tw/pub/CPatch/msupdate/win98se-nsrc/backup/321467usa8.exe","000","dead: no answer","http://ftp.isu.edu.tw/pub/CPatch/msupdate/win98se-nsrc/backup/321467usa8.exe","","","False","mdgx-web"
"microsoftwindows98seusbdriverhidclasssys","Microsoft Windows 98 SE USB Driver HIDCLASS.SYS 4.10.2223 Fix","commercial","","98 SE","http://ftp.isu.edu.tw/pub/CPatch/msupdate/win98se-nsrc/backup/249635usa8.exe","000","dead: no answer","http://ftp.isu.edu.tw/pub/CPatch/msupdate/win98se-nsrc/backup/249635usa8.exe","","","False","mdgx-web"
"microsoftwindows98seusbkeyboardskbdhidvxdfix","Microsoft Windows 98 SE USB Keyboards KBDHID.VXD Fix","commercial","","98 SE","http://support.toshiba-tro.de/tools/quick-fixes/q245065/win-98se/qfe-winse-q245065-en.zip","000","dead: no answer","http://support.toshiba-tro.de/tools/quick-fixes/q245065/win-98se/qfe-winse-q245065-en.zip","","","False","mdgx-web"
"microsoftwindows98seusbstoperrorusbhubsys","Microsoft Windows 98 SE USB Stop Error USBHUB.SYS 4.10.2227 Fix","commercial","","98 SE","http://ftp.isu.edu.tw/pub/CPatch/msupdate/win98se-nsrc/backup/306453usa8.exe","000","dead: no answer","http://ftp.isu.edu.tw/pub/CPatch/msupdate/win98se-nsrc/backup/306453usa8.exe","","","False","mdgx-web"
"microsoftwindows98sevirtualmemorytabnegativehdfreesizeerrorsysdmcpl","Microsoft Windows 98 SE Virtual Memory Tab Negative HD Free Size Error SYSDM.CPL 4.10.2224 Fix","commercial","","98 SE","http://ftp.isu.edu.tw/pub/CPatch/msupdate/win98se-nsrc/backup/272621usa8.exe","000","dead: no answer","http://ftp.isu.edu.tw/pub/CPatch/msupdate/win98se-nsrc/backup/272621usa8.exe","","","False","mdgx-web"
"microsoftwindows98sewindowsexplorerhangswithdhcpcardvdhcp386fix","Microsoft Windows 98 SE Windows Explorer Hangs With DHCP Card VDHCP.386 Fix","commercial","","98 SE","http://support.toshiba-tro.de/tools/quick-fixes/q293197/win-98se/qfe-winse-q293197-en.zip","000","dead: no answer","http://support.toshiba-tro.de/tools/quick-fixes/q293197/win-98se/qfe-winse-q293197-en.zip","","","False","mdgx-web"
"microsoftwindows98sewrongbuttonacpisys","Microsoft Windows 98 SE Wrong Button ACPI.SYS 4.10.2230 Fix","commercial","","98 SE","http://ftp.isu.edu.tw/pub/CPatch/msupdate/win98se-nsrc/backup/275873usa8.exe","000","dead: no answer","http://ftp.isu.edu.tw/pub/CPatch/msupdate/win98se-nsrc/backup/275873usa8.exe","","","False","mdgx-web"
"microsoftwindows9898sp198se8levelsdeepfoldercddvdcopyerrorcdfsvxd","Microsoft Windows 98/98 SP1/98 SE 8 Levels Deep Folder CD/DVD Copy Error CDFS.VXD 4.10.1999 Fix","commercial","","98/98 SP1/98 SE","http://ftp.isu.edu.tw/pub/CPatch/msupdate/win98se-nsrc/backup/274175usa8.exe","000","dead: no answer","http://ftp.isu.edu.tw/pub/CPatch/msupdate/win98se-nsrc/backup/274175usa8.exe","","","False","mdgx-web"
"microsoftwindows9898sp198seicmdisplaycolormatchinggdi32dll+gdiexefix","Microsoft Windows 98/98 SP1/98 SE ICM Display Color Matching GDI32.DLL + GDI.EXE (4.10.2002 for Win98/98 SP1 + 4.10.2225 for Win98 SE) Fix","commercial","","98/98 SP1/98 SE","http://ftp.isu.edu.tw/pub/CPatch/msupdate/win98se-nsrc/backup/289635usa8.exe","000","dead: no answer","http://ftp.isu.edu.tw/pub/CPatch/msupdate/win98se-nsrc/backup/289635usa8.exe","","","False","mdgx-web"
"microsoftwindows9898sp198seieee1394audiovideodevicehangohci1394sys","Microsoft Windows 98/98 SP1/98 SE IEEE 1394 (FireWire) Audio/Video Device Hang OHCI1394.SYS 4.10.2228 Fix","commercial","","98/98 SP1/98 SE","http://ftp.isu.edu.tw/pub/CPatch/msupdate/win98se-nsrc/backup/284837usa8.exe","000","dead: no answer","http://ftp.isu.edu.tw/pub/CPatch/msupdate/win98se-nsrc/backup/284837usa8.exe","","","False","mdgx-web"
"microsoftwindows9898sp198seinfraredfaxmodeminstallerrorirenumvxd","Microsoft Windows 98/98 SP1/98 SE Infrared Fax Modem Install Error IRENUM.VXD 4.10.2224 Fix","commercial","","98/98 SP1/98 SE","http://ftp.isu.edu.tw/pub/CPatch/msupdate/win98se-nsrc/backup/309081usa8.exe","000","dead: no answer","http://ftp.isu.edu.tw/pub/CPatch/msupdate/win98se-nsrc/backup/309081usa8.exe","","","False","mdgx-web"
"microsoftwindows9898sp198selongnamesgrouppolicyerrorgrouppoldllfix","Microsoft Windows 98/98 SP1/98 SE Long Names Group Policy Error GROUPPOL.DLL Fix","commercial","","98/98 SP1/98 SE","http://ftp.isu.edu.tw/pub/CPatch/msupdate/win98se-nsrc/backup/307004usa8.exe","000","dead: no answer","http://ftp.isu.edu.tw/pub/CPatch/msupdate/win98se-nsrc/backup/307004usa8.exe","","","False","mdgx-web"
"microsoftwindows9898sp198sememoryleakatmunisys","Microsoft Windows 98/98 SP1/98 SE Memory Leak ATMUNI.SYS 5.0.1931.1 Fix","commercial","","98/98 SP1/98 SE","http://ftp.isu.edu.tw/pub/CPatch/msupdate/win98se-nsrc/backup/278368usa8.exe","000","dead: no answer","http://ftp.isu.edu.tw/pub/CPatch/msupdate/win98se-nsrc/backup/278368usa8.exe","","","False","mdgx-web"
"microsoftwindows9898sp198sencpfileerrornwredirvxd","Microsoft Windows 98/98 SP1/98 SE NCP File Error NWREDIR.VXD 4.10.2225 Fix","commercial","","98/98 SP1/98 SE","http://ftp.isu.edu.tw/pub/CPatch/msupdate/win98se-nsrc/backup/242193usa8.exe","000","dead: no answer","http://ftp.isu.edu.tw/pub/CPatch/msupdate/win98se-nsrc/backup/242193usa8.exe","","","False","mdgx-web"
"microsoftwindows9898sp198senetbiosspoofingvnbt386securityvulnerabilityfix","Microsoft Windows 98/98 SP1/98 SE NetBIOS Spoofing VNBT.386 (4.10.1721 for Win98/98 SP1 + 4.10.2149 for Win98 SE) Security Vulnerability Fix","commercial","","98/98 SP1/98 SE","http://ftp.isu.edu.tw/pub/CPatch/msupdate/win98se-nsrc/backup/264650usa8.exe","000","dead: no answer","http://ftp.isu.edu.tw/pub/CPatch/msupdate/win98se-nsrc/backup/264650usa8.exe","","","False","mdgx-web"
"microsoftwindows9898sp198sepasswordmprservdllfix","Microsoft Windows 98/98 SP1/98 SE Password MPRSERV.DLL Fix","commercial","","98/98 SP1/98 SE","http://ftp.isu.edu.tw/pub/CPatch/msupdate/win98se-nsrc/backup/241052usa8.exe","000","dead: no answer","http://ftp.isu.edu.tw/pub/CPatch/msupdate/win98se-nsrc/backup/241052usa8.exe","","","False","mdgx-web"
"microsoftwindows9898sp198seresourcekittaskpadsscriptingsecurityvulnerabilityfix","Microsoft Windows 98/98 SP1/98 SE Resource Kit (RK) Taskpads Scripting Security Vulnerability Fix","commercial","","98/98 SP1/98 SE","ftp://ftp.microsoft.com/reskit/win98/taskpads/tmcpatch.exe","000","dead: no answer","ftp://ftp.microsoft.com/reskit/win98/taskpads/tmcpatch.exe","","","False","mdgx-web"
"microsoftwindows9898sp198sesystemdateerrortimedatecplfix","Microsoft Windows 98/98 SP1/98 SE System Date Error TIMEDATE.CPL (4.10.2006 for Win98/98 SP1 + 4.10.2225 for Win98 SE) Fix","commercial","","98/98 SP1/98 SE","http://ftp.isu.edu.tw/pub/CPatch/msupdate/win98se-nsrc/backup/237493usa8.exe","000","dead: no answer","http://ftp.isu.edu.tw/pub/CPatch/msupdate/win98se-nsrc/backup/237493usa8.exe","","","False","mdgx-web"
"microsoftwindows9898sp198seusbdrivertrap14errorusbdsys","Microsoft Windows 98/98 SP1/98 SE USB Driver Trap 14 Error USBD.SYS 4.10.2226 Fix","commercial","","98/98 SP1/98 SE","http://ftp.isu.edu.tw/pub/CPatch/msupdate/win98se-nsrc/backup/281533usa8.exe","000","dead: no answer","http://ftp.isu.edu.tw/pub/CPatch/msupdate/win98se-nsrc/backup/281533usa8.exe","","","False","mdgx-web"
"microsoftwindows9898sp198sewindows2000domainuserslisterrormsab32dllfix","Microsoft Windows 98/98 SP1/98 SE Windows 2000 Domain Users List Error MSAB32.DLL (4.10.1999 for Win98/98 SP1 + 4.10.2223 for Win98 SE) Fix","commercial","","98/98 SP1/98 SE","http://ftp.isu.edu.tw/pub/CPatch/msupdate/win98se-nsrc/backup/283032usa8.exe","000","dead: no answer","http://ftp.isu.edu.tw/pub/CPatch/msupdate/win98se-nsrc/backup/283032usa8.exe","","","False","mdgx-web"
"microsoftword97viewer","Microsoft Word 97 Viewer","commercial","msfn-98se=97-2003","98SE","http://downloads.pcworld.com/pub/new/business/add_ins_and_patches/wd97vwr32.exe","000","dead: no answer","http://downloads.pcworld.com/pub/new/business/add_ins_and_patches/wd97vwr32.exe","","","False","msfn-98se"
"mobtimecellphonemanager","MobTime Cell Phone Manager","commercial","msfn-98se=v. 6.0.9","98SE","http://www.mobtime.com/en/cpm/cpm_en_v6.0.9.exe","000","dead: no answer","http://www.mobtime.com/en/cpm/cpm_en_v6.0.9.exe","","","False","msfn-98se"
"nokiapcsuite","Nokia PC Suite","commercial","msfn-98se=5.8","98SE","http://nds2.nokia.com%2Ffiles%2Fsupport%2F...Suite_58_en.exe","000","dead: no answer","http://nds2.nokia.com%2Ffiles%2Fsupport%2F...Suite_58_en.exe","","","False","msfn-98se"
"nortonpasswordmanager","Norton Password Manager","commercial","msfn-98se=2004","98SE","ftp://ftp.symantec.com/public/english_us_canada/products/norton_password/updates/NPM.exe","000","dead: no answer","ftp://ftp.symantec.com/public/english_us_canada/products/norton_password/updates/NPM.exe","","","False","msfn-98se"
"packedbitstreamremover","Packed Bitstream Remover","freeware-unclear","msfn-98se=1.1","98SE","http://www.burrrn.net/?page_id=6","000","dead: no answer","http://www.burrrn.net/?page_id=6","","","False","msfn-98se"
"phantasystaronlineblueburst","PHANTASY STAR ONLINE Blue Burst","commercial","","98SE","http://psobb.com/index.php","000","dead: no answer","http://psobb.com/index.php","","","False","msfn-98se"
"pieceofcake","PieceofCake","freeware-unclear","msfn-98se=2009","98SE","http://www.pieceofcake.ws","000","dead: no answer","http://www.pieceofcake.ws/","","","False","msfn-98se"
"realitysynthesiser","Reality Synthesiser","commercial","msfn-98se=1997","98SE","http://www.notemuseum.com","000","dead: no answer","http://www.notemuseum.com/","","","False","msfn-98se"
"realteknetworkdrivers","Realtek Network Drivers","freeware-unclear","msfn-98se=6.73","98SE","http://www.realtek.com.tw/downloads/downloadsView.aspx?Langid=1&PNid=6&PFid=6&Level=5&Conn=4&DownTypeID=3&GetDown=false","000","dead: no answer","http://www.realtek.com.tw/downloads/downloadsView.aspx?Langid=1&PNid=6&PFid=6&Level=5&Conn=4&DownTypeID=3&GetDown=false","","","False","msfn-98se"
"registryexplorerstandard","Registry Explorer Standard","freeware-unclear","mdgx-toy=1.4.4","9x/NT4/2000/ME/XP/2003","http://www.regxplor.com/regxplor_full.exe","000","dead: no answer","http://www.regxplor.com/regxplor_full.exe","","","False","mdgx-toy"
"scramdisk","Scramdisk","commercial","msfn-98se=3.01r3c","98SE","http://www.samsimpson.com/cryptography/scramdisk","000","dead: no answer","http://www.samsimpson.com/cryptography/scramdisk","","","False","msfn-98se"
"scriptsentry","Script Sentry","freeware-unclear","msfn-98se=2.7.1","98SE","http://www.jasons-toolbox.com/programs.asp?Program=Script%20Sentry","000","dead: no answer","http://www.jasons-toolbox.com/programs.asp?Program=Script%20Sentry","","","False","msfn-98se"
"siliconimagesii0680xidepataidedriver","Silicon Image SiI0680x IDE/PATA IDE Driver","freeware-unclear","msfn-98se=1.0.0.12","98SE","http://www.siliconimage.com%2Fdocs%2FSiI06...Windows_IDE.zip","000","dead: no answer","http://www.siliconimage.com%2Fdocs%2FSiI06...Windows_IDE.zip","","","False","msfn-98se"
"siliconimagesii0680xidepataraiddriver","Silicon Image SiI0680x IDE/PATA RAID Driver","freeware-unclear","msfn-98se=1.0.1.7","98SE","http://www.siliconimage.com%2Fdocs%2FSiI0680a_rdrv1017.zip","000","dead: no answer","http://www.siliconimage.com%2Fdocs%2FSiI0680a_rdrv1017.zip","","","False","msfn-98se"
"siliconimagesii3114sata150idedriver","Silicon Image SiI3114 SATA150 IDE Driver","freeware-unclear","msfn-98se=1.2.0.5","98SE","http://www.siliconimage.com%2Fdocs%2F3114_...e_logo_1205.zip","000","dead: no answer","http://www.siliconimage.com%2Fdocs%2F3114_...e_logo_1205.zip","","","False","msfn-98se"
"siliconimagesii3114sata150sataraiddriver","Silicon Image SiI3114 SATA150 SATARAID Driver","freeware-unclear","msfn-98se=1.0.0.8","98SE","http://www.siliconimage.com%2Fdocs%2F3114_..._raid_1008b.zip","000","dead: no answer","http://www.siliconimage.com%2Fdocs%2F3114_..._raid_1008b.zip","","","False","msfn-98se"
"siliconimagesii3x12sata150idedriver","Silicon Image SiI3x12 SATA150 IDE Driver","freeware-unclear","msfn-98se=1.2.0.57","98SE","http://www.siliconimage.com%2Fdocs%2F3112A..._idvr-12057.zip","000","dead: no answer","http://www.siliconimage.com%2Fdocs%2F3112A..._idvr-12057.zip","","","False","msfn-98se"
"siliconimagesii3x12sata150sataraiddriver","Silicon Image SiI3x12 SATA150 SATARAID Driver","freeware-unclear","msfn-98se=1.00.51","98SE","http://www.siliconimage.com%2Fdocs%2FSiI3x...%2520Driver.zip","000","dead: no answer","http://www.siliconimage.com%2Fdocs%2FSiI3x...%2520Driver.zip","","","False","msfn-98se"
"sissis300sis305videodriver","SiS SiS300, SiS305 Video Driver","freeware-unclear","msfn-98se=1.15","98SE","http://driver.sis.com/graphic/gpu/300/300_115_win9x.zip","000","dead: no answer","http://driver.sis.com/graphic/gpu/300/300_115_win9x.zip","","","False","msfn-98se"
"sissis315esis315videodriver","SiS SiS315E, SiS315 Video Driver","freeware-unclear","msfn-98se=3.51a","98SE","http://driver.sis.com/graphic/gpu/315/315_351a.zip","000","dead: no answer","http://driver.sis.com/graphic/gpu/315/315_351a.zip","","","False","msfn-98se"
"sissis540sis630xsis730xvideodriver","SiS SiS540, SiS630x, SiS730x Video Driver","freeware-unclear","msfn-98se=2.08a","98SE","http://driver.sis.com/graphic/igp/730630/630_208a_win9x.zip","000","dead: no answer","http://driver.sis.com/graphic/igp/730630/630_208a_win9x.zip","","","False","msfn-98se"
"sissis6326sis6326agpsis6326dvdvideodriver","SiS SiS6326, SiS6326AGP, SiS6326DVD Video Driver","freeware-unclear","msfn-98se=1.32","98SE","http://driver.sis.com/graphic/gpu/6326/6326_132_win98me.zip","000","dead: no answer","http://driver.sis.com/graphic/gpu/6326/6326_132_win98me.zip","","","False","msfn-98se"
"sissis65xsis740univga3videodriver","SiS SiS65x, SiS740 UniVGA3 Video Driver","freeware-unclear","msfn-98se=3.73","98SE","http://driver.sis.com/graphic/igp/uniVGA3/uvga3_373.zip","000","dead: no answer","http://driver.sis.com/graphic/igp/uniVGA3/uvga3_373.zip","","","False","msfn-98se"
"sissis66xsis67xsis74xsis76xunivga3videodriver","SiS SiS66x, SiS67x, SiS74x, SiS76x UniVGA3 Video Driver","freeware-unclear","msfn-98se=3.83","98SE","http://driver.sis.com/graphic/igp/uniVGA3/uvga3_383.zip","000","dead: no answer","http://driver.sis.com/graphic/igp/uniVGA3/uvga3_383.zip","","","False","msfn-98se"
"sissis96xraiddriver","SiS SiS96x RAID Driver","freeware-unclear","msfn-98se=4.11a","98SE","http://driver.sis.com/raid/raid411a.zip","000","dead: no answer","http://driver.sis.com/raid/raid411a.zip","","","False","msfn-98se"
"sisxabre80xabre200xabre400xabre600videodriver","SiS Xabre80, Xabre200, Xabre400, Xabre600 Video Driver","freeware-unclear","msfn-98se=3.57.53","98SE","http://driver.sis.com/graphic/gpu/xabre/xabre35753.zip","000","dead: no answer","http://driver.sis.com/graphic/gpu/xabre/xabre35753.zip","","","False","msfn-98se"
"sisoftwaresandrastandardansi","SiSoftware Sandra Standard ANSI","commercial","msfn-98se=2004.SP2b","98SE","http://download.bomul.com/pds_download_cp.html?downparam=MTIzMDg6MTpQOnpkbmV0","000","dead: no answer","http://download.bomul.com/pds_download_cp.html?downparam=MTIzMDg6MTpQOnpkbmV0","","","False","msfn-98se"
"sophosantivirussbe","Sophos Anti-Virus SBE","commercial","msfn-98se=2.5","98SE","http://www.sophos.com/products/small-business/sophos-anti-virus","000","dead: no answer","http://www.sophos.com/products/small-business/sophos-anti-virus","","","False","msfn-98se"
"sophoscomputersecuritysbe","Sophos Computer Security SBE","commercial","msfn-98se=2.5","98SE","http://www.sophos.com/products/small-business/sophos-computer-security","000","dead: no answer","http://www.sophos.com/products/small-business/sophos-computer-security","","","False","msfn-98se"
"sophossecuritysuitesbe","Sophos Security Suite SBE","commercial","msfn-98se=2.5","98SE","http://www.sophos.com/products/small-business/sophos-security-suite","000","dead: no answer","http://www.sophos.com/products/small-business/sophos-security-suite","","","False","msfn-98se"
"symanteceventlibrary","Symantec Event Library","commercial","msfn-98se=11.6.8.1","98SE","ftp://ftp.symantec.com/public/english_us_canada/symevnt11/sevinst.exe","000","dead: no answer","ftp://ftp.symantec.com/public/english_us_canada/symevnt11/sevinst.exe","","","False","msfn-98se"
"symantecliveupdate","Symantec LiveUpdate","commercial","msfn-98se=3.0.0.177","98SE","ftp://ftp.symantec.com/public/english_us_canada/liveupdate/3.0/lusetup.exe","000","dead: no answer","ftp://ftp.symantec.com/public/english_us_canada/liveupdate/3.0/lusetup.exe","","","False","msfn-98se"
"symantecsecuritycheck","Symantec Security Check","commercial","","98SE","http://security.symantec.com/sscv6/WelcomePage.asp","000","dead: no answer","http://security.symantec.com/sscv6/WelcomePage.asp","","","False","msfn-98se"
"testrunbybb","TestRun by BB","commercial","","98SE","http://rapidshare.com/files/72091836/Test-Run_v_2.1.2.zip.html","000","dead: no answer","http://rapidshare.com/files/72091836/Test-Run_v_2.1.2.zip.html","","","False","msfn-98se"
"tinywatcher","Tiny Watcher","freeware-unclear","msfn-98se=1.5","98SE","http://kubicle.dcmembers.com/watcher","000","dead: no answer","http://kubicle.dcmembers.com/watcher","","","False","msfn-98se"
"tweaknowregcleaner","TweakNow RegCleaner","freeware-unclear","mdgx-toy=2.0.9","98/2000/ME/XP/2003","http://tweaknow.fileburst.com/New/RegCleaner.exe","000","dead: no answer","http://tweaknow.fileburst.com/New/RegCleaner.exe","","","False","mdgx-toy"
"ugssolidedge","UGS Solid Edge","commercial","msfn-98se=10.8","98SE","http://www.solid-edge.com","000","dead: no answer","http://www.solid-edge.com/","","","False","msfn-98se"
"viaenvy24audiodriver","VIA Envy24 Audio Driver","freeware-unclear","msfn-98se=5.20b","98SE","http://www.viaarena.com/default.aspx?PageID=420&OSID=6&CatID=1440","000","dead: no answer","http://www.viaarena.com/default.aspx?PageID=420&OSID=6&CatID=1440","","","False","msfn-98se"
"viahyperionpro","VIA Hyperion Pro (without 9x VIAStor IDE driver)","freeware-unclear","msfn-98se=5.20A; msfn-98se=5.11A; msfn-98se=5.13A","98SE","http://drivers.viaarena.com/via_hyperionpro_v511a(20070131140503).zip","000","dead: no answer","http://drivers.viaarena.com/via_hyperionpro_v511a(20070131140503).zip","","","False","msfn-98se"
"viavinylaudiodriver","VIA Vinyl Audio Driver","freeware-unclear","msfn-98se=7.00b","98SE","http://www.viaarena.com/default.aspx?PageID=420&OSID=6&CatID=1440","000","dead: no answer","http://www.viaarena.com/default.aspx?PageID=420&OSID=6&CatID=1440","","","False","msfn-98se"
"visualbcdeditorbootconfigurationdata+bcdeditexeinterfacetweakingtool","Visual BCD Editor (VBCDE) Boot Configuration Data (BCD) + BCDEdit.exe interface (GUI) tweaking tool","freeware-unclear","mdgx-toy=0.9.3.1","Vista/2008/7/8/8.1/2012","http://www.boyans.net/VisualBcd/VisualBcd_0.9.3.1.msi","000","dead: no answer","http://www.boyans.net/VisualBcd/VisualBcd_0.9.3.1.msi","","","False","mdgx-toy"
"windowssystemoptimizerfreeedition","Windows System Optimizer Free Edition","freeware-unclear","mdgx-toy=2.0","9x/NT4/2000/ME/XP/2003","http://free.windowssystemoptimizer.com/freewindowssystemoptimizer.exe","000","dead: no answer","http://free.windowssystemoptimizer.com/freewindowssystemoptimizer.exe","","","False","mdgx-toy"
"xnview+nconvert","XnView + NConvert v6.05 command line tool + Add-ons/Plug-ins + ShellEx + Media Detector","freeware-unclear","mdgx-toy=1.98.7","3.1x","ftp://ftp.microsoft.com/softlib/mslfiles/PW1118.EXE","000","dead: no answer","ftp://ftp.microsoft.com/softlib/mslfiles/PW1118.EXE","","","False","mdgx-toy"
"xxcopy","XXCOPY","freeware-unclear","msfn-98se=2.97.1","98SE","http://www.xxcopy.com","000","dead: no answer","http://www.xxcopy.com/","","","False","msfn-98se"
"xxcopyfreeware","XXCOPY FREEWARE","freeware-unclear","msfn-98se=v.2.96.5","98SE","http://www.xxcopy.com/download/xxfw2965.zip","000","dead: no answer","http://www.xxcopy.com/download/xxfw2965.zip","","","False","msfn-98se"
"activestateactiveperl","ActiveState ActivePerl","commercial","msfn-98se=5.8.8.822","98SE","http://www.activestate.com/Products/activeperl","404","dead: not found","https://www.activestate.com/Products/activeperl","text/html; charset=utf-8","167","True","msfn-98se"
"adobeflashplayer","Adobe Flash Player","commercial","msfn-98se=9.0.283.0; msfn-98se=9.0.283.0; msfn-kernelex=11.1.102.62; msfn-kernelex=11.1.01.129; osr-kernelex=11.2","98SE; Windows 98SE; Windows 98/ME","http://download.macromedia.com/pub/flashplayer/installers/current/9/install_flash_player_9_ax.exe","404","dead: not found","http://fpdownload.macromedia.com/pub/flashplayer/installers/current/9/install_flash_player_9_ax.exe","text/html; charset=iso-8859-1","0","False","msfn-98se msfn-kernelex osr-kernelex"
"aida32","AIDA32","commercial","msfn-98se=3.94.2","98SE","http://www.oldversion.com/AIDA32.html","404","dead: not found","https://www.oldversion.com/AIDA32.html","text/html; charset=utf-8","114982","True","msfn-98se"
"amdathlon64coolnquiet","AMD Athlon 64 Cool'n'Quiet","freeware-unclear","msfn-98se=1.0.8.1","98SE","http://www.amd.com/us-en/Processors/TechnicalResources/0,,30_182_871_9706,00.html","404","dead: not found","https://www.amd.com/es/site-notifications/404.html?ref=/us-en/Processors/TechnicalResources/0,,30_182_871_9706,00.html","text/html;charset=utf-8","1","True","msfn-98se"
"applequicktimeplayer","Apple QuickTime Player","commercial","msfn-98se=6.5.2","98SE","http://www.apple.com/support/downloads/quicktime652forwindows.html","404","dead: not found","https://www.apple.com/support/downloads/quicktime652forwindows.html","text/html; charset=utf-8","0","True","msfn-98se"
"aptdiff","AptDiff","freeware-unclear","","Windows 98SE; Windows 98/ME","http://www.aptedit.com/aptdiff.htm","404","dead: not found","https://aptedit.com/aptdiff.htm","text/html; charset=UTF-8","0","True","msfn-kernelex osr-kernelex"
"artragefreeedition","ArtRage Free Edition","freeware-unclear","mdgx-toy=2.0","2000/XP/2003","http://www.ambientdesign.com/artragedown.html","404","dead: not found","https://www.artrage.com/artragedown.html","text/html; charset=UTF-8","","True","mdgx-toy"
"bsplayer","BSPlayer","commercial","msfn-98se=2.x","98SE","http://www.bsplayer.com/en/bs.player/home/","404","dead: not found","http://www.bsplayer.com/en/bs.player/home/","text/html; charset=iso-8859-1","","False","msfn-98se"
"cleanreg3","CleanReg3","shareware","mdgx-toy=3.7","9x/NT4/2000/ME/XP/2003","http://www.armstrongsystems.bizland.com/cr3.zip","404","dead: not found","http://www.armstrongsystems.bizland.com/cr3.zip","text/html","867","False","mdgx-toy"
"clrmamepro","ClrMamePro","freeware-unclear","msfn-98se=3.109a","98SE","http://www.mamechannel.it/files_support/cmp3109a.zip","404","dead: not found","https://www.mamechannel.it/files_support/cmp3109a.zip","text/html; charset=UTF-8","","True","msfn-98se"
"colorcontrol","Color Control","commercial","mdgx-toy=1.0","XP","http://download.microsoft.com/download/3/b/a/3bac80b2-24a9-4a92-b87d-977b540b2e9c/WinColorSetup.exe","404","dead: not found","https://download.microsoft.com/download/3/b/a/3bac80b2-24a9-4a92-b87d-977b540b2e9c/WinColorSetup.exe","text/html","1213","True","mdgx-toy"
"computerassociatesetrustantivirusstandard","Computer Associates eTrust AntiVirus Standard","commercial","","98 SE/2000/ME/XP/2003","http://download.microsoft.com/download/d/6/2/d6232f7b-6d1b-46a7-a136-447560eca729/SetupAV-Standard.exe","404","dead: not found","https://download.microsoft.com/download/d/6/2/d6232f7b-6d1b-46a7-a136-447560eca729/SetupAV-Standard.exe","text/html","1213","True","mdgx-toy"
"corecodeccoreplayer","CoreCodec CorePlayer","commercial","msfn-kernelex=1.3.6 build 7427","Windows 98SE","http://corecodec.com/products/coreplayer","404","dead: not found","https://corecodec.com/products/coreplayer","text/html; charset=iso-8859-1","","True","msfn-kernelex"
"corelpaintshopprox","Corel Paint Shop Pro X","commercial","","Windows 98SE; Windows 98/ME","http://www.winmatrix.com/forums/index.php?/topic/23630-get-free-corel-paint-shop-pro-x-license-legally/","404","dead: not found","https://www.winmatrix.com/forums/index.php?/topic/23630-get-free-corel-paint-shop-pro-x-license-legally/","text/html","159","True","msfn-kernelex osr-kernelex"
"creativesoundblaster1632awedriver","Creative Sound Blaster 16/32/AWE driver","freeware-unclear","msfn-98se=Revision 16","98SE","http://us.creative.com/support/downloads/download.asp?MainCategory=1&nRegionFK=&nCountryFK=&nLanguageFK=&sOSName=Windows+98SE%AEion=1&Product_Name=Sound+Blaster+AWE64&Product_ID=1849&modelnumber=&driverlang=1033&OS=3&drivertype=0&x=24&y=11","404","dead: not found","https://us.creative.com:443/support/downloads/download.asp?MainCategory=1&nRegionFK=&nCountryFK=&nLanguageFK=&sOSName=Windows+98SE%AEion=1&Product_Name=Sound+Blaster+AWE64&Product_ID=1849&modelnumber=&driverlang=1033&OS=3&drivertype=0&x=24&y=11","text/html; charset=utf-8","36283","True","msfn-98se"
"creativesoundblasteraudigyseriesaudiodriver","Creative Sound Blaster Audigy Series Audio Driver","freeware-unclear","","98SE","http://us.creative.com/support/downloads/download.asp?MainCategory=1&nRegionFK=&nCountryFK=&nLanguageFK=&sOSName=Windows+98SE%AEion=1&Product_Name=Audigy&Product_ID=4847&modelnumber=&driverlang=1033&OS=3&drivertype=0&x=16&y=13","404","dead: not found","https://us.creative.com:443/support/downloads/download.asp?MainCategory=1&nRegionFK=&nCountryFK=&nLanguageFK=&sOSName=Windows+98SE%AEion=1&Product_Name=Audigy&Product_ID=4847&modelnumber=&driverlang=1033&OS=3&drivertype=0&x=16&y=13","text/html; charset=utf-8","36283","True","msfn-98se"
"creativesoundblasterensoniqaudiopci","Creative Sound Blaster Ensoniq AudioPCI","freeware-unclear","msfn-98se=v5.12.01","98SE","http://us.creative.com/support/downloads/download.asp?MainCategory=1&nRegionFK=&nCountryFK=&nLanguageFK=&sOSName=Windows+98SE%AEion=1&Product_Name=Sound+Blaster+PCI+128&Product_ID=1864&modelnumber=&driverlang=1033&OS=3&drivertype=0&x=21&y=10","404","dead: not found","https://us.creative.com:443/support/downloads/download.asp?MainCategory=1&nRegionFK=&nCountryFK=&nLanguageFK=&sOSName=Windows+98SE%AEion=1&Product_Name=Sound+Blaster+PCI+128&Product_ID=1864&modelnumber=&driverlang=1033&OS=3&drivertype=0&x=21&y=10","text/html; charset=utf-8","36283","True","msfn-98se"
"creativesoundblasterlive","Creative Sound Blaster Live! 5.1 Series driver","freeware-unclear","","98SE","http://us.creative.com/support/downloads/download.asp?MainCategory=1&nRegionFK=&nCountryFK=&nLanguageFK=&sOSName=Windows+98SE%AEion=1&Product_Name=Live%21+5.1&Product_ID=50&modelnumber=&driverlang=1033&OS=3&drivertype=0&x=18&y=14","404","dead: not found","https://us.creative.com:443/support/downloads/download.asp?MainCategory=1&nRegionFK=&nCountryFK=&nLanguageFK=&sOSName=Windows+98SE%AEion=1&Product_Name=Live%21+5.1&Product_ID=50&modelnumber=&driverlang=1033&OS=3&drivertype=0&x=18&y=14","text/html; charset=utf-8","36283","True","msfn-98se"
"creativesoundblasterliveseriesdriver","Creative Sound Blaster Live! Series driver","freeware-unclear","","98SE","http://us.creative.com/support/downloads/download.asp?MainCategory=1&nRegionFK=&nCountryFK=&nLanguageFK=&sOSName=Windows+98SE%AEion=1&Product_Name=Live%21&Product_ID=4857&modelnumber=&driverlang=1033&OS=3&drivertype=0&x=23&y=15","404","dead: not found","https://us.creative.com:443/support/downloads/download.asp?MainCategory=1&nRegionFK=&nCountryFK=&nLanguageFK=&sOSName=Windows+98SE%AEion=1&Product_Name=Live%21&Product_ID=4857&modelnumber=&driverlang=1033&OS=3&drivertype=0&x=23&y=15","text/html; charset=utf-8","36283","True","msfn-98se"
"creativesoundblasterpci512driver","Creative Sound Blaster PCI 512 driver","freeware-unclear","msfn-98se=4.06.711","98SE","http://us.creative.com/support/downloads/download.asp?MainCategory=1&nRegionFK=&nCountryFK=&nLanguageFK=&sOSName=Windows+98SE%AEion=1&Product_Name=Sound+Blaster+PCI+512&Product_ID=37&modelnumber=&driverlang=1033&OS=3&drivertype=0&x=19&y=9","404","dead: not found","https://us.creative.com:443/support/downloads/download.asp?MainCategory=1&nRegionFK=&nCountryFK=&nLanguageFK=&sOSName=Windows+98SE%AEion=1&Product_Name=Sound+Blaster+PCI+512&Product_ID=37&modelnumber=&driverlang=1033&OS=3&drivertype=0&x=19&y=9","text/html; charset=utf-8","36283","True","msfn-98se"
"creativesoundblasterpci41digitalvibra128","Creative Sound Blaster PCI/4.1 Digital/Vibra128","freeware-unclear","msfn-98se=v5.12.01","98SE","http://us.creative.com/support/downloads/download.asp?MainCategory=1&nRegionFK=&nCountryFK=&nLanguageFK=&sOSName=Windows+98SE%AEion=1&Product_Name=Sound+Blaster+PCI+128&Product_ID=1864&modelnumber=&driverlang=1033&OS=3&drivertype=0&x=21&y=10","404","dead: not found","https://us.creative.com:443/support/downloads/download.asp?MainCategory=1&nRegionFK=&nCountryFK=&nLanguageFK=&sOSName=Windows+98SE%AEion=1&Product_Name=Sound+Blaster+PCI+128&Product_ID=1864&modelnumber=&driverlang=1033&OS=3&drivertype=0&x=21&y=10","text/html; charset=utf-8","36283","True","msfn-98se"
"desktopmediagallery","Desktop Media Gallery","commercial","","98 SE/2000/ME/XP/2003","http://download.microsoft.com/download/4/b/2/4b2eb044-5eca-4a76-980b-08c40f019dac/DesktopGallery.msi","404","dead: not found","https://download.microsoft.com/download/4/b/2/4b2eb044-5eca-4a76-980b-08c40f019dac/DesktopGallery.msi","text/html","1213","True","mdgx-toy"
"ding","DING!","commercial","msfn-98se=1.05.005","98SE","http://www.southwest.com/cgi-bin/systray?action=download","404","dead: not found","https://www.southwest.com/cgi-bin/systray?action=download","text/html","8654","True","msfn-98se"
"dvddecrypter","Dvd Decrypter","commercial","","98SE","http://www.free-codecs.com/DVD_Decrypter_download.htm","410","dead: not found","https://www.free-codecs.com/DVD_Decrypter_download.htm","text/html; charset=UTF-8","","True","msfn-98se"
"everesthomeedition","EVEREST Home Edition","commercial","msfn-98se=2.20.405","98SE","http://www.oldversion.com/Everest-Home-Edition.html","404","dead: not found","https://www.oldversion.com/Everest-Home-Edition.html","text/html; charset=utf-8","115318","True","msfn-98se"
"googledeskbar","Google DeskBar","commercial","","98 SE/2000/ME/XP/2003","http://download.microsoft.com/download/2/5/b/25beb199-b5a9-4091-b2d1-2ea6ce558a47/DeskbarSetup_94.exe","404","dead: not found","https://download.microsoft.com/download/2/5/b/25beb199-b5a9-4091-b2d1-2ea6ce558a47/DeskbarSetup_94.exe","text/html","1213","True","mdgx-toy"
"kerkythea","Kerkythea","freeware-unclear","","Windows 98SE; Windows 98/ME","http://www.kerkythea.net/joomla/","404","dead: not found","https://kerkythea.net/joomla/","text/html; charset=UTF-8","0","True","msfn-kernelex osr-kernelex"
"legacyfamilytreedeluxeedition","Legacy Family Tree Deluxe Edition","commercial","msfn-98se=6.0","98SE","http://www.legacyfamilytreestore.com/SearchResults.asp?Cat=1","404","dead: not found","https://www.legacyfamilytreestore.com/SearchResults.asp?Cat=1","text/html; charset=utf-8","3024","True","msfn-98se"
"longfilenames","Long File Names (LFNs)","shareware","mdgx-toy=4.02","3.1x/95/OSR1/OSR2","https://www.mdgx.com/files/LFN402.ZIP","404","dead: not found","https://www.mdgx.com/files/LFN402.ZIP","text/html; charset=UTF-8","","True","mdgx-toy"
"maximusdecimnativeusb","Maximus Decim Native USB","commercial","msfn-98se=3.3","98SE","https://msfn.org/board/Maximum-Decim-Native-USB-t43605.html","404","dead: not found","https://msfn.org/board/Maximum-Decim-Native-USB-t43605.html","text/html;charset=UTF-8","63635","True","msfn-98se"
"microsoftnetframework","Microsoft .NET Framework","commercial","msfn-98se=2.0","98SE","http://download.microsoft.com/download/5/6/7/567758a3-759e-473e-bf8f-52154438565a/dotnetfx.exe","404","dead: not found","https://download.microsoft.com/download/5/6/7/567758a3-759e-473e-bf8f-52154438565a/dotnetfx.exe","text/html","1213","True","msfn-98se"
"microsoftdirectx","Microsoft DirectX","commercial","msfn-98se=9.0c","98SE","http://download.microsoft.com/download/8/c/9/8c968ecc-8402-49f3-aacb-dc4c5d230a9a/directx_dec2006_redist.exe","404","dead: not found","https://download.microsoft.com/download/8/c/9/8c968ecc-8402-49f3-aacb-dc4c5d230a9a/directx_dec2006_redist.exe","text/html","1213","True","msfn-98se"
"microsoftfilechecksumintegrityverifier","Microsoft File Checksum Integrity Verifier","commercial","","98SE","https://msfn.org/board/ipb_seo.php?url=http%3A%2F%2Fwww.microsoft.com%2Fdownloads%2Fdetails.aspx%3FFamilyID%3DB3C93558-31B7-47E2-A663-7365C1686C08%26displaylang%3Den","404","dead: not found","https://msfn.org/board/ipb_seo.php?url=http%3A%2F%2Fwww.microsoft.com%2Fdownloads%2Fdetails.aspx%3FFamilyID%3DB3C93558-31B7-47E2-A663-7365C1686C08%26displaylang%3Den","text/html;charset=UTF-8","63850","True","msfn-98se"
"microsoftpartnerpack","Microsoft Partner Pack","commercial","","98 SE/2000/ME/XP/2003","http://download.microsoft.com/download/8/A/3/8A34A4A3-28B2-4E36-AC51-9C2E1607EF17/MicrosoftPartnerPackPrerequisites.exe","404","dead: not found","https://download.microsoft.com/download/8/A/3/8A34A4A3-28B2-4E36-AC51-9C2E1607EF17/MicrosoftPartnerPackPrerequisites.exe","text/html","1213","True","mdgx-toy"
"microsoftregmaid","Microsoft RegMaid","commercial","mdgx-toy=1.1","9x/NT/2000/ME/XP/2003","http://download.microsoft.com/download/vb60ent/samp5/1/WIN98/EN-US/RegMaid.exe","404","dead: not found","https://download.microsoft.com/download/vb60ent/samp5/1/WIN98/EN-US/RegMaid.exe","text/html","1213","True","mdgx-toy"
"microsoftshrdll","Microsoft ShrDll","commercial","mdgx-toy=1.0.8035.0","9x/ME","http://download.microsoft.com/download/vstudio60pro/Utility/1/WIN98/EN-US/Sharedll.exe","404","dead: not found","https://download.microsoft.com/download/vstudio60pro/Utility/1/WIN98/EN-US/Sharedll.exe","text/html","1213","True","mdgx-toy"
"microsoftusbflashdrivemanager","Microsoft USB Flash Drive Manager","commercial","","XP","http://download.microsoft.com/download/D/8/3/D8342425-FAEE-4786-A98D-A2BA5B4D7DD8/UFDSetupWizard.msi","404","dead: not found","https://download.microsoft.com/download/D/8/3/D8342425-FAEE-4786-A98D-A2BA5B4D7DD8/UFDSetupWizard.msi","text/html","1213","True","mdgx-toy"
"microsoftwindows9595aosr1smartesdi506pdr","Microsoft Windows 95/95a OSR1 S.M.A.R.T. ESDI_506.PDR 4.00.1116, SMARTVSD.VXD 4.00.1111 + VOLTRACK.VXD 4.00.954 Update","commercial","","95/95a OSR1","https://www.mdgx.com/files/Q252215.EXE","404","dead: not found","https://www.mdgx.com/files/Q252215.EXE","text/html; charset=UTF-8","","True","mdgx-web"
"microsoftwindows9595aosr195bosr","Microsoft Windows 95/95a OSR1/95B OSR 2.0/2.1 UNC Share SHELL32.DLL 4.00.955 Fix","commercial","","95/95a OSR1/95B OSR 2.0","https://www.mdgx.com/files/SHELLUPD.EXE","404","dead: not found","https://www.mdgx.com/files/SHELLUPD.EXE","text/html; charset=UTF-8","","True","mdgx-web"
"microsoftwindows95osr1backuptoolbackupexefix","Microsoft Windows 95/OSR1 Backup Tool BACKUP.EXE Fix","commercial","","95/OSR1","http://download.microsoft.com/download/7/1/B/71B10E42-7971-46D3-827B-56012E3F6E6A/W95BACKUPD2.EXE","404","dead: not found","https://download.microsoft.com/download/7/1/B/71B10E42-7971-46D3-827B-56012E3F6E6A/W95BACKUPD2.EXE","text/html","1213","True","mdgx-web"
"microsoftwindows95osr1cdromchangerdriveserroratapchngvxd","Microsoft Windows 95/OSR1 CD-ROM Changer Drives Error ATAPCHNG.VXD 4.00.951, CDVSD.VXD 4.00.952, SCSI1HLP.VXD 4.00.953, TORISAN3.VXD 4.00.952 + VOLTRACK.VXD 4.00.952 Fix","commercial","","95/OSR1","http://download.microsoft.com/download/win95upg/cdrom_a/1.0/w95/en-us/cdchnger.exe","404","dead: not found","https://download.microsoft.com/download/win95upg/cdrom_a/1.0/w95/en-us/cdchnger.exe","text/html","1213","True","mdgx-web"
"microsoftwindows95osr1datafaxvoicemodemsunimodem","Microsoft Windows 95/OSR1 Data/Fax/Voice Modems Unimodem V 4.10.431 Update","commercial","","95/OSR1","http://download.microsoft.com/download/win95upg/unimodem/1/W95/EN-US/unimodv.exe","404","dead: not found","https://download.microsoft.com/download/win95upg/unimodem/1/W95/EN-US/unimodv.exe","text/html","1213","True","mdgx-web"
"microsoftwindows95osr1floppydiskdriveserrorsesdi506pdr","Microsoft Windows 95/OSR1 Floppy Disk Drives Errors ESDI_506.PDR 4.00.1118, HSFLOP.PDR 4.00.1113, SCSIPORT.PDR 4.00.951, CDFS.VXD 4.00.952, DISKTSD.VXD 4.00.953, INT13.VXD 4.00.1112, IOS.VXD 4.00.1113 + VFBACKUP.VXD 4.00.1114 Fix","commercial","","95/OSR1","https://www.mdgx.com/files/FLOPUPD5.EXE","404","dead: not found","https://www.mdgx.com/files/FLOPUPD5.EXE","text/html; charset=UTF-8","","True","mdgx-web"
"microsoftwindows95osr1hd+cddriveiosvxd","Microsoft Windows 95/OSR1 HD + CD Drive IOS.VXD 4.00.953 Fix","commercial","","95/OSR1","http://download.microsoft.com/download/win95upg/tool_k/1.0/W95/EN-US/Iosupd.exe","404","dead: not found","https://download.microsoft.com/download/win95upg/tool_k/1.0/W95/EN-US/Iosupd.exe","text/html","1213","True","mdgx-web"
"microsoftwindows95osr1infraredcommunicationsdriver","Microsoft Windows 95/OSR1 Infrared (IRDA) Communications Driver","commercial","mdgx-web=2.0 Update","95/OSR1","http://download.microsoft.com/download/win95upg/w95util/1.0/W95/EN-US/w95ir.exe","404","dead: not found","https://download.microsoft.com/download/win95upg/w95util/1.0/W95/EN-US/w95ir.exe","text/html","1213","True","mdgx-web"
"microsoftwindows95osr1lbaandint13ideharddiskdatalossdisktsdvxd","Microsoft Windows 95/OSR1 LBA and INT13 IDE Hard Disk Data Loss DISKTSD.VXD 4.00.952 Fix","commercial","","95/OSR1","http://download.microsoft.com/download/win95upg/update/2/w95/EN-US/Dsktsupd.exe","404","dead: not found","https://download.microsoft.com/download/win95upg/update/2/w95/EN-US/Dsktsupd.exe","text/html","1213","True","mdgx-web"
"microsoftwindows95osr1openglglu32dll+opengl32dllfix","Microsoft Windows 95/OSR1 OpenGL GLU32.DLL + OPENGL32.DLL Fix","commercial","mdgx-web=1.1","95/OSR1","http://download.microsoft.com/download/win95upg/info/1/w95/en-us/opengl95.exe","404","dead: not found","https://download.microsoft.com/download/win95upg/info/1/w95/en-us/opengl95.exe","text/html","1213","True","mdgx-web"
"microsoftwindows95osr1passwordcacheencryptionmspwl32dll+netexefix","Microsoft Windows 95/OSR1 Password Cache Encryption MSPWL32.DLL + NET.EXE Fix","commercial","","95/OSR1","http://download.microsoft.com/download/win95/Update/95/w95/EN-US/mspwlupd.exe","404","dead: not found","https://download.microsoft.com/download/win95/Update/95/w95/EN-US/mspwlupd.exe","text/html","1213","True","mdgx-web"
"microsoftwindows95osr1printererrorsunidrvdll","Microsoft Windows 95/OSR1 Printer Errors UNIDRV.DLL 4.00.951 Fix","commercial","","95/OSR1","https://www.mdgx.com/files/UNIDRUPD.EXE","404","dead: not found","https://www.mdgx.com/files/UNIDRUPD.EXE","text/html; charset=UTF-8","","True","mdgx-web"
"microsoftwindows95osr1scsiminiporterrorsscsiportpdr","Microsoft Windows 95/OSR1 SCSI Miniport Errors SCSIPORT.PDR 4.00.951 Fix","commercial","","95/OSR1","https://www.mdgx.com/files/SCSIPUPD.EXE","404","dead: not found","https://www.mdgx.com/files/SCSIPUPD.EXE","text/html; charset=UTF-8","","True","mdgx-web"
"microsoftwindows95osr1socketkernel32dll","Microsoft Windows 95/OSR1 Socket KERNEL32.DLL 4.00.951 Fix","commercial","","95/OSR1","http://download.microsoft.com/download/0/9/4/094ED635-18BD-4FC5-BC29-8EDB661857B9/w95krnlupd.exe","404","dead: not found","https://download.microsoft.com/download/0/9/4/094ED635-18BD-4FC5-BC29-8EDB661857B9/w95krnlupd.exe","text/html","1213","True","mdgx-web"
"microsoftwindows95osr1spoolerspoolssdll","Microsoft Windows 95/OSR1 Spooler SPOOLSS.DLL 4.00.953 Fix","commercial","","95/OSR1","https://www.mdgx.com/files/SPOOLUPD.EXE","404","dead: not found","https://www.mdgx.com/files/SPOOLUPD.EXE","text/html; charset=UTF-8","","True","mdgx-web"
"microsoftwindows95osr1systemchecktool","Microsoft Windows 95/OSR1 System Check Tool (W95CHECK.EXE)","commercial","","95/OSR1","http://download.microsoft.com/download/win95upg/utility1/1/w95/EN-US/ww1247.exe","404","dead: not found","https://download.microsoft.com/download/win95upg/utility1/1/w95/EN-US/ww1247.exe","text/html","1213","True","mdgx-web"
"microsoftwindows95osr1osr28levelsdeepfoldercddvdcopyerrorcdfsvxdfix","Microsoft Windows 95/OSR1/OSR2 8 Levels Deep Folder CD/DVD Copy Error CDFS.VXD (4.00.952 for Win95/95a OSR1 + 4.00.1113 for Win95B/95C OSR2) Fix","commercial","","95/OSR1/OSR2","https://www.mdgx.com/files/Q274175.EXE","404","dead: not found","https://www.mdgx.com/files/Q274175.EXE","text/html; charset=UTF-8","","True","mdgx-web"
"microsoftwindows95osr1osr2cacheddomainpasswordmsnp32dll","Microsoft Windows 95/OSR1/OSR2 Cached Domain Password MSNP32.DLL 4.00.957 Security Vulnerability Fix","commercial","","95/OSR1/OSR2","https://www.mdgx.com/files/KB168115.EXE","404","dead: not found","https://www.mdgx.com/files/KB168115.EXE","text/html; charset=UTF-8","","True","mdgx-web"
"microsoftwindows95osr1osr2cannotloadwindowsntuserprofilessyncengdll","Microsoft Windows 95/OSR1/OSR2 Cannot Load Windows NT User Profiles SYNCENG.DLL 4.00.951 Fix","commercial","","95/OSR1/OSR2","https://www.mdgx.com/files/SYNCEUPD.EXE","404","dead: not found","https://www.mdgx.com/files/SYNCEUPD.EXE","text/html; charset=UTF-8","","True","mdgx-web"
"microsoftwindows95osr1osr2computerhangsafter","Microsoft Windows 95/OSR1/OSR2 Computer Hangs After 49.7 Days VTDAPI.VXD 4.00.950 Fix","commercial","","95/OSR1/OSR2","http://download.microsoft.com/download/win95upg/update5/1/w95/EN-US/vtdapi95.exe","404","dead: not found","https://download.microsoft.com/download/win95upg/update5/1/w95/EN-US/vtdapi95.exe","text/html","1213","True","mdgx-web"
"microsoftwindows95osr1osr2dosdeviceinpathnameifsmgrvxd","Microsoft Windows 95/OSR1/OSR2 DOS Device in Path Name IFSMGR.VXD 4.00.1116 Security Vulnerability Fix","commercial","","95/OSR1/OSR2","https://www.mdgx.com/files/KB256015.EXE","404","dead: not found","https://www.mdgx.com/files/KB256015.EXE","text/html; charset=UTF-8","","True","mdgx-web"
"microsoftwindows95osr1osr2duncannotdiallocalareacodetapi32dll","Microsoft Windows 95/OSR1/OSR2 DUN Cannot Dial Local Area Code TAPI32.DLL 4.10.1688 Fix","commercial","","95/OSR1/OSR2","https://www.mdgx.com/files/TAPIUPD.EXE","404","dead: not found","https://www.mdgx.com/files/TAPIUPD.EXE","text/html; charset=UTF-8","","True","mdgx-web"
"microsoftwindows95osr1osr2ecpportlptvxd","Microsoft Windows 95/OSR1/OSR2 ECP Port LPT.VXD 4.00.955 Fix","commercial","","95/OSR1/OSR2","https://www.mdgx.com/files/PRNT5UPD.EXE","404","dead: not found","https://www.mdgx.com/files/PRNT5UPD.EXE","text/html; charset=UTF-8","","True","mdgx-web"
"microsoftwindows95osr1osr2grouppolicieserroronwindowsntdomaingrouppoldllfix","Microsoft Windows 95/OSR1/OSR2 Group Policies Error On Windows NT Domain GROUPPOL.DLL Fix","commercial","","95/OSR1/OSR2","https://www.mdgx.com/files/GROUPUPD.EXE","404","dead: not found","https://www.mdgx.com/files/GROUPUPD.EXE","text/html; charset=UTF-8","","True","mdgx-web"
"microsoftwindows95osr1osr2hardwareprofileerrorsiosysfix","Microsoft Windows 95/OSR1/OSR2 Hardware Profile Errors IO.SYS Fix","commercial","","95/OSR1/OSR2","https://www.mdgx.com/files/IOSYSUPD.EXE","404","dead: not found","https://www.mdgx.com/files/IOSYSUPD.EXE","text/html; charset=UTF-8","","True","mdgx-web"
"microsoftwindows95osr1osr2idedriveresdi506pdr","Microsoft Windows 95/OSR1/OSR2 IDE Driver ESDI_506.PDR 4.00.1116 + VOLTRACK.VXD (4.00.954 for Win95/OSR1 + 4.00.1112 for Win95B/95C OSR2) Fix","commercial","","95/OSR1/OSR2","https://www.mdgx.com/files/Q273468.EXE","404","dead: not found","https://www.mdgx.com/files/Q273468.EXE","text/html; charset=UTF-8","","True","mdgx-web"
"microsoftwindows95osr1osr2infrareddatatransfer","Microsoft Windows 95/OSR1/OSR2 Infrared (IRDA) Data Transfer","commercial","mdgx-web=1.0 Update","95/OSR1/OSR2","http://download.microsoft.com/download/B/5/7/B57268BA-CD00-43A9-A0D4-1C1DA1C3E001/W95irxfer.exe","404","dead: not found","https://download.microsoft.com/download/B/5/7/B57268BA-CD00-43A9-A0D4-1C1DA1C3E001/W95irxfer.exe","text/html","1213","True","mdgx-web"
"microsoftwindows95osr1osr2iosfailedtoinitializermmpdr","Microsoft Windows 95/OSR1/OSR2 IOS Failed to Initialize RMM.PDR 4.00.1112 Fix","commercial","","95/OSR1/OSR2","https://www.mdgx.com/files/IOSFIX.EXE","404","dead: not found","https://www.mdgx.com/files/IOSFIX.EXE","text/html; charset=UTF-8","","True","mdgx-web"
"microsoftwindows95osr1osr2memorymanagementerrorswithpentiumcpusvmmvxdfix","Microsoft Windows 95/OSR1/OSR2 Memory Management Errors With Pentium CPUs VMM.VXD (4.00.1113 for Win95/95a OSR1 + 4.03.1216 for Win95B/95C OSR 2.0/2.5) Fix","commercial","","95/OSR1/OSR2","https://www.mdgx.com/files/VMM2XUPD.EXE","404","dead: not found","https://www.mdgx.com/files/VMM2XUPD.EXE","text/html; charset=UTF-8","","True","mdgx-web"
"microsoftwindows95osr1osr2ncpfileerrornwredirvxd","Microsoft Windows 95/OSR1/OSR2 NCP File Error NWREDIR.VXD 4.00.1114 Fix","commercial","","95/OSR1/OSR2","https://www.mdgx.com/files/Q242193.EXE","404","dead: not found","https://www.mdgx.com/files/Q242193.EXE","text/html; charset=UTF-8","","True","mdgx-web"
"microsoftwindows95osr1osr2ndiserrorsdlcvxd","Microsoft Windows 95/OSR1/OSR2 NDIS Errors DLC.VXD 4.10.996 Fix","commercial","","95/OSR1/OSR2","https://www.mdgx.com/files/Q239918.EXE","404","dead: not found","https://www.mdgx.com/files/Q239918.EXE","text/html; charset=UTF-8","","True","mdgx-web"
"microsoftwindows95osr1osr2netbiosipxspxwithdialupnetworkingerrorsnwnblinkvxd","Microsoft Windows 95/OSR1/OSR2 NetBIOS IPX/SPX With Dial-Up Networking (DUN) Errors NWNBLINK.VXD 4.00.952 Fix","commercial","","95/OSR1/OSR2","https://www.mdgx.com/files/NWNBLUPD.EXE","404","dead: not found","https://www.mdgx.com/files/NWNBLUPD.EXE","text/html; charset=UTF-8","","True","mdgx-web"
"microsoftwindows95osr1osr2netwareserversdelaysvcachevxdfix","Microsoft Windows 95/OSR1/OSR2 NetWare Servers Delays VCACHE.VXD (4.00.950 for Win95/95a OSR1 + 4.00.1111 for Win95B/95C OSR2) Fix","commercial","","95/OSR1/OSR2","https://www.mdgx.com/files/Q194827.EXE","404","dead: not found","https://www.mdgx.com/files/Q194827.EXE","text/html; charset=UTF-8","","True","mdgx-web"
"microsoftwindows95osr1osr2networkneighborhooderrorsvredirvxd","Microsoft Windows 95/OSR1/OSR2 Network Neighborhood Errors VREDIR.VXD 4.00.1122 Fix","commercial","","95/OSR1/OSR2","https://www.mdgx.com/files/Q238853.EXE","404","dead: not found","https://www.mdgx.com/files/Q238853.EXE","text/html; charset=UTF-8","","True","mdgx-web"
"microsoftwindows95osr1osr2nofindpolicyerrorexplorerexe","Microsoft Windows 95/OSR1/OSR2 NoFind Policy Error EXPLORER.EXE 4.00.952 Fix","commercial","","95/OSR1/OSR2","https://www.mdgx.com/files/EXPLUPD.EXE","404","dead: not found","https://www.mdgx.com/files/EXPLUPD.EXE","text/html; charset=UTF-8","","True","mdgx-web"
"microsoftwindows95osr1osr2passwordmprservdllnwnet32dllnwredirvxdpppmacvxdrasapi32dllvnetsupvxd+vredirvxdsecurityvulnerabilityfix","Microsoft Windows 95/OSR1/OSR2 Password MPRSERV.DLL, NWNET32.DLL, NWREDIR.VXD, PPPMAC.VXD, RASAPI32.DLL, VNETSUP.VXD + VREDIR.VXD Security Vulnerability Fix","commercial","","95/OSR1/OSR2","http://download.microsoft.com/download/win95upg/osr1/1/W95/EN-US/secupd.exe","404","dead: not found","https://download.microsoft.com/download/win95upg/osr1/1/W95/EN-US/secupd.exe","text/html","1213","True","mdgx-web"
"microsoftwindows95osr1osr2pnpserialdevicesprinterinstallerrorserenumvxd","Microsoft Windows 95/OSR1/OSR2 PnP Serial Devices Printer Install Error SERENUM.VXD 4.10.2222 Fix","commercial","","95/OSR1/OSR2","https://www.mdgx.com/files/Q242941.EXE","404","dead: not found","https://www.mdgx.com/files/Q242941.EXE","text/html; charset=UTF-8","","True","mdgx-web"
"microsoftwindows95osr1osr2postscriptprinterskipsblankpagespscriptdrv","Microsoft Windows 95/OSR1/OSR2 PostScript Printer Skips Blank Pages PSCRIPT.DRV 4.00.952 Fix","commercial","","95/OSR1/OSR2","https://www.mdgx.com/files/PRNTUPD.EXE","404","dead: not found","https://www.mdgx.com/files/PRNTUPD.EXE","text/html; charset=UTF-8","","True","mdgx-web"
"microsoftwindows95osr1osr2printqueueerrorsnwpp32dll","Microsoft Windows 95/OSR1/OSR2 Print Queue Errors NWPP32.DLL 4.00.956 Fix","commercial","","95/OSR1/OSR2","https://www.mdgx.com/files/KB250876.EXE","404","dead: not found","https://www.mdgx.com/files/KB250876.EXE","text/html; charset=UTF-8","","True","mdgx-web"
"microsoftwindows95osr1osr2profiles+briefcaseerrorslinkinfodll","Microsoft Windows 95/OSR1/OSR2 Profiles + Briefcase Errors LINKINFO.DLL 4.00.951 Fix","commercial","","95/OSR1/OSR2","https://www.mdgx.com/files/LINKIUPD.EXE","404","dead: not found","https://www.mdgx.com/files/LINKIUPD.EXE","text/html; charset=UTF-8","","True","mdgx-web"
"microsoftwindows95osr1osr2regionalsettingserrorskernel32dll+mprservdll","Microsoft Windows 95/OSR1/OSR2 Regional Settings Errors KERNEL32.DLL (4.00.952 for Win95/95a OSR1, 4.00.1112 for Win95B OSR 2.0 + 4.03.1216 for Win95B/95C OSR 2.1/2.5) + MPRSERV.DLL 4.00.962 Fix","commercial","","95/OSR1/OSR2","https://www.mdgx.com/files/Q175086.EXE","404","dead: not found","https://www.mdgx.com/files/Q175086.EXE","text/html; charset=UTF-8","","True","mdgx-web"
"microsoftwindows95osr1osr2screensaverpasswordvulnerabilitypasswordcpl","Microsoft Windows 95/OSR1/OSR2 Screen Saver Password Vulnerability PASSWORD.CPL 4.00.954 Fix","commercial","","95/OSR1/OSR2","https://www.mdgx.com/files/Q237956.EXE","404","dead: not found","https://www.mdgx.com/files/Q237956.EXE","text/html; charset=UTF-8","","True","mdgx-web"
"microsoftwindows95osr1osr2shutdownlockupuser32dll+userexe","Microsoft Windows 95/OSR1/OSR2 Shutdown Lockup USER32.DLL + USER.EXE 4.00.954 Fix","commercial","","95/OSR1/OSR2","https://www.mdgx.com/files/Q242934.EXE","404","dead: not found","https://www.mdgx.com/files/Q242934.EXE","text/html; charset=UTF-8","","True","mdgx-web"
"microsoftwindows95osr1osr2systemdateerrortimedatecpl","Microsoft Windows 95/OSR1/OSR2 System Date Error TIMEDATE.CPL 4.00.955 Fix","commercial","","95/OSR1/OSR2","https://www.mdgx.com/files/Q237493.EXE","404","dead: not found","https://www.mdgx.com/files/Q237493.EXE","text/html; charset=UTF-8","","True","mdgx-web"
"microsoftwindows95osr1osr2tdinetworkprotocolproblemsvtdi386","Microsoft Windows 95/OSR1/OSR2 TDI Network Protocol Problems VTDI.386 4.00.951 Fix","commercial","","95/OSR1/OSR2","https://www.mdgx.com/files/VTDIUPD.EXE","404","dead: not found","https://www.mdgx.com/files/VTDIUPD.EXE","text/html; charset=UTF-8","","True","mdgx-web"
"microsoftwindows95osr1osr2tokenringservererrorsnetexefix","Microsoft Windows 95/OSR1/OSR2 Token Ring Server Errors NET.EXE Fix","commercial","","95/OSR1/OSR2","https://www.mdgx.com/files/Q154684.EXE","404","dead: not found","https://www.mdgx.com/files/Q154684.EXE","text/html; charset=UTF-8","","True","mdgx-web"
"microsoftwindows95osr1osr2uncnameerrormprdll","Microsoft Windows 95/OSR1/OSR2 UNC Name Error MPR.DLL 4.00.951 + MPRSERV.DLL 4.00.964 Fix","commercial","","95/OSR1/OSR2","https://www.mdgx.com/files/Q259110.EXE","404","dead: not found","https://www.mdgx.com/files/Q259110.EXE","text/html; charset=UTF-8","","True","mdgx-web"
"microsoftwindows95osr1osr2windows2000domainuserslisterrormsab32dll","Microsoft Windows 95/OSR1/OSR2 Windows 2000 Domain Users List Error MSAB32.DLL 4.00.950 Fix","commercial","","95/OSR1/OSR2","https://www.mdgx.com/files/Q283032.EXE","404","dead: not found","https://www.mdgx.com/files/Q283032.EXE","text/html; charset=UTF-8","","True","mdgx-web"
"microsoftwindows95osr1osr2winsock","Microsoft Windows 95/OSR1/OSR2 Winsock 2.0 Error RNR20.DLL 4.10.1662 Fix","commercial","","95/OSR1/OSR2","https://www.mdgx.com/files/RNR20UPD.EXE","404","dead: not found","https://www.mdgx.com/files/RNR20UPD.EXE","text/html; charset=UTF-8","","True","mdgx-web"
"microsoftwindows95osr1osr2winsockerrorsmswsockdll+rnr20dll","Microsoft Windows 95/OSR1/OSR2 Winsock Errors MSWSOCK.DLL + RNR20.DLL 4.10.1657 Fix","commercial","","95/OSR1/OSR2","https://www.mdgx.com/files/MSWS2UPD.EXE","404","dead: not found","https://www.mdgx.com/files/MSWS2UPD.EXE","text/html; charset=UTF-8","","True","mdgx-web"
"microsoftwindows95osr1osr2winsockoverspxerrorswsipxvxd","Microsoft Windows 95/OSR1/OSR2 WinSock Over SPX Errors WSIPX.VXD 4.00.956 Fix","commercial","","95/OSR1/OSR2","https://www.mdgx.com/files/WSIPXUPD.EXE","404","dead: not found","https://www.mdgx.com/files/WSIPXUPD.EXE","text/html; charset=UTF-8","","True","mdgx-web"
"microsoftwindows95osr1osr2year2000updatevdhcp386commandcomtimedatecplcfgmgr32dllcomctl32dllmfc40dllmsvcrt40dllsetupapidllshell32dlldialerexewinfileexe+xcopyexefixes","Microsoft Windows 95/OSR1/OSR2 Year 2000 (Y2K) Update VDHCP.386, COMMAND.COM, TIMEDATE.CPL, CFGMGR32.DLL, COMCTL32.DLL, MFC40.DLL, MSVCRT40.DLL, SETUPAPI.DLL, SHELL32.DLL, DIALER.EXE, WINFILE.EXE + XCOPY(32).EXE Fixes","commercial","","95/OSR1/OSR2","https://www.mdgx.com/files/W95Y2K.EXE","404","dead: not found","https://www.mdgx.com/files/W95Y2K.EXE","text/html; charset=UTF-8","","True","mdgx-web"
"microsoftwindows95bosr2xzoomedvideocardmpegplaybacknoisesocketsvvxd","Microsoft Windows 95B OSR 2.x Zoomed Video Card MPEG Playback Noise SOCKETSV.VXD 4.00.1112 Fix","commercial","","95B OSR 2.x","https://www.mdgx.com/files/SOCKSVUP.EXE","404","dead: not found","https://www.mdgx.com/files/SOCKSVUP.EXE","text/html; charset=UTF-8","","True","mdgx-web"
"microsoftwindows95b95cosr2x8gbnonmsdospartitionerrorsfdiskexefix","Microsoft Windows 95B/95C OSR 2.x 8 GB Non-MS-DOS Partition Errors FDISK.EXE Fix","commercial","","95B/95C OSR 2.x","https://www.mdgx.com/files/Q245213.EXE","404","dead: not found","https://www.mdgx.com/files/Q245213.EXE","text/html; charset=UTF-8","","True","mdgx-web"
"microsoftwindows95b95cosr2xatapicdromchangerminiporterrorsatapchngvxd","Microsoft Windows 95B/95C OSR 2.x ATAPI CD-ROM Changer Miniport Errors ATAPCHNG.VXD 4.00.1112 Fix","commercial","","95B/95C OSR 2.x","https://www.mdgx.com/files/ATAPCUPD.EXE","404","dead: not found","https://www.mdgx.com/files/ATAPCUPD.EXE","text/html; charset=UTF-8","","True","mdgx-web"
"microsoftwindows95b95cosr2xcardbusadapterlockupvmmvxd","Microsoft Windows 95B/95C OSR 2.x CardBus Adapter Lockup VMM.VXD 4.03.1217 Fix","commercial","","95B/95C OSR 2.x","https://www.mdgx.com/files/Q247965.EXE","404","dead: not found","https://www.mdgx.com/files/Q247965.EXE","text/html; charset=UTF-8","","True","mdgx-web"
"microsoftwindows95b95cosr2xcddvddriveerrorscdvsdvxd","Microsoft Windows 95B/95C OSR 2.x CD/DVD Drive Errors CDVSD.VXD 4.00.1113 Fix","commercial","","95B/95C OSR 2.x","https://www.mdgx.com/files/CDVSDUPD.EXE","404","dead: not found","https://www.mdgx.com/files/CDVSDUPD.EXE","text/html; charset=UTF-8","","True","mdgx-web"
"microsoftwindows95b95cosr2xcompatibilitymodewithlargeharddiskesdi506pdr","Microsoft Windows 95B/95C OSR 2.x Compatibility Mode With Large Hard Disk ESDI_506.PDR 4.00.1119 Fix","commercial","","95B/95C OSR 2.x","https://www.mdgx.com/files/Q175629.EXE","404","dead: not found","https://www.mdgx.com/files/Q175629.EXE","text/html; charset=UTF-8","","True","mdgx-web"
"microsoftwindows95b95cosr2xdriverupdateerrorssysdmcpl","Microsoft Windows 95B/95C OSR 2.x Driver Update Errors SYSDM.CPL 4.00.1112 Fix","commercial","","95B/95C OSR 2.x","https://www.mdgx.com/files/SYSDMUPD.EXE","404","dead: not found","https://www.mdgx.com/files/SYSDMUPD.EXE","text/html; charset=UTF-8","","True","mdgx-web"
"microsoftwindows95b95cosr2xgpfipferrorsmsgsrv32exe","Microsoft Windows 95B/95C OSR 2.x GPF/IPF Errors MSGSRV32.EXE 4.00.1112 Fix","commercial","","95B/95C OSR 2.x","https://www.mdgx.com/files/MSGSRVUP.ZIP","404","dead: not found","https://www.mdgx.com/files/MSGSRVUP.ZIP","text/html; charset=UTF-8","","True","mdgx-web"
"microsoftwindows95b95cosr2xls120portablecomputerundockerrorsiosvxd","Microsoft Windows 95B/95C OSR 2.x LS-120 Portable Computer Undock Errors IOS.VXD 4.00.1114 Fix","commercial","","95B/95C OSR 2.x","https://www.mdgx.com/files/Q231942.EXE","404","dead: not found","https://www.mdgx.com/files/Q231942.EXE","text/html; charset=UTF-8","","True","mdgx-web"
"microsoftwindows95b95cosr2xoptifirestarchipsetnotrecognizedpcimppci","Microsoft Windows 95B/95C OSR 2.x OPTi FireStar Chipset Not Recognized PCIMP.PCI 4.00.1113 + MACHINE.INF Fix","commercial","","95B/95C OSR 2.x","https://www.mdgx.com/files/PCIMPUPD.EXE","404","dead: not found","https://www.mdgx.com/files/PCIMPUPD.EXE","text/html; charset=UTF-8","","True","mdgx-web"
"microsoftwindows95b95cosr2xscsidevicesunassigneddrivelettersiosvxd","Microsoft Windows 95B/95C OSR 2.x SCSI Devices Unassigned Drive Letters IOS.VXD 4.00.1115 + CONFIGMG.VXD 4.00.1114 Fix","commercial","","95B/95C OSR 2.x","https://www.mdgx.com/files/Q282901J.EXE","404","dead: not found","https://www.mdgx.com/files/Q282901J.EXE","text/html; charset=UTF-8","","True","mdgx-web"
"microsoftwindows95b95cosr2xsmsremotecontrollockupgdi32dll+gdiexe","Microsoft Windows 95B/95C OSR 2.x SMS Remote Control Lockup GDI32.DLL + GDI.EXE 4.00.955 Fix","commercial","","95B/95C OSR 2.x","https://www.mdgx.com/files/Q247578.EXE","404","dead: not found","https://www.mdgx.com/files/Q247578.EXE","text/html; charset=UTF-8","","True","mdgx-web"
"microsoftwindows95b95cosr2xstandbyresumeerrorvpowerdvxd","Microsoft Windows 95B/95C OSR 2.x Standby Resume Error VPOWERD.VXD 4.00.1112 Fix","commercial","","95B/95C OSR 2.x","https://www.mdgx.com/files/VPWRUPD.EXE","404","dead: not found","https://www.mdgx.com/files/VPWRUPD.EXE","text/html; charset=UTF-8","","True","mdgx-web"
"microsoftwindows95b95cosr298ipferrornwnp32dll","Microsoft Windows 95B/95C OSR2/98 IPF Error NWNP32.DLL 4.10.2000 Fix","commercial","","95B/95C OSR2/98","http://download.microsoft.com/download/win98/update/2/w98/en-us/nwnp32.exe","404","dead: not found","https://download.microsoft.com/download/win98/update/2/w98/en-us/nwnp32.exe","text/html","1213","True","mdgx-web"
"microsoftwindows98acpisleepbuttondisabledntkernvxd","Microsoft Windows 98 ACPI Sleep Button Disabled NTKERN.VXD 4.10.2103 Fix","commercial","","98","https://www.mdgx.com/files/Q222903.EXE","404","dead: not found","https://www.mdgx.com/files/Q222903.EXE","text/html; charset=UTF-8","","True","mdgx-web"
"microsoftwindows98acpistandbyerrorconfigmgvxd","Microsoft Windows 98 ACPI Standby Error CONFIGMG.VXD 4.10.2101, NTKERN.VXD 4.10.2102 + VPOWERD.VXD 4.10.2101 Fix","commercial","","98","https://www.mdgx.com/files/Q190715.EXE","404","dead: not found","https://www.mdgx.com/files/Q190715.EXE","text/html; charset=UTF-8","","True","mdgx-web"
"microsoftwindows98agphangsaftersuspendstandbypcimppci+pcivxd","Microsoft Windows 98 AGP Hangs After Suspend/Standby PCIMP.PCI + PCI.VXD 4.10.2017 Fix","commercial","","98","https://www.mdgx.com/files/Q195564.EXE","404","dead: not found","https://www.mdgx.com/files/Q195564.EXE","text/html; charset=UTF-8","","True","mdgx-web"
"microsoftwindows98clippedscreendvdmoviedvdplayexefix","Microsoft Windows 98 Clipped Screen DVD Movie DVDPLAY.EXE Fix","commercial","","98","https://www.mdgx.com/files/Q196527.EXE","404","dead: not found","https://www.mdgx.com/files/Q196527.EXE","text/html; charset=UTF-8","","True","mdgx-web"
"microsoftwindows98dnssettingsnotsavedfrombatchsetupmstcpdll","Microsoft Windows 98 DNS Settings Not Saved From Batch Setup MSTCP.DLL 4.10.2012 Fix","commercial","","98","https://www.mdgx.com/files/Q192117.EXE","404","dead: not found","https://www.mdgx.com/files/Q192117.EXE","text/html; charset=UTF-8","","True","mdgx-web"
"microsoftwindows98dosdeviceinpathnameifsmgrvxd","Microsoft Windows 98 DOS Device in Path Name IFSMGR.VXD 4.10.2001 Security Vulnerability Fix","commercial","","98","https://www.mdgx.com/files/Q256015.EXE","404","dead: not found","https://www.mdgx.com/files/Q256015.EXE","text/html; charset=UTF-8","","True","mdgx-web"
"microsoftwindows98gpfipfduringsetupdblbuffsysfix","Microsoft Windows 98 GPF/IPF During Setup DBLBUFF.SYS Fix","commercial","","98","https://www.mdgx.com/files/Q209321.EXE","404","dead: not found","https://www.mdgx.com/files/Q209321.EXE","text/html; charset=UTF-8","","True","mdgx-web"
"microsoftwindows98ibmthinkpadlaptopsacpistandbyerrorwithidedmaharddiskesdi506pdr","Microsoft Windows 98 IBM ThinkPad Laptops ACPI Standby Error With IDE DMA Hard Disk ESDI_506.PDR 4.10.2001 + IOS.VXD 4.10.2001 Fix","commercial","","98","https://www.mdgx.com/files/Q193473.EXE","404","dead: not found","https://www.mdgx.com/files/Q193473.EXE","text/html; charset=UTF-8","","True","mdgx-web"
"microsoftwindows98legacyparalleldeviceserrorvcommvxd","Microsoft Windows 98 Legacy Parallel Devices Error VCOMM.VXD 4.10.2018 Fix","commercial","","98","https://www.mdgx.com/files/Q242939.EXE","404","dead: not found","https://www.mdgx.com/files/Q242939.EXE","text/html; charset=UTF-8","","True","mdgx-web"
"microsoftwindows98memoryleaksvmmvxd","Microsoft Windows 98 Memory Leaks VMM.VXD 4.10.1999 Fix","commercial","","98","https://www.mdgx.com/files/Q242161.EXE","404","dead: not found","https://www.mdgx.com/files/Q242161.EXE","text/html; charset=UTF-8","","True","mdgx-web"
"microsoftwindows98pc98hardwaredeviceserrorsmartvsdvxd","Microsoft Windows 98 PC98 Hardware Devices Error SMARTVSD.VXD 4.00.1111 Fix","commercial","","98","https://www.mdgx.com/files/Q199886.EXE","404","dead: not found","https://www.mdgx.com/files/Q199886.EXE","text/html; charset=UTF-8","","True","mdgx-web"
"microsoftwindows98sameprinteraccessviolationspoolssdll","Microsoft Windows 98 Same Printer Access Violation SPOOLSS.DLL 4.10.2000 Fix","commercial","","98","https://www.mdgx.com/files/Q250514.EXE","404","dead: not found","https://www.mdgx.com/files/Q250514.EXE","text/html; charset=UTF-8","","True","mdgx-web"
"microsoftwindows98seapmbatterycomputerlockupvpowerdvxd","Microsoft Windows 98 SE APM Battery Computer Lockup VPOWERD.VXD 4.10.2225 Fix","commercial","","98 SE","https://www.mdgx.com/files/Q246817.EXE","404","dead: not found","https://www.mdgx.com/files/Q246817.EXE","text/html; charset=UTF-8","","True","mdgx-web"
"microsoftwindows98secomputerhangsapmbattsysfix","Microsoft Windows 98 SE Computer Hangs APMBATT.SYS Fix","commercial","","98 SE","https://www.mdgx.com/files/Q306889.EXE","404","dead: not found","https://www.mdgx.com/files/Q306889.EXE","text/html; charset=UTF-8","","True","mdgx-web"
"microsoftwindows98secomputerhangswithremovabledeviceindockingstationesdi506pdr","Microsoft Windows 98 SE Computer Hangs with Removable Device in Docking Station ESDI_506.PDR 4.10.2226 Fix","commercial","","98 SE","https://www.mdgx.com/files/Q252187.EXE","404","dead: not found","https://www.mdgx.com/files/Q252187.EXE","text/html; charset=UTF-8","","True","mdgx-web"
"microsoftwindows98sedvdplayerudfvxd","Microsoft Windows 98 SE DVD Player UDF.VXD 4.10.2223 Fix","commercial","","98 SE","https://www.mdgx.com/files/Q310695.EXE","404","dead: not found","https://www.mdgx.com/files/Q310695.EXE","text/html; charset=UTF-8","","True","mdgx-web"
"microsoftwindows98seidecontrollerdisabledinbiospcimppci","Microsoft Windows 98 SE IDE Controller Disabled in BIOS PCIMP.PCI 4.10.2223 Fix","commercial","","98 SE","http://download.microsoft.com/download/win98SE/ideupd/1/W98/EN-US/245682US8.EXE","404","dead: not found","https://download.microsoft.com/download/win98SE/ideupd/1/W98/EN-US/245682US8.EXE","text/html","1213","True","mdgx-web"
"microsoftwindows98seieee13941394bussys","Microsoft Windows 98 SE IEEE 1394 (FireWire) 1394BUS.SYS 4.10.2226 Fix","commercial","","98 SE","https://www.mdgx.com/files/Q268064.EXE","404","dead: not found","https://www.mdgx.com/files/Q268064.EXE","text/html; charset=UTF-8","","True","mdgx-web"
"microsoftwindows98seintelpiix4controlleracpihangons1vpicdvxd","Microsoft Windows 98 SE Intel PIIX4 Controller ACPI Hang on S1 VPICD.VXD 4.10.2224 Fix","commercial","","98 SE","https://www.mdgx.com/files/Q257360.EXE","404","dead: not found","https://www.mdgx.com/files/Q257360.EXE","text/html; charset=UTF-8","","True","mdgx-web"
"microsoftwindows98selowbatteryalarmbattcsysfix","Microsoft Windows 98 SE Low Battery Alarm BATTC.SYS Fix","commercial","","98 SE","https://www.mdgx.com/files/Q305037.EXE","404","dead: not found","https://www.mdgx.com/files/Q305037.EXE","text/html; charset=UTF-8","","True","mdgx-web"
"microsoftwindows98sels120drivelockuphsfloppdr","Microsoft Windows 98 SE LS-120 Drive Lockup HSFLOP.PDR 4.10.2224 Fix","commercial","","98 SE","https://www.mdgx.com/files/Q262232.EXE","404","dead: not found","https://www.mdgx.com/files/Q262232.EXE","text/html; charset=UTF-8","","True","mdgx-web"
"microsoftwindows98senonusenhancedkeyboardserrorkeybcomfix","Microsoft Windows 98 SE Non-US Enhanced Keyboards Error KEYB.COM Fix","commercial","","98 SE","https://www.mdgx.com/files/Q319571.EXE","404","dead: not found","https://www.mdgx.com/files/Q319571.EXE","text/html; charset=UTF-8","","True","mdgx-web"
"microsoftwindows98sepcmciaadaptercode10devicemanagererrormshdcinfiosvxd","Microsoft Windows 98 SE PCMCIA Adapter Code 10 Device Manager Error MSHDC.INF, IOS.VXD 4.10.2224 + PCI.VXD 4.10.2227 Fix","commercial","","98 SE","https://www.mdgx.com/files/Q276602.EXE","404","dead: not found","https://www.mdgx.com/files/Q276602.EXE","text/html; charset=UTF-8","","True","mdgx-web"
"microsoftwindows98sepppoveratmpppatmsys","Microsoft Windows 98 SE PPP Over ATM PPPATM.SYS 4.10.2223 Fix","commercial","","98 SE","https://www.mdgx.com/files/Q271701.EXE","404","dead: not found","https://www.mdgx.com/files/Q271701.EXE","text/html; charset=UTF-8","","True","mdgx-web"
"microsoftwindows98sescsiminiportsshutdownerrorscsiportpdr","Microsoft Windows 98 SE SCSI Miniports Shutdown Error SCSIPORT.PDR 4.10.2224 Fix","commercial","","98 SE","http://www.tacktech.com/pub/microsoft/win98se/290831usa8.exe","404","dead: not found","https://www.tacktech.com/pub/microsoft/win98se/290831usa8.exe","text/html; charset=iso-8859-1","","True","mdgx-web"
"microsoftwindows98seshutdownsupplementtshoot98chmmsconfigexe","Microsoft Windows 98 SE Shutdown Supplement TSHOOT98.CHM, MSCONFIG.EXE 4.10.2223, APMBATT.SYS 4.10.2223, CONFIGMG.VXD 4.10.2222, PCI.VXD 4.10.2223 + VPOWERD.VXD 4.10.2223 Fixes","commercial","","98 SE","http://download.microsoft.com/download/d/d/8/dd8e4f2d-3b66-41d7-8a4a-cefefd8deb2c/4756US8.EXE","404","dead: not found","https://download.microsoft.com/download/d/d/8/dd8e4f2d-3b66-41d7-8a4a-cefefd8deb2c/4756US8.EXE","text/html","1213","True","mdgx-web"
"microsoftwindows98servicepack1","Microsoft Windows 98 Service Pack 1 (SP1)","commercial","","98","http://download.microsoft.com/download/c/0/8/c0872b4c-ddfc-4dbc-b3e5-ef385a4d349e/wucsp.exe","404","dead: not found","https://download.microsoft.com/download/c/0/8/c0872b4c-ddfc-4dbc-b3e5-ef385a4d349e/wucsp.exe","text/html","1213","True","mdgx-web"
"microsoftwindows98slowlargebackupvcachevxd","Microsoft Windows 98 Slow Large Backup VCACHE.VXD 4.10.2183 Fix","commercial","","98","https://www.mdgx.com/files/Q224073.EXE","404","dead: not found","https://www.mdgx.com/files/Q224073.EXE","text/html; charset=UTF-8","","True","mdgx-web"
"microsoftwindows98suspendlockupapmbattsys","Microsoft Windows 98 Suspend Lockup APMBATT.SYS 4.10.1999 Fix","commercial","","98","https://www.mdgx.com/files/Q243048.EXE","404","dead: not found","https://www.mdgx.com/files/Q243048.EXE","text/html; charset=UTF-8","","True","mdgx-web"
"microsoftwindows98videocapturewdmdriverkswdmcapaxvfwwdm32dll+vfwwdmdrv","Microsoft Windows 98 Video Capture WDM Driver KSWDMCAP.AX, VFWWDM32.DLL + VFWWDM.DRV 4.10.2043 Fix","commercial","","98","https://www.mdgx.com/files/Q192112.EXE","404","dead: not found","https://www.mdgx.com/files/Q192112.EXE","text/html; charset=UTF-8","","True","mdgx-web"
"microsoftwindows9898sp198seaccessdeniederrorvfatvxd","Microsoft Windows 98/98 SP1/98 SE Access Denied Error VFAT.VXD 4.10.2223 Fix","commercial","","98/98 SP1/98 SE","https://www.mdgx.com/files/Q277628.EXE","404","dead: not found","https://www.mdgx.com/files/Q277628.EXE","text/html; charset=UTF-8","","True","mdgx-web"
"microsoftwindows9898sp198sedirectsounderrordsounddll","Microsoft Windows 98/98 SP1/98 SE DirectSound Error DSOUND.DLL 4.07.00.0725 Fix","commercial","","98/98 SP1/98 SE","https://www.mdgx.com/files/Q269604.EXE","404","dead: not found","https://www.mdgx.com/files/Q269604.EXE","text/html; charset=UTF-8","","True","mdgx-web"
"microsoftwindows9898sp198sehyperterminalbufferoverflowhticonsdllhypertrmdll+hypertrmexesecurityvulnerabilityfix","Microsoft Windows 98/98 SP1/98 SE HyperTerminal Buffer Overflow HTICONS.DLL, HYPERTRM.DLL + HYPERTRM.EXE Security Vulnerability Fix","commercial","","98/98 SP1/98 SE","http://download.microsoft.com/download/win98/Update/12395/W98/EN-US/274548USA8.EXE","404","dead: not found","https://download.microsoft.com/download/win98/Update/12395/W98/EN-US/274548USA8.EXE","text/html","1213","True","mdgx-web"
"microsoftwindows9898sp198seincorrectlyidentifiedintelcpusysdmcplfix","Microsoft Windows 98/98 SP1/98 SE Incorrectly Identified Intel CPU SYSDM.CPL (4.10.1999 for Win98/98 SP1 + 4.10.2223 for Win98 SE) Fix","commercial","","98/98 SP1/98 SE","https://www.mdgx.com/files/Q216204.EXE","404","dead: not found","https://www.mdgx.com/files/Q216204.EXE","text/html; charset=UTF-8","","True","mdgx-web"
"microsoftwindows9898sp198seinfraredcommunicationlockupnscirdasys","Microsoft Windows 98/98 SP1/98 SE Infrared Communication Lockup NSCIRDA.SYS 4.10.1999 Fix","commercial","","98/98 SP1/98 SE","https://www.mdgx.com/files/Q323708.EXE","404","dead: not found","https://www.mdgx.com/files/Q323708.EXE","text/html; charset=UTF-8","","True","mdgx-web"
"microsoftwindows9898sp198seintellipointmousedrivervmousevxd","Microsoft Windows 98/98 SP1/98 SE IntelliPoint Mouse Driver VMOUSE.VXD 4.10.2225 Fix","commercial","","98/98 SP1/98 SE","https://www.mdgx.com/files/Q318307.EXE","404","dead: not found","https://www.mdgx.com/files/Q318307.EXE","text/html; charset=UTF-8","","True","mdgx-web"
"microsoftwindows9898sp198sekerberosnetworkwinsock","Microsoft Windows 98/98 SP1/98 SE Kerberos Network Winsock 2.0 Error RNR20.DLL (4.10.2003 for Win98/98 SP1 + 4.10.2223 for Win98 SE) Fix","commercial","","98/98 SP1/98 SE","https://www.mdgx.com/files/Q192425.EXE","404","dead: not found","https://www.mdgx.com/files/Q192425.EXE","text/html; charset=UTF-8","","True","mdgx-web"
"microsoftwindows9898sp198semalformedtelnetargumenttelnetexesecurityvulnerabilityfix","Microsoft Windows 98/98 SP1/98 SE Malformed Telnet Argument TELNET.EXE Security Vulnerability Fix","commercial","","98/98 SP1/98 SE","http://download.microsoft.com/download/e/9/6/e96ff524-06fe-40b0-b98b-eb45e070d5d0/TelnetUp.EXE","404","dead: not found","https://download.microsoft.com/download/e/9/6/e96ff524-06fe-40b0-b98b-eb45e070d5d0/TelnetUp.EXE","text/html","1213","True","mdgx-web"
"microsoftwindows9898sp198semulticastpacketswithttl0tcpiperrorsvip386ndisvxd+pppmacvxdfix","Microsoft Windows 98/98 SP1/98 SE Multicast Packets With TTL=0 TCP/IP Errors VIP.386 (4.10.2004 for Win98/98 SP1 + 4.10.2228 for Win98 SE), NDIS.VXD (4.10.2001 for Win98/98 SP1 + 4.10.2226 for Win98 SE) + PPPMAC.VXD (4.10.2003 for Win98/98 SP1 + 4.10.2223 for Win98 SE) Fix","commercial","","98/98 SP1/98 SE","https://www.mdgx.com/files/Q301453.EXE","404","dead: not found","https://www.mdgx.com/files/Q301453.EXE","text/html; charset=UTF-8","","True","mdgx-web"
"microsoftwindows9898sp198seopenglipferroropengl32dll","Microsoft Windows 98/98 SP1/98 SE OpenGL IPF Error OPENGL32.DLL 4.1.1381.7035 Fix","commercial","mdgx-web=4.00","98/98 SP1/98 SE","https://www.mdgx.com/files/Q240896.EXE","404","dead: not found","https://www.mdgx.com/files/Q240896.EXE","text/html; charset=UTF-8","","True","mdgx-web"
"microsoftwindows9898sp198sepowermanagementtroubleshooterpmtshootexe","Microsoft Windows 98/98 SP1/98 SE Power Management Troubleshooter PMTSHOOT.EXE 1.30 + PMTSHOOT.VXD 1.10.0001 Update","commercial","","98/98 SP1/98 SE","http://download.microsoft.com/download/win98se/utility/1/w98/EN-US/pmtshoot.exe","404","dead: not found","https://download.microsoft.com/download/win98se/utility/1/w98/EN-US/pmtshoot.exe","text/html","1213","True","mdgx-web"
"microsoftwindows9898sp198seprintqueueerrorsnwpp32dllfix","Microsoft Windows 98/98 SP1/98 SE Print Queue Errors NWPP32.DLL (4.10.1999 for Win98/98 SP1 + 4.10.2224 for Win98 SE) Fix","commercial","","98/98 SP1/98 SE","https://www.mdgx.com/files/Q250876.EXE","404","dead: not found","https://www.mdgx.com/files/Q250876.EXE","text/html; charset=UTF-8","","True","mdgx-web"
"microsoftwindows9898sp198seremoteupdateerrorwithwindows2000serverupdatemoderegfix","Microsoft Windows 98/98 SP1/98 SE Remote Update Error With Windows 2000 Server UpdateMode REG Fix","commercial","","98/98 SP1/98 SE","https://www.mdgx.com/files/Q258765.EXE","404","dead: not found","https://www.mdgx.com/files/Q258765.EXE","text/html; charset=UTF-8","","True","mdgx-web"
"microsoftwindows9898sp198seslowofficedocs+koreanhtmlpageskernel32dllfix","Microsoft Windows 98/98 SP1/98 SE Slow Office DOCs + Korean HTML Pages KERNEL32.DLL (4.10.2001 for Win98/98 SP1 + 4.10.2225 for Win98 SE) Fix","commercial","","98/98 SP1/98 SE","https://www.mdgx.com/files/Q320798.EXE","404","dead: not found","https://www.mdgx.com/files/Q320798.EXE","text/html; charset=UTF-8","","True","mdgx-web"
"microsoftwindows9898sp198setroubleshooterhtmlhelptshootocx","Microsoft Windows 98/98 SP1/98 SE Troubleshooter HTML Help TSHOOT.OCX 1.0.1.2123 + TSHOOT98.CHM Update","commercial","","98/98 SP1/98 SE","https://www.mdgx.com/files/TSHOOT98.ZIP","404","dead: not found","https://www.mdgx.com/files/TSHOOT98.ZIP","text/html; charset=UTF-8","","True","mdgx-web"
"microsoftwindows9898sp198seunrecognizedfourth+fifthmousebuttonsmouhidvxdmsmousevxd+vmousevxd","Microsoft Windows 98/98 SP1/98 SE Unrecognized Fourth + Fifth Mouse Buttons MOUHID.VXD, MSMOUSE.VXD + VMOUSE.VXD 4.10.2223 Fix","commercial","","98/98 SP1/98 SE","https://www.mdgx.com/files/Q254660.EXE","404","dead: not found","https://www.mdgx.com/files/Q254660.EXE","text/html; charset=UTF-8","","True","mdgx-web"
"microsoftwindows9898sp198sevredirerrorsvredirvxdfix","Microsoft Windows 98/98 SP1/98 SE Vredir Errors VREDIR.VXD (4.10.2154 for Win98/98 SP1 + 4.10.2229 for Win98 SE) Fix","commercial","","98/98 SP1/98 SE","https://www.mdgx.com/files/Q278456.EXE","404","dead: not found","https://www.mdgx.com/files/Q278456.EXE","text/html; charset=UTF-8","","True","mdgx-web"
"microsoftwindows9898sp198sewinsocktimeouterrormsafddll+mswsospdllfix","Microsoft Windows 98/98 SP1/98 SE Winsock Time-Out Error MSAFD.DLL + MSWSOSP.DLL (4.10.2000 for Win98/98 SP1 + 4.10.2223 for Win98 SE) Fix","commercial","","98/98 SP1/98 SE","https://www.mdgx.com/files/Q257821.EXE","404","dead: not found","https://www.mdgx.com/files/Q257821.EXE","text/html; charset=UTF-8","","True","mdgx-web"
"microsoftwindows9xnt42000mexp2003vista200878812012filechecksumintegrityverifiercommandlinetool","Microsoft Windows 9x/NT4/2000/ME/XP/2003/Vista/2008/7/8/8.1/2012 File Checksum Integrity Verifier (FCIV) command line tool","commercial","mdgx-toy=2.05","9x/NT4/2000/ME/XP/2003/Vista/2008/7/8/8.1/2012","http://download.microsoft.com/download/c/f/4/cf454ae0-a4bb-4123-8333-a1b6737712f7/windows-kb841290-x86-enu.exe","404","dead: not found","https://download.microsoft.com/download/c/f/4/cf454ae0-a4bb-4123-8333-a1b6737712f7/windows-kb841290-x86-enu.exe","text/html","1213","True","mdgx-toy"
"microsoftwindowsinstaller","Microsoft Windows Installer","commercial","msfn-98se=2.0","98SE","http://download.microsoft.com/download/WindowsInstaller/Install/2.0/W9XMe/EN-US/InstMsiA.exe","404","dead: not found","https://download.microsoft.com/download/WindowsInstaller/Install/2.0/W9XMe/EN-US/InstMsiA.exe","text/html","1213","True","msfn-98se"
"microsoftwindowsme1394hostcontrollerdrivererror1394bussys","Microsoft Windows ME 1394 Host Controller Driver Error 1394BUS.SYS 4.90.3001 + OHCI1394.SYS 4.90.3003 Fix","commercial","","ME","https://www.mdgx.com/files/Q252183.EXE","404","dead: not found","https://www.mdgx.com/files/Q252183.EXE","text/html; charset=UTF-8","","True","mdgx-web"
"microsoftwindowsme8levelsdeepfoldercddvdcopyerrorcdfsvxd","Microsoft Windows ME 8 Levels Deep Folder CD/DVD Copy Error CDFS.VXD 4.90.3001 Fix","commercial","","ME","https://www.mdgx.com/files/ME274175.EXE","404","dead: not found","https://www.mdgx.com/files/ME274175.EXE","text/html; charset=UTF-8","","True","mdgx-web"
"microsoftwindowsmeaccessdeniederrorvfatvxd","Microsoft Windows ME Access Denied Error VFAT.VXD 4.90.3001 Fix","commercial","","ME","https://www.mdgx.com/files/ME277628.EXE","404","dead: not found","https://www.mdgx.com/files/ME277628.EXE","text/html; charset=UTF-8","","True","mdgx-web"
"microsoftwindowsmeacpibuttonntkernvxd","Microsoft Windows ME ACPI Button NTKERN.VXD 4.90.3005 + VPOWERD.VXD 4.90.3006 Fix","commercial","","ME","https://www.mdgx.com/files/ME305826.EXE","404","dead: not found","https://www.mdgx.com/files/ME305826.EXE","text/html; charset=UTF-8","","True","mdgx-web"
"microsoftwindowsmeacpicomputerrestartsautomaticallyfromhibernationacpisys","Microsoft Windows ME ACPI Computer Restarts Automatically from Hibernation ACPI.SYS 4.90.3003 Fix","commercial","","ME","https://www.mdgx.com/files/ME296883.EXE","404","dead: not found","https://www.mdgx.com/files/ME296883.EXE","text/html; charset=UTF-8","","True","mdgx-web"
"microsoftwindowsmeacpipower+sleepbuttonserrorsvkdvxd","Microsoft Windows ME ACPI Power + Sleep Buttons Errors VKD.VXD 4.90.3001 Fix","commercial","","ME","https://www.mdgx.com/files/ME300889.EXE","404","dead: not found","https://www.mdgx.com/files/ME300889.EXE","text/html; charset=UTF-8","","True","mdgx-web"
"microsoftwindowsmeataflashcardstandbyerroriosvxd","Microsoft Windows ME ATA Flash Card Standby Error IOS.VXD 4.90.3004 Fix","commercial","","ME","https://www.mdgx.com/files/Q308236.EXE","404","dead: not found","https://www.mdgx.com/files/Q308236.EXE","text/html; charset=UTF-8","","True","mdgx-web"
"microsoftwindowsmeaudiomixervolume+incorrectbatterychargeiconsystrayexe","Microsoft Windows ME Audio Mixer Volume + Incorrect Battery Charge Icon SYSTRAY.EXE 4.90.3002 Fix","commercial","","ME","https://www.mdgx.com/files/ME298058.EXE","404","dead: not found","https://www.mdgx.com/files/ME298058.EXE","text/html; charset=UTF-8","","True","mdgx-web"
"microsoftwindowsmecardbusadaptererrorpccardvxd","Microsoft Windows ME CardBus Adapter Error PCCARD.VXD 4.90.3002 Fix","commercial","","ME","https://www.mdgx.com/files/ME300568.EXE","404","dead: not found","https://www.mdgx.com/files/ME300568.EXE","text/html; charset=UTF-8","","True","mdgx-web"
"microsoftwindowsmecardbustexasinstrumentscardcontrollerscbssvxd","Microsoft Windows ME CardBus Texas Instruments Card Controllers CBSS.VXD 4.90.3003 Fix","commercial","","ME","https://www.mdgx.com/files/ME295629.EXE","404","dead: not found","https://www.mdgx.com/files/ME295629.EXE","text/html; charset=UTF-8","","True","mdgx-web"
"microsoftwindowsmecdrommofcomptoolerrormofddll","Microsoft Windows ME CD-ROM Mofcomp Tool Error MOFD.DLL 1.50.1164.9 Fix","commercial","","ME","https://www.mdgx.com/files/ME304082.EXE","404","dead: not found","https://www.mdgx.com/files/ME304082.EXE","text/html; charset=UTF-8","","True","mdgx-web"
"microsoftwindowsmecomputerhangsduringregistrationmsobshelhtmdialmgrjs+migratejsfix","Microsoft Windows ME Computer Hangs During Registration MSOBSHEL.HTM, DIALMGR.JS + MIGRATE.JS Fix","commercial","","ME","https://www.mdgx.com/files/ME297527.EXE","404","dead: not found","https://www.mdgx.com/files/ME297527.EXE","text/html; charset=UTF-8","","True","mdgx-web"
"microsoftwindowsmecomputerhangswithieee1394dvd+usbdrivescdvsdvxd","Microsoft Windows ME Computer Hangs With IEEE 1394 (FireWire) DVD + USB Drives CDVSD.VXD 4.90.3003 Fix","commercial","","ME","https://www.mdgx.com/files/ME304708.EXE","404","dead: not found","https://www.mdgx.com/files/ME304708.EXE","text/html; charset=UTF-8","","True","mdgx-web"
"microsoftwindowsmecomputerhangswithremovablediskdiskvsdvxd","Microsoft Windows ME Computer Hangs With Removable Disk DISKVSD.VXD 4.90.3001 Fix","commercial","","ME","https://www.mdgx.com/files/ME271277.EXE","404","dead: not found","https://www.mdgx.com/files/ME271277.EXE","text/html; charset=UTF-8","","True","mdgx-web"
"microsoftwindowsmecontrolpanelsounds+multimediatoolerrorsmmsyscpl","Microsoft Windows ME Control Panel Sounds + Multimedia Tool Errors MMSYS.CPL 4.90.3001 Fix","commercial","","ME","https://www.mdgx.com/files/ME307908.EXE","404","dead: not found","https://www.mdgx.com/files/ME307908.EXE","text/html; charset=UTF-8","","True","mdgx-web"
"microsoftwindowsmedevicebuttonmaynotstartstillimagecapturewiaservcdll","Microsoft Windows ME Device Button May Not Start Still-Image Capture WIASERVC.DLL 4.90.3002 Fix","commercial","","ME","https://www.mdgx.com/files/ME291236.EXE","404","dead: not found","https://www.mdgx.com/files/ME291236.EXE","text/html; charset=UTF-8","","True","mdgx-web"
"microsoftwindowsmedriveamissingafterdockinghsfloppdr","Microsoft Windows ME Drive A Missing After Docking HSFLOP.PDR 4.90.3001 Fix","commercial","","ME","https://www.mdgx.com/files/ME271233.EXE","404","dead: not found","https://www.mdgx.com/files/ME271233.EXE","text/html; charset=UTF-8","","True","mdgx-web"
"microsoftwindowsmeerraticmousepointermovementuser32dll+userexe","Microsoft Windows ME Erratic Mouse Pointer Movement USER32.DLL + USER.EXE 4.90.3001 Fix","commercial","","ME","https://www.mdgx.com/files/ME280800.EXE","404","dead: not found","https://www.mdgx.com/files/ME280800.EXE","text/html; charset=UTF-8","","True","mdgx-web"
"microsoftwindowsmeforehelpperformanceissuefilelistxmlfix","Microsoft Windows ME ForeHelp Performance Issue FILELIST.XML Fix","commercial","","ME","https://www.mdgx.com/files/ME297958.EXE","404","dead: not found","https://www.mdgx.com/files/ME297958.EXE","text/html; charset=UTF-8","","True","mdgx-web"
"microsoftwindowsmeharddiskspindownrequesterrorvpowerdvxd","Microsoft Windows ME Hard Disk Spindown Request Error VPOWERD.VXD 4.90.3007 Fix","commercial","","ME","https://www.mdgx.com/files/ME321635.EXE","404","dead: not found","https://www.mdgx.com/files/ME321635.EXE","text/html; charset=UTF-8","","True","mdgx-web"
"microsoftwindowsmehelp+supporttoolerrormarscoredll","Microsoft Windows ME Help + Support Tool Error MARSCORE.DLL 4.90.3001 Fix","commercial","","ME","https://www.mdgx.com/files/ME269244.EXE","404","dead: not found","https://www.mdgx.com/files/ME269244.EXE","text/html; charset=UTF-8","","True","mdgx-web"
"microsoftwindowsmehelpandsupportcenterhcupdateexehelpctrexe+pchsetupexefix","Microsoft Windows ME Help and Support Center HCUPDATE.EXE, HELPCTR.EXE + PCHSETUP.EXE Fix","commercial","","ME","https://www.mdgx.com/files/Q299014.EXE","404","dead: not found","https://www.mdgx.com/files/Q299014.EXE","text/html; charset=UTF-8","","True","mdgx-web"
"microsoftwindowsmehibernatewithmorethan192mbramvmmvxd","Microsoft Windows ME Hibernate With More Than 192 MB RAM VMM.VXD 4.90.3003 Fix","commercial","","ME","https://www.mdgx.com/files/ME296773.EXE","404","dead: not found","https://www.mdgx.com/files/ME296773.EXE","text/html; charset=UTF-8","","True","mdgx-web"
"microsoftwindowsmehidservsuspenderrorwithibmrapidaccessiiikeyboardhidservexe","Microsoft Windows ME HIDSERV Suspend Error With IBM Rapid Access III Keyboard HIDSERV.EXE 4.90.3002 Fix","commercial","","ME","https://www.mdgx.com/files/ME277784.EXE","404","dead: not found","https://www.mdgx.com/files/ME277784.EXE","text/html; charset=UTF-8","","True","mdgx-web"
"microsoftwindowsmeicmdisplaycolormatchinggdi32dll+gdiexe","Microsoft Windows ME ICM Display Color Matching GDI32.DLL + GDI.EXE 4.90.3001 Fix","commercial","","ME","https://www.mdgx.com/files/ME289635.EXE","404","dead: not found","https://www.mdgx.com/files/ME289635.EXE","text/html; charset=UTF-8","","True","mdgx-web"
"microsoftwindowsmeieee1394audiovideocontroldevicestopsworkingohci1394sys","Microsoft Windows ME IEEE 1394 (FireWire) Audio/Video Control Device Stops Working OHCI1394.SYS 4.90.3004 Fix","commercial","","ME","https://www.mdgx.com/files/ME284837.EXE","404","dead: not found","https://www.mdgx.com/files/ME284837.EXE","text/html; charset=UTF-8","","True","mdgx-web"
"microsoftwindowsmeieee1394digitalvideocamcorders61883sysarp1394sys+ohci1394sys","Microsoft Windows ME IEEE 1394 (FireWire) Digital Video Camcorders 61883.SYS, ARP1394.SYS + OHCI1394.SYS 4.90.3001 Fix","commercial","","ME","https://www.mdgx.com/files/Q252185.EXE","404","dead: not found","https://www.mdgx.com/files/Q252185.EXE","text/html; charset=UTF-8","","True","mdgx-web"
"microsoftwindowsmeieee1394storagedeviceerrorsbp2portsys","Microsoft Windows ME IEEE 1394 (FireWire) Storage Device Error SBP2PORT.SYS 4.90.3002 Fix","commercial","","ME","https://www.mdgx.com/files/ME311430.EXE","404","dead: not found","https://www.mdgx.com/files/ME311430.EXE","text/html; charset=UTF-8","","True","mdgx-web"
"microsoftwindowsmeinfraredfaxmodeminstallerrorirenumvxd","Microsoft Windows ME Infrared Fax Modem Install Error IRENUM.VXD 4.90.3001 Fix","commercial","","ME","https://www.mdgx.com/files/ME309081.EXE","404","dead: not found","https://www.mdgx.com/files/ME309081.EXE","text/html; charset=UTF-8","","True","mdgx-web"
"microsoftwindowsmeintelpentium4cpuincorrectlyidentifiedbydirect3dd3dim700dll","Microsoft Windows ME Intel Pentium 4 CPU Incorrectly Identified by Direct3D D3DIM700.DLL 4.7.0.723 Fix","commercial","","ME","https://www.mdgx.com/files/ME268356.EXE","404","dead: not found","https://www.mdgx.com/files/ME268356.EXE","text/html; charset=UTF-8","","True","mdgx-web"
"microsoftwindowsmeintellipointmousedrivervmousevxd","Microsoft Windows ME IntelliPoint Mouse Driver VMOUSE.VXD 4.90.3003 Fix","commercial","","ME","https://www.mdgx.com/files/ME318307.EXE","404","dead: not found","https://www.mdgx.com/files/ME318307.EXE","text/html; charset=UTF-8","","True","mdgx-web"
"microsoftwindowsmelargedocumentprintingtousbprintererrorusbmondll","Microsoft Windows ME Large Document Printing to USB Printer Error USBMON.DLL 4.90.3001 Fix","commercial","","ME","https://www.mdgx.com/files/ME270615.EXE","404","dead: not found","https://www.mdgx.com/files/ME270615.EXE","text/html; charset=UTF-8","","True","mdgx-web"
"microsoftwindowsmelockeddrivecreatefileerrorifsmgrvxd","Microsoft Windows ME Locked Drive CreateFile Error IFSMGR.VXD 4.90.3003 Fix","commercial","","ME","https://www.mdgx.com/files/ME301540.EXE","404","dead: not found","https://www.mdgx.com/files/ME301540.EXE","text/html; charset=UTF-8","","True","mdgx-web"
"microsoftwindowsmememoryleakatmunisys","Microsoft Windows ME Memory Leak ATMUNI.SYS 4.90.3001 Fix","commercial","","ME","https://www.mdgx.com/files/ME278368.EXE","404","dead: not found","https://www.mdgx.com/files/ME278368.EXE","text/html; charset=UTF-8","","True","mdgx-web"
"microsoftwindowsmempeg2overieee1394bus61883sys","Microsoft Windows ME MPEG2 Over IEEE 1394 (FireWire) Bus 61883.SYS 4.90.3003 Update","commercial","","ME","https://www.mdgx.com/files/ME285118.EXE","404","dead: not found","https://www.mdgx.com/files/ME285118.EXE","text/html; charset=UTF-8","","True","mdgx-web"
"microsoftwindowsmemsdospromptinternationalkeyboarderrorsmsconfigexe","Microsoft Windows ME MS-DOS Prompt International Keyboard Errors MSCONFIG.EXE 4.90.3001 Fix","commercial","","ME","https://www.mdgx.com/files/Q272719.EXE","404","dead: not found","https://www.mdgx.com/files/Q272719.EXE","text/html; charset=UTF-8","","True","mdgx-web"
"microsoftwindowsmemulticastpacketswithttl0tcpiperrorstcpipsys","Microsoft Windows ME Multicast Packets With TTL=0 TCP/IP Errors TCPIP.SYS 4.90.3004, NDIS.VXD 4.90.3001 + PPPMAC.VXD 4.90.3002 Fix","commercial","","ME","https://www.mdgx.com/files/ME301453.EXE","404","dead: not found","https://www.mdgx.com/files/ME301453.EXE","text/html; charset=UTF-8","","True","mdgx-web"
"microsoftwindowsmemultiplefunctioncardbusadapterserrorsconfigmgvxd","Microsoft Windows ME Multiple-Function CardBus Adapters Errors CONFIGMG.VXD 4.90.3001 Fix","commercial","","ME","https://www.mdgx.com/files/ME268452.EXE","404","dead: not found","https://www.mdgx.com/files/ME268452.EXE","text/html; charset=UTF-8","","True","mdgx-web"
"microsoftwindowsmenetclassdriversnotupdatednetdidll","Microsoft Windows ME Net-Class Drivers Not Updated NETDI.DLL 4.90.3001 Fix","commercial","","ME","https://www.mdgx.com/files/ME281190.EXE","404","dead: not found","https://www.mdgx.com/files/ME281190.EXE","text/html; charset=UTF-8","","True","mdgx-web"
"microsoftwindowsmenotenoughdirectsoundbufferallocationkmixersys","Microsoft Windows ME Not Enough DirectSound Buffer Allocation KMIXER.SYS 4.90.3002, PORTCLS.SYS 4.90.3001 + SYSAUDIO.SYS 4.90.3001 Fix","commercial","","ME","https://www.mdgx.com/files/Q316638.EXE","404","dead: not found","https://www.mdgx.com/files/Q316638.EXE","text/html; charset=UTF-8","","True","mdgx-web"
"microsoftwindowsmeoemmshdcinfnotdigitallysignedopkfixcatfix","Microsoft Windows ME OEM MSHDC.INF Not Digitally Signed OPKFIX.CAT Fix","commercial","","ME","http://download.microsoft.com/download/whistler/Install/20.0/W982KMeXP/EN-US/271434USA9.EXE","404","dead: not found","https://download.microsoft.com/download/whistler/Install/20.0/W982KMeXP/EN-US/271434USA9.EXE","text/html","1213","True","mdgx-web"
"microsoftwindowsmepcmciaadaptercode10devicemanagererrorpcivxd","Microsoft Windows ME PCMCIA Adapter Code 10 Device Manager Error PCI.VXD 4.90.3004 Fix","commercial","","ME","https://www.mdgx.com/files/ME276602.EXE","404","dead: not found","https://www.mdgx.com/files/ME276602.EXE","text/html; charset=UTF-8","","True","mdgx-web"
"microsoftwindowsmepppoveratmpppatmsys","Microsoft Windows ME PPP Over ATM PPPATM.SYS 4.90.3001 Fix","commercial","","ME","https://www.mdgx.com/files/ME271701.EXE","404","dead: not found","https://www.mdgx.com/files/ME271701.EXE","text/html; charset=UTF-8","","True","mdgx-web"
"microsoftwindowsmeprogramscannotopenmorethan120filessimultaneouslydosmgrvxd","Microsoft Windows ME Programs Cannot Open More Than 120 Files Simultaneously DOSMGR.VXD 4.90.3001 Fix","commercial","","ME","https://www.mdgx.com/files/ME274594.EXE","404","dead: not found","https://www.mdgx.com/files/ME274594.EXE","text/html; charset=UTF-8","","True","mdgx-web"
"microsoftwindowsmeremotenetworksharegetdiskfreespaceexerrorsvredirvxd","Microsoft Windows ME Remote Network Share GetDiskFreeSpaceEx Errors VREDIR.VXD 4.90.3007 Fix","commercial","","ME","https://www.mdgx.com/files/ME314417.EXE","404","dead: not found","https://www.mdgx.com/files/ME314417.EXE","text/html; charset=UTF-8","","True","mdgx-web"
"microsoftwindowsmescsiminiportsshutdownerrorscsiportpdr","Microsoft Windows ME SCSI Miniports Shutdown Error SCSIPORT.PDR 4.90.3001 Fix","commercial","","ME","https://www.mdgx.com/files/ME290831.EXE","404","dead: not found","https://www.mdgx.com/files/ME290831.EXE","text/html; charset=UTF-8","","True","mdgx-web"
"microsoftwindowsmestandbyhangwithmultiplemsdospromptsessionspcivxd","Microsoft Windows ME Standby Hang With Multiple MS-DOS Prompt Sessions PCI.VXD 4.90.3003 Fix","commercial","","ME","https://www.mdgx.com/files/ME285882.EXE","404","dead: not found","https://www.mdgx.com/files/ME285882.EXE","text/html; charset=UTF-8","","True","mdgx-web"
"microsoftwindowsmeunabletoinstallusbdeviceusbhubsys","Microsoft Windows ME Unable to Install USB Device USBHUB.SYS 4.90.3002 Fix","commercial","","ME","https://www.mdgx.com/files/ME278289.EXE","404","dead: not found","https://www.mdgx.com/files/ME278289.EXE","text/html; charset=UTF-8","","True","mdgx-web"
"microsoftwindowsmeusbfloppydrivemissingsystemdrv","Microsoft Windows ME USB Floppy Drive Missing SYSTEM.DRV 4.90.3001 Fix","commercial","","ME","https://www.mdgx.com/files/ME288800.EXE","404","dead: not found","https://www.mdgx.com/files/ME288800.EXE","text/html; charset=UTF-8","","True","mdgx-web"
"microsoftwindowsmevirtualmemorytabnegativehdfreesizeerrorsysdmcpl","Microsoft Windows ME Virtual Memory Tab Negative HD Free Size Error SYSDM.CPL 4.90.3001 Fix","commercial","","ME","https://www.mdgx.com/files/ME272620.EXE","404","dead: not found","https://www.mdgx.com/files/ME272620.EXE","text/html; charset=UTF-8","","True","mdgx-web"
"microsoftwindowsmevolumesettingserrorwdmaudsys","Microsoft Windows ME Volume Settings Error WDMAUD.SYS 4.90.3003 Fix","commercial","","ME","https://www.mdgx.com/files/ME316795.EXE","404","dead: not found","https://www.mdgx.com/files/ME316795.EXE","text/html; charset=UTF-8","","True","mdgx-web"
"microsoftwindowsmewdm+usbaudiokmixersysrtsysusbaudiosys+wdmaudsys","Microsoft Windows ME WDM + USB Audio KMIXER.SYS, RT.SYS, USBAUDIO.SYS + WDMAUD.SYS 4.90.3001 Fixes","commercial","","ME","https://www.mdgx.com/files/ME280127.EXE","404","dead: not found","https://www.mdgx.com/files/ME280127.EXE","text/html; charset=UTF-8","","True","mdgx-web"
"microsoftwindowsmediaplayer","Microsoft Windows Media Player","commercial","msfn-98se=9","98SE","http://download.microsoft.com/download/1/b/c/1bc0b1a3-c839-4b36-8f3c-19847ba09299/MPSetup.exe","404","dead: not found","https://download.microsoft.com/download/1/b/c/1bc0b1a3-c839-4b36-8f3c-19847ba09299/MPSetup.exe","text/html","1213","True","msfn-98se"
"microsoftwindowsxppowertoys","Microsoft Windows XP Power Toys","commercial","","XP","http://ftp.geisberger.com/pub/microsoft/PowerToySetupXP.exe","404","dead: not found","http://ftp.geisberger.com/pub/microsoft/PowerToySetupXP.exe","text/html; charset=UTF-8","1594","False","mdgx-toy"
"microsoftwindowsxpsp22003sp2repairbootinitool","Microsoft Windows XP SP2/2003 SP2 RepairBootIni tool","commercial","mdgx-toy=1.5","XP SP2/2003 SP2","http://download.microsoft.com/download/d/2/8/d28853af-1a03-4189-be8f-efedeb8f6297/RepairBootIni.exe","404","dead: not found","https://download.microsoft.com/download/d/2/8/d28853af-1a03-4189-be8f-efedeb8f6297/RepairBootIni.exe","text/html","1213","True","mdgx-toy"
"microsoftwindowsxpxpmce2003timezone","Microsoft Windows XP/XP MCE/2003 Time Zone","commercial","","XP/XP","http://download.microsoft.com/download/0/4/6/0469712b-8907-49ae-b848-ef76ebbe8968/TimeZone.msi","404","dead: not found","https://download.microsoft.com/download/0/4/6/0469712b-8907-49ae-b848-ef76ebbe8968/TimeZone.msi","text/html","1213","True","mdgx-toy"
"msdebuggingtoolswindows","MS Debugging Tools Windows","commercial","msfn-98se=6.2.13.1","98SE","http://msdl.microsoft.com/download/symbols/debuggers/dbg_x86_6.2.13.1.exe","404","dead: not found","http://msdl.microsoft.com/download/symbols/debuggers/dbg_x86_6.2.13.1.exe","","0","False","msfn-98se"
"mustek1200ubplusscannerdriver","Mustek 1200 UB Plus Scanner Driver","freeware-unclear","msfn-98se=2.0","98SE","http://www.mustek.com.tw/apprg/listdriver?LID=2&PRODUCTID=SOff1200UBPlus","404","dead: not found","https://www.mustek.com.tw/apprg/listdriver?LID=2&PRODUCTID=SOff1200UBPlus","text/html; charset=utf-8","0","True","msfn-98se"
"neopaint","NeoPaint","commercial","msfn-98se=6.5","98SE","http://www.neosoftware.com/npw.html","404","dead: not found","http://www.neosoftware.com/npw.html","","","False","msfn-98se"
"nullsoftwinamp","Nullsoft Winamp","commercial","msfn-98se=5.35","98SE","http://download.nullsoft.com/winamp/client/winamp535_full_emusic-7plus.exe","404","dead: not found","http://download.nullsoft.com/winamp/client/winamp535_full_emusic-7plus.exe","text/html","162","False","msfn-98se"
"oemlogostamper","OEM Logo Stamper","freeware-unclear","mdgx-toy=2.07","9x/NT4/2000/ME/XP/2003","http://www.zemsoft.biz/downloads/olsfree.exe","404","dead: not found","http://www.zemsoft.biz/downloads/olsfree.exe","text/html","","False","mdgx-toy"
"onfolioexpress","Onfolio Express","commercial","","2000/XP/2003","http://download.microsoft.com/download/5/6/d/56df59ed-6356-4f18-a7e3-82a65a0865e8/onfolio103_Express_Final.exe","404","dead: not found","https://download.microsoft.com/download/5/6/d/56df59ed-6356-4f18-a7e3-82a65a0865e8/onfolio103_Express_Final.exe","text/html","1213","True","mdgx-toy"
"paypalpaymentwizard","PayPal Payment Wizard","commercial","","98 SE/2000/ME/XP/2003","http://download.microsoft.com/download/3/5/6/35669605-11d8-4a3f-b1ad-6820c8443de6/PayPalSetup.exe","404","dead: not found","https://download.microsoft.com/download/3/5/6/35669605-11d8-4a3f-b1ad-6820c8443de6/PayPalSetup.exe","text/html","1213","True","mdgx-toy"
"photosite","PhotoSite","commercial","","98 SE/2000/ME/XP/2003","http://download.microsoft.com/download/0/8/8/088c4e59-e386-4587-81bb-52712a8e95db/photosite_installer.exe","404","dead: not found","https://download.microsoft.com/download/0/8/8/088c4e59-e386-4587-81bb-52712a8e95db/photosite_installer.exe","text/html","1213","True","mdgx-toy"
"pixia","Pixia","freeware-unclear","msfn-98se=4.xx","98SE","http://park18.wakwak.com/~pixia","404","dead: not found","http://park18.wakwak.com/~pixia","text/html","1131","False","msfn-98se"
"postitsoftwarenotes","Post-it Software Notes","commercial","","98 SE/2000/ME/XP/2003","http://download.microsoft.com/download/8/a/9/8a9237b5-416a-4b68-a191-0736946a1992/SoftwareNotes.msi","404","dead: not found","https://download.microsoft.com/download/8/a/9/8a9237b5-416a-4b68-a191-0736946a1992/SoftwareNotes.msi","text/html","1213","True","mdgx-toy"
"powerarchiver","PowerArchiver","shareware","","9x/NT4/2000/ME/XP/2003/Vista/2008/7","http://dl.powerarchiver.com/2010/powarc1163.exe","404","dead: not found","https://www.powerarchiver.com/2010/powarc1163.exe","text/html; charset=UTF-8","","True","mdgx-toy"
"quickclick","QuickClick","shareware","mdgx-toy=1.00","3.1x/9x/NT/2000/ME/XP/2003/Vista/2008/7/8/8.1/2012","https://www.mdgx.com/files/QCLICK1.ZIP","404","dead: not found","https://www.mdgx.com/files/QCLICK1.ZIP","text/html; charset=UTF-8","","True","mdgx-toy"
"quicktimealternative","Quicktime Alternative","commercial","msfn-98se=1.56; msfn-kernelex=2.9.0; osr-kernelex=2.9.0","98SE; Windows 98SE; Windows 98/ME","http://www.codecpackguide.com/quicktimealt.htm","404","dead: not found","https://codecpackguide.com/quicktimealt.htm","text/html; charset=utf-8","3909","True","msfn-98se msfn-kernelex osr-kernelex"
"serpentinegame","Serpentine Game","commercial","","98 SE/2000/ME/XP/2003","http://download.microsoft.com/download/2/e/d/2ed9dbd4-9868-42e0-81ef-d7c66f14763a/setup.exe","404","dead: not found","https://download.microsoft.com/download/2/e/d/2ed9dbd4-9868-42e0-81ef-d7c66f14763a/setup.exe","text/html","1213","True","mdgx-toy"
"smartftp","SmartFTP","commercial","","98SE","http://www.smartftp.com","404","dead: not found","http://www.smartftp.com/","text/html; charset=us-ascii","315","False","msfn-98se"
"sumo","SUMo","commercial","msfn-98se=2.7.0.81","98SE","http://www.kcsoftwares.com/index.php?sumo","404","dead: not found","https://www.kcsoftwares.com/index.php?sumo","text/html; charset=UTF-8","","True","msfn-98se"
"superslydergame","Super Slyder Game","commercial","","98 SE/2000/ME/XP/2003","http://download.microsoft.com/download/2/c/5/2c5763a0-59de-42f7-9f3c-a54015b8dc0a/setup.exe","404","dead: not found","https://download.microsoft.com/download/2/c/5/2c5763a0-59de-42f7-9f3c-a54015b8dc0a/setup.exe","text/html","1213","True","mdgx-toy"
"theklitecodecpack","The K-Lite Codec Pack","commercial","msfn-98se=3.4.5 Full","98SE","http://codecpack.nl/klcodec345f.exe","404","dead: not found","http://codecpack.nl/klcodec345f.exe","text/html; charset=utf-8","71915","False","msfn-98se"
"thegun","TheGun","freeware-unclear","","98SE","http://www.movsd.com/thegun.htm","404","dead: not found","http://www.movsd.com/thegun.htm","text/html; charset=iso-8859-1","","False","msfn-98se"
"tinypersonalfirewall","Tiny Personal Firewall","commercial","msfn-98se=2.0.15A","98SE","http://www.oldversion.com/program.php?n=tpfirewall","404","dead: not found","https://www.oldversion.com/program.php?n=tpfirewall","text/html; charset=utf-8","115268","True","msfn-98se"
"torino","Torino","commercial","msfn-98se=2006","98SE","http://2ksports.com/games/torino2006","404","dead: not found","https://2k.com:443/en-US/games/torino2006","text/html","0","True","msfn-98se"
"totalcommander","Total Commander","shareware","msfn-95=9.0a","95; 98SE","http://totalcommander.ch/win/tcmd900ax32.exe","404","dead: not found","https://totalcommander.ch/win/tcmd900ax32.exe","text/html; charset=utf-8","808","True","msfn-95 msfn-98se"
"trayhelperbasic","Tray Helper Basic","freeware-unclear","mdgx-toy=4.9","9x/NT4/2000/ME/XP/2003","http://www.trayhelper.com/dload/Setup_FREE.exe","404","dead: not found","https://trayhelper.com/dload/Setup_FREE.exe","text/html; charset=UTF-8","","True","mdgx-toy"
"tweakrevisited","Tweak Revisited","shareware","mdgx-toy=3.2","9x/ME","http://ftp.sunet.se/pub/simtelnet/win95/util/twkrv32.zip","404","dead: not found","http://ftp.sunet.se/pub/simtelnet/win95/util/twkrv32.zip","text/html; charset=iso-8859-1","","False","mdgx-toy"
"tweakui","TweakUI","commercial","","9x/NT4/2000/ME/XP/2003","http://download.microsoft.com/download/f/c/a/fca6767b-9ed9-45a6-b352-839afb2a2679/TweakUiPowertoySetup.exe","404","dead: not found","https://download.microsoft.com/download/f/c/a/fca6767b-9ed9-45a6-b352-839afb2a2679/TweakUiPowertoySetup.exe","text/html","1213","True","mdgx-toy"
"unofficialdirectx","Unofficial DirectX","freeware-unclear","osr-final=9.0c","Windows 98/ME","http://www.mdgx.com/files/DX90C.EXE","404","dead: not found","https://www.mdgx.com/files/DX90C.EXE","text/html; charset=UTF-8","","True","osr-final"
"unofficialusb","Unofficial USB 2.0 WDM Drivers USBCCGP.SYS 5.1.2600.5512, USBEHCI.SYS 5.0.2195.6882, USBHUB20.SYS 4.90.3000.11, USBPORT.SYS 5.0.2195.5652, USBSTOR.SYS 5.0.2195.6773 + WDMSTUB.SYS 5.0.0.6","commercial","","98 SE/ME","https://www.mdgx.com/files/USB20DRV.EXE","404","dead: not found","https://www.mdgx.com/files/USB20DRV.EXE","text/html; charset=UTF-8","","True","mdgx-web"
"unofficialwindows9598meanimatedcursor+iconhandlingsecurityvulnerabilityq891711dll","Unofficial Windows 95/98/ME Animated Cursor (.ANI) + Icon Handling Security Vulnerability Q891711.DLL 4.10.2223 + KB891711.EXE 4.10.2227 Fix","commercial","","95/98/ME","https://www.mdgx.com/files/U891711.EXE","404","dead: not found","https://www.mdgx.com/files/U891711.EXE","text/html; charset=UTF-8","","True","mdgx-web"
"unofficialwindows9598meq891711dll","Unofficial Windows 95/98/ME Q891711.DLL 4.10.2223 + KB891711.EXE 4.10.2227 Fix","commercial","","95/98/ME","https://www.mdgx.com/files/U891711.EXE","404","dead: not found","https://www.mdgx.com/files/U891711.EXE","text/html; charset=UTF-8","","True","mdgx-web"
"unofficialwindows9598meservicesupdate","Unofficial Windows 95/98/ME SERVICES Update","commercial","","95/98/ME","https://www.mdgx.com/files/SERVIC9X.EXE","404","dead: not found","https://www.mdgx.com/files/SERVIC9X.EXE","text/html; charset=UTF-8","","True","mdgx-web"
"unofficialwindows95osr1osr2256colorsiconsexplorerexplorerexe","Unofficial Windows 95/OSR1/OSR2 256 Colors Icons Explorer EXPLORER.EXE 4.00.953 Fix","commercial","","95/OSR1/OSR2","https://www.mdgx.com/files/EXPLOR95.EXE","404","dead: not found","https://www.mdgx.com/files/EXPLOR95.EXE","text/html; charset=UTF-8","","True","mdgx-web"
"unofficialwindows95osr1osr2filemanagergpfwinfileexe","Unofficial Windows 95/OSR1/OSR2 File Manager GPF WINFILE.EXE 4.00.952 Fix","commercial","","95/OSR1/OSR2","https://www.mdgx.com/files/WINFIL95.EXE","404","dead: not found","https://www.mdgx.com/files/WINFIL95.EXE","text/html; charset=UTF-8","","True","mdgx-web"
"unofficialwindows95osr1osr2openglipferroropengl32dll","Unofficial Windows 95/OSR1/OSR2 OpenGL IPF Error OPENGL32.DLL 4.1.1381.7035 Fix","commercial","mdgx-web=4.00","95/OSR1/OSR2","https://www.mdgx.com/files/GL240896.EXE","404","dead: not found","https://www.mdgx.com/files/GL240896.EXE","text/html; charset=UTF-8","","True","mdgx-web"
"unofficialwindows95osr1osr29898sp198sent4metzenvironmentvariableerrorsmsvcrtdll","Unofficial Windows 95/OSR1/OSR2/98/98 SP1/98 SE/NT4/ME TZ Environment Variable Errors MSVCRT.DLL 6.1.9848.0 Fix","commercial","","95/OSR1/OSR2/98/98 SP1/98 SE/NT4/ME","https://www.mdgx.com/files/Q932590.EXE","404","dead: not found","https://www.mdgx.com/files/Q932590.EXE","text/html; charset=UTF-8","","True","mdgx-web"
"unofficialwindows95b95cosr2x48bitlba137gbideatapiharddiskdriveresdi506pdr","Unofficial Windows 95B/95C OSR 2.x 48-bit LBA (Logical Block Addressing) > 137 GB (E)IDE/ATAPI Hard Disk Driver ESDI_506.PDR 4.00.1119 Fix","commercial","","95B/95C OSR 2.x","https://www.mdgx.com/files/48BLOSR2.EXE","404","dead: not found","https://www.mdgx.com/files/48BLOSR2.EXE","text/html; charset=UTF-8","","True","mdgx-web"
"unofficialwindows9848bitlba137gbideatapiharddiskdriveresdi506pdr","Unofficial Windows 98 48-bit LBA (Logical Block Addressing) > 137 GB (E)IDE/ATAPI Hard Disk Driver ESDI_506.PDR 4.10.2186 Fix","commercial","","98","https://www.mdgx.com/files/9848BLBA.EXE","404","dead: not found","https://www.mdgx.com/files/9848BLBA.EXE","text/html; charset=UTF-8","","True","mdgx-web"
"unofficialwindows98pnpserialdevicesprinterinstallerrorserenumvxd","Unofficial Windows 98 PnP Serial Devices Printer Install Error SERENUM.VXD 4.10.2222 Fix","commercial","","98","https://www.mdgx.com/files/FE242941.EXE","404","dead: not found","https://www.mdgx.com/files/FE242941.EXE","text/html; charset=UTF-8","","True","mdgx-web"
"unofficialwindows98se256colorsiconsexplorerexplorerexe","Unofficial Windows 98 SE 256 Colors Icons Explorer EXPLORER.EXE 4.72.3612.1710 Fix","commercial","","98 SE","https://www.mdgx.com/files/EXPLOR98.EXE","404","dead: not found","https://www.mdgx.com/files/EXPLOR98.EXE","text/html; charset=UTF-8","","True","mdgx-web"
"unofficialwindows98se256colorstrayicon+warninghotplugdll+systrayexe","Unofficial Windows 98 SE 256 Colors Tray Icon + Warning HOTPLUG.DLL + SYSTRAY.EXE 4.10.2225 Fix","commercial","","98 SE","https://www.mdgx.com/files/SYSPLG98.EXE","404","dead: not found","https://www.mdgx.com/files/SYSPLG98.EXE","text/html; charset=UTF-8","","True","mdgx-web"
"unofficialwindows98se48bitlba137gbideatapiharddiskdriveresdi506pdr","Unofficial Windows 98 SE 48-bit LBA (Logical Block Addressing) > 137 GB (E)IDE/ATAPI Hard Disk Driver ESDI_506.PDR 4.10.2225 Fix","commercial","","98 SE","https://www.mdgx.com/files/48BITLB2.EXE","404","dead: not found","https://www.mdgx.com/files/48BITLB2.EXE","text/html; charset=UTF-8","","True","mdgx-web"
"unofficialwindows98se48bitlba137gbataidedmaimprovedharddiskdriveresdi506pdr","Unofficial Windows 98 SE 48-bit LBA (Logical Block Addressing) > 137 GB ATA(PI)/(E)IDE/(U)DMA Improved Hard Disk Driver ESDI_506.PDR 4.10.2230","commercial","","98 SE","https://www.mdgx.com/files/ATADRV98.EXE","404","dead: not found","https://www.mdgx.com/files/ATADRV98.EXE","text/html; charset=UTF-8","","True","mdgx-web"
"unofficialwindows98seanimatedcursor+iconhandlinguser32dll+userexe","Unofficial Windows 98 SE Animated Cursor (.ANI) + Icon Handling USER32.DLL + USER.EXE 4.10.2233 Security Vulnerability Fix","commercial","","98 SE","https://www.mdgx.com/files/Q891711.EXE","404","dead: not found","https://www.mdgx.com/files/Q891711.EXE","text/html; charset=UTF-8","","True","mdgx-web"
"unofficialwindows98segdi32dll+gdiexe","Unofficial Windows 98 SE GDI32.DLL + GDI.EXE 4.10.2227 Fix","commercial","","98 SE","https://www.mdgx.com/files/Q918547.EXE","404","dead: not found","https://www.mdgx.com/files/Q918547.EXE","text/html; charset=UTF-8","","True","mdgx-web"
"unofficialwindows98seintelcpumicrocodeupdatesys","Unofficial Windows 98 SE Intel CPU Microcode UPDATE.SYS 4.10.2223 Fix","commercial","","98 SE","https://www.mdgx.com/files/98UPDSYS.EXE","404","dead: not found","https://www.mdgx.com/files/98UPDSYS.EXE","text/html; charset=UTF-8","","True","mdgx-web"
"unofficialwindows98selockeddrivecreatefileerrorifsmgrvxd","Unofficial Windows 98 SE Locked Drive CreateFile Error IFSMGR.VXD 4.10.2227 Fix","commercial","","98 SE","https://www.mdgx.com/files/Q301540.EXE","404","dead: not found","https://www.mdgx.com/files/Q301540.EXE","text/html; charset=UTF-8","","True","mdgx-web"
"unofficialwindows98seoutofmemoryerrorsvcachevxd","Unofficial Windows 98 SE Out Of Memory Errors VCACHE.VXD 4.10.2223 Fix","commercial","","98 SE","https://www.mdgx.com/files/Q253912.EXE","404","dead: not found","https://www.mdgx.com/files/Q253912.EXE","text/html; charset=UTF-8","","True","mdgx-web"
"unofficialwindows9898sp1256colorsiconsexplorerexplorerexe","Unofficial Windows 98/98 SP1 256 Colors Icons Explorer EXPLORER.EXE 4.72.3612.1710 Fix","commercial","","98/98 SP1","https://www.mdgx.com/files/EXPL98FE.EXE","404","dead: not found","https://www.mdgx.com/files/EXPL98FE.EXE","text/html; charset=UTF-8","","True","mdgx-web"
"unofficialwindows9898sp1animatedcursor+iconhandlinguser32dll+userexe","Unofficial Windows 98/98 SP1 Animated Cursor (.ANI) + Icon Handling USER32.DLL + USER.EXE 4.10.2003 Security Vulnerability Fix","commercial","","98/98 SP1","https://www.mdgx.com/files/KB891711.EXE","404","dead: not found","https://www.mdgx.com/files/KB891711.EXE","text/html; charset=UTF-8","","True","mdgx-web"
"unofficialwindows9898sp1gdi32dll+gdiexe","Unofficial Windows 98/98 SP1 GDI32.DLL + GDI.EXE 4.10.2004 Fix","commercial","","98/98 SP1","https://www.mdgx.com/files/KB918547.EXE","404","dead: not found","https://www.mdgx.com/files/KB918547.EXE","text/html; charset=UTF-8","","True","mdgx-web"
"unofficialwindows9898sp198se24gbfileserrorskernel32dllfix","Unofficial Windows 98/98 SP1/98 SE 2-4 GB Files Errors KERNEL32.DLL (4.10.2002 for Win98/98 SP1 + 4.10.2226 for Win98 SE) Fix","commercial","","98/98 SP1/98 SE","https://www.mdgx.com/files/COPY2GB.EXE","404","dead: not found","https://www.mdgx.com/files/COPY2GB.EXE","text/html; charset=UTF-8","","True","mdgx-web"
"unofficialwindows9898sp198se255devicesadditions+removalserrorvoltrackvxd","Unofficial Windows 98/98 SP1/98 SE 255 Devices Additions + Removals Error VOLTRACK.VXD 4.10.1999 Fix","commercial","","98/98 SP1/98 SE","https://www.mdgx.com/files/Q249824.EXE","404","dead: not found","https://www.mdgx.com/files/Q249824.EXE","text/html; charset=UTF-8","","True","mdgx-web"
"unofficialwindows9898sp198secomputerhangswithieee1394dvd+usbdrivescdvsdvxd","Unofficial Windows 98/98 SP1/98 SE Computer Hangs With IEEE 1394 (FireWire) DVD + USB Drives CDVSD.VXD 4.90.3004 Fix","commercial","","98/98 SP1/98 SE","https://www.mdgx.com/files/Q304708.EXE","404","dead: not found","https://www.mdgx.com/files/Q304708.EXE","text/html; charset=UTF-8","","True","mdgx-web"
"unofficialwindows9898sp198secomputerhangswithremovablediskdiskvsdvxd","Unofficial Windows 98/98 SP1/98 SE Computer Hangs With Removable Disk DISKVSD.VXD 4.90.3002 Fix","commercial","","98/98 SP1/98 SE","https://www.mdgx.com/files/Q271277.EXE","404","dead: not found","https://www.mdgx.com/files/Q271277.EXE","text/html; charset=UTF-8","","True","mdgx-web"
"unofficialwindows9898sp198secontrolpanelappletslockupscontrolexe","Unofficial Windows 98/98 SP1/98 SE Control Panel Applets Lockups CONTROL.EXE 4.10.1999 Fix","commercial","","98/98 SP1/98 SE","https://www.mdgx.com/files/CNTROL98.EXE","404","dead: not found","https://www.mdgx.com/files/CNTROL98.EXE","text/html; charset=UTF-8","","True","mdgx-web"
"unofficialwindows9898sp198sedisplayerrorsformatcom+fdiskexefix","Unofficial Windows 98/98 SP1/98 SE Display Errors FORMAT.COM + FDISK.EXE Fix","commercial","","98/98 SP1/98 SE","https://www.mdgx.com/files/FDSKFRMT.EXE","404","dead: not found","https://www.mdgx.com/files/FDSKFRMT.EXE","text/html; charset=UTF-8","","True","mdgx-web"
"unofficialwindows9898sp198seexplorerlockupswithinternetexplorer5xx6xxshell32dll","Unofficial Windows 98/98 SP1/98 SE Explorer Lockups With Internet Explorer 5.xx/6.xx SHELL32.DLL 4.72.3812.634 Fix","commercial","","98/98 SP1/98 SE","https://www.mdgx.com/files/SHELL98.EXE","404","dead: not found","https://www.mdgx.com/files/SHELL98.EXE","text/html; charset=UTF-8","","True","mdgx-web"
"unofficialwindows9898sp198sefilemanagergpfwinfileexe","Unofficial Windows 98/98 SP1/98 SE File Manager GPF WINFILE.EXE 4.10.1999 Fix","commercial","","98/98 SP1/98 SE","https://www.mdgx.com/files/WINFIL98.EXE","404","dead: not found","https://www.mdgx.com/files/WINFIL98.EXE","text/html; charset=UTF-8","","True","mdgx-web"
"unofficialwindows9898sp198senetworkingerrorsvnetbiosvxd","Unofficial Windows 98/98 SP1/98 SE Networking Errors VNETBIOS.VXD 4.90.3001 Fix","commercial","","98/98 SP1/98 SE","https://www.mdgx.com/files/Q272991.EXE","404","dead: not found","https://www.mdgx.com/files/Q272991.EXE","text/html; charset=UTF-8","","True","mdgx-web"
"unofficialwindows9898sp198seusbfloppylockupsdisktsdvxd","Unofficial Windows 98/98 SP1/98 SE USB Floppy Lockups DISKTSD.VXD 4.90.3001 Fix","commercial","","98/98 SP1/98 SE","https://www.mdgx.com/files/USBFDD98.EXE","404","dead: not found","https://www.mdgx.com/files/USBFDD98.EXE","text/html; charset=UTF-8","","True","mdgx-web"
"unofficialwindows9898sp198sezipdecompressionuncheckedbuffer+recoverablecompressedzipfolderspasswordsdzip32dll","Unofficial Windows 98/98 SP1/98 SE ZIP Decompression Unchecked Buffer + Recoverable Compressed ZIP Folders Passwords DZIP32.DLL 4.00.04, DUNZIP32.DLL 4.00.04 + ZIPFLDR.DLL 5.50.4921.1000 Security Vulnerability Fix","commercial","","98/98 SP1/98 SE","https://www.mdgx.com/files/Q329048.EXE","404","dead: not found","https://www.mdgx.com/files/Q329048.EXE","text/html; charset=UTF-8","","True","mdgx-web"
"unofficialwindows9898sp198semehtmlhelpexpiredsecuritycertificaterunhelpcab+htmlhelphtmfix","Unofficial Windows 98/98 SP1/98 SE/ME HTML Help Expired Security Certificate RUNHELP.CAB + HTMLHELP.HTM Fix","commercial","","98/98 SP1/98 SE/ME","https://www.mdgx.com/files/RUNHELP.EXE","404","dead: not found","https://www.mdgx.com/files/RUNHELP.EXE","text/html; charset=UTF-8","","True","mdgx-web"
"unofficialwindows9898sp198semescannersfax+digitalcamerastwaindll","Unofficial Windows 98/98 SP1/98 SE/ME Scanners, Fax + Digital Cameras TWAIN.DLL 1.7.0.0, TWAIN_32.DLL 1.7.1.1, TWUNK_16.EXE 1.7.0.0 + TWUNK_32.EXE 1.7.1.0 Update","commercial","","98/98 SP1/98 SE/ME","https://www.mdgx.com/files/TWAIN9X.EXE","404","dead: not found","https://www.mdgx.com/files/TWAIN9X.EXE","text/html; charset=UTF-8","","True","mdgx-web"
"unofficialwindows9898sp198semesetupapidll","Unofficial Windows 98/98 SP1/98 SE/ME SETUPAPI.DLL 5.1.2600.2180 Update","commercial","","98/98 SP1/98 SE/ME","https://www.mdgx.com/files/SETUPAPI.EXE","404","dead: not found","https://www.mdgx.com/files/SETUPAPI.EXE","text/html; charset=UTF-8","","True","mdgx-web"
"unofficialwindows9898sp198semesnmpmemorycorruptionsnmpapidll","Unofficial Windows 98/98 SP1/98 SE/ME SNMP Memory Corruption SNMPAPI.DLL 5.0.2195.6811 + SNMP.EXE 5.0.2195.7112 Security Vulnerability Fix","commercial","","98/98 SP1/98 SE/ME","https://www.mdgx.com/files/Q926247.EXE","404","dead: not found","https://www.mdgx.com/files/Q926247.EXE","text/html; charset=UTF-8","","True","mdgx-web"
"unofficialwindows9898sp198sent4sp6amehyperlinkobjecthlinkdll","Unofficial Windows 98/98 SP1/98 SE/NT4 SP6a/ME Hyperlink Object HLINK.DLL 5.2.3790.2748 Security Vulnerability Fix","commercial","","98/98 SP1/98 SE/NT4 SP6a/ME","https://www.mdgx.com/files/Q920670.EXE","404","dead: not found","https://www.mdgx.com/files/Q920670.EXE","text/html; charset=UTF-8","","True","mdgx-web"
"unofficialwindows9898sp198sent4+sp6ameembeddedwebfontst2embeddll","Unofficial Windows 98/98 SP1/98 SE/NT4+SP6a/ME Embedded Web Fonts T2EMBED.DLL 5.00.2195.7348 Security Vulnerability Fix","commercial","","98/98 SP1/98 SE/NT4+SP6a/ME","https://www.mdgx.com/files/Q972270.EXE","404","dead: not found","https://www.mdgx.com/files/Q972270.EXE","text/html; charset=UTF-8","","True","mdgx-web"
"unofficialwindowsme24gbfileserrorskernel32dll","Unofficial Windows ME 2-4 GB Files Errors KERNEL32.DLL 4.90.3001 Fix","commercial","","ME","https://www.mdgx.com/files/C2GBME.EXE","404","dead: not found","https://www.mdgx.com/files/C2GBME.EXE","text/html; charset=UTF-8","","True","mdgx-web"
"unofficialwindowsme256colorstrayicon+warninghotplugdll+systrayexe","Unofficial Windows ME 256 Colors Tray Icon + Warning HOTPLUG.DLL + SYSTRAY.EXE 4.90.3003 Fix","commercial","","ME","https://www.mdgx.com/files/SYSPLGME.EXE","404","dead: not found","https://www.mdgx.com/files/SYSPLGME.EXE","text/html; charset=UTF-8","","True","mdgx-web"
"unofficialwindowsme48bitlba137gbideatapiharddiskdriveresdi506pdr","Unofficial Windows ME 48-bit LBA (Logical Block Addressing) > 137 GB (E)IDE/ATAPI Hard Disk Driver ESDI_506.PDR 4.90.3000 Fix","commercial","","ME","https://www.mdgx.com/files/ME48BLBA.EXE","404","dead: not found","https://www.mdgx.com/files/ME48BLBA.EXE","text/html; charset=UTF-8","","True","mdgx-web"
"unofficialwindowsmecontrolpanelappletslockupscontrolexe","Unofficial Windows ME Control Panel Applets Lockups CONTROL.EXE 4.90.3001 Fix","commercial","","ME","https://www.mdgx.com/files/CNTROLME.EXE","404","dead: not found","https://www.mdgx.com/files/CNTROLME.EXE","text/html; charset=UTF-8","","True","mdgx-web"
"unofficialwindowsmeexplorerlockupswithinternetexplorer5xx6xxshell32dll","Unofficial Windows ME Explorer Lockups With Internet Explorer 5.xx/6.xx SHELL32.DLL 5.50.4134.120 Fix","commercial","","ME","https://www.mdgx.com/files/SHELLME.EXE","404","dead: not found","https://www.mdgx.com/files/SHELLME.EXE","text/html; charset=UTF-8","","True","mdgx-web"
"unofficialwindowsmefilemanagergpfwinfileexe","Unofficial Windows ME File Manager GPF WINFILE.EXE 4.90.3001 Fix","commercial","","ME","https://www.mdgx.com/files/WINFILME.EXE","404","dead: not found","https://www.mdgx.com/files/WINFILME.EXE","text/html; charset=UTF-8","","True","mdgx-web"
"unofficialwindowsmegdi32dll+gdiexe","Unofficial Windows ME GDI32.DLL + GDI.EXE 4.90.3003 Fix","commercial","","ME","https://www.mdgx.com/files/ME918547.EXE","404","dead: not found","https://www.mdgx.com/files/ME918547.EXE","text/html; charset=UTF-8","","True","mdgx-web"
"unofficialwindowsmeintelcpumicrocodeupdatesys","Unofficial Windows ME Intel CPU Microcode UPDATE.SYS 4.90.3001 Fix","commercial","","ME","https://www.mdgx.com/files/MEUPDSYS.EXE","404","dead: not found","https://www.mdgx.com/files/MEUPDSYS.EXE","text/html; charset=UTF-8","","True","mdgx-web"
"unofficialwindowsmewebvwdll","Unofficial Windows ME WEBVW.DLL 5.50.4134.7069 Security Vulnerability Fix","commercial","","ME","https://www.mdgx.com/files/ME900725.EXE","404","dead: not found","https://www.mdgx.com/files/ME900725.EXE","text/html; charset=UTF-8","","True","mdgx-web"
"visualc++net2003redistributables","Visual C++ .NET 2003 Redistributables","commercial","","95","http://www.mdgx.com/files/VC_R_71.EXE","404","dead: not found","https://www.mdgx.com/files/VC_R_71.EXE","text/html; charset=UTF-8","","True","msfn-95"
"winampfull","WinAmp Full","freeware-unclear","mdgx-toy=5.60","2000/XP/2003/Vista/2008/7","http://download.nullsoft.com/winamp/client/winamp56_full_bundle_emusic-7plus_all.exe","404","dead: not found","http://download.nullsoft.com/winamp/client/winamp56_full_bundle_emusic-7plus_all.exe","text/html","162","False","mdgx-toy"
"winmedefrag","WinME Defrag","commercial","msfn-98se=4.90.3000","98SE","http://www.mesich.com/framed.html?page=defrag","404","dead: not found","http://www.mesich.com/framed.html?page=defrag","text/html; charset=utf-8","","False","msfn-98se"
"wsftplimitededition","WSFTP Limited Edition","commercial","msfn-98se=5.08","98SE","http://www.oldversion.com/program.php?n=wsftp","404","dead: not found","https://www.oldversion.com/program.php?n=wsftp","text/html; charset=utf-8","115158","True","msfn-98se"
"xsetuppro","X-Setup Pro","freeware-unclear","","9x/NT4/2000/ME/XP/2003/Vista/2008/7","http://digilander.libero.it/molearchive3/xqdcxsp-setup-en.zip","410","dead: not found","http://digilander.libero.it/molearchive3/xqdcxsp-setup-en.zip","text/html; charset=UTF-8","","False","mdgx-toy"
"zonealarm","ZoneAlarm","commercial","msfn-98se=6.1.744.001","98SE","http://www.oldversion.com/download.php?idlong=3e21066e0e9c82845db078ffd60a98b0","404","dead: not found","https://www.oldversion.com/download.php?idlong=3e21066e0e9c82845db078ffd60a98b0","text/html; charset=utf-8","115886","True","msfn-98se"
"apsoftmemdump","APSoft MemDump","freeware-unclear","msfn-98se=2.0","98SE","http://www.tssc.de/products/tools/memdump","500","dead: server error","https://www.tssc.de/products/tools/memdump","text/html","75","True","msfn-98se"
"apsoftvxdview","APSoft VxDView","freeware-unclear","msfn-98se=1.0","98SE","http://www.tssc.de/products/tools/vxdview","500","dead: server error","https://www.tssc.de/products/tools/vxdview","text/html","75","True","msfn-98se"
"doubledriver","Double Driver","freeware-unclear","msfn-98se=2.1.0","98SE","http://www.boozet.org/dd.htm","503","dead: server error","http://www.boozet.org/dd.htm","text/html","51","False","msfn-98se"
"goldwave","GoldWave","shareware","msfn-98se=5.25; osr-kernelex=5.52","98SE; Windows 98/ME","http://www.oldapps.com/goldwave.php?old_goldwave=16","522","dead: server error","https://www.oldapps.com/goldwave.php?old_goldwave=16","text/plain; charset=UTF-8","16","True","msfn-98se osr-kernelex"
"microsoftregcleanbuild","Microsoft RegClean build 7364.1","commercial","mdgx-toy=4.1a","9x/NT/2000/ME","ftp://ftp.swcp.com/pub/pc/win95/regclean.exe","530","dead: server error","ftp://ftp.swcp.com/pub/pc/win95/regclean.exe","","","False","mdgx-toy"
"microsoftwindows98ibmunimodemapmerrorunimdmtsp","Microsoft Windows 98 IBM Unimodem APM Error UNIMDM.TSP 4.10.2016, UNIMODEM.VXD 4.10.2012 + VCOMM.VXD 4.10.2012 Fix","commercial","","98","ftp://ftp.software.ibm.com/pc/pccbbs/mobiles/w98sfdit.exe","550","dead: server error","ftp://ftp.software.ibm.com/pc/pccbbs/mobiles/w98sfdit.exe","","","False","mdgx-web"
"pechecksumcommandlinetool","PE Checksum command line tool","freeware-unclear","mdgx-toy=1.4","Vista/2008/7/8/8.1/2012; NT4/2000/XP/2003/Vista/2008/7/8/8.1/2012","http://www.ryanvm.net/forum/viewtopic.php?t=5381","500","dead: server error","http://ryanvm.net/forum/viewtopic.php?t=5381","text/html; charset=UTF-8","","False","mdgx-toy"
"windowsmediaplayer","Windows Media Player","commercial","msfn-95=6.4","95","http://www.oldapps.com/windows_media_player.php?old_windows_media_player=3","522","dead: server error","https://www.oldapps.com/windows_media_player.php?old_windows_media_player=3","text/plain; charset=UTF-8","16","True","msfn-95"
"winpatrol","WinPatrol (Windows 95)","commercial","msfn-98se=10.03","98SE","http://www.oldapps.com/WinPatrol.php","522","dead: server error","https://www.oldapps.com/WinPatrol.php","text/plain; charset=UTF-8","16","True","msfn-98se"
"cacheman","CacheMan","shareware","mdgx-toy=5.50; msfn-98se=5.50","9x/NT4/2000/ME/XP/2003; 98SE","http://www.outertech.com/files/cachm550.exe","200","file","https://www.outertech.com/downloads/cachm1070.exe","application/octet-stream","6468384","True","mdgx-toy msfn-98se"
"editpadlite","EditPad Lite","freeware-unclear","mdgx-toy=6.6.0","98/NT4/2000/ME/XP/2003/Vista/2008/7/8/8.1/2012; 98SE","http://download.jgsoft.com/editpad/SetupEditPadLite.exe","200","file","http://download.jgsoft.com/editpad/SetupEditPadLite.exe","application/x-msdownload","19309896","False","mdgx-toy msfn-98se"
"fmlfnstsr","FmLfns TSR","shareware","mdgx-toy=1.1","95/98/ME","http://www.wincorner.com/files/fmlfns95.exe","200","file","http://www.wincorner.com/files/fmlfns95.exe","application/octet-stream","49416","False","mdgx-toy"
"iconmaster","Icon Master","shareware","mdgx-toy=1.2d","3.1x/9x/ME","https://www.mdgx.com/files/IMSTR12D.ZIP","200","file","https://www.mdgx.com/files/IMSTR12D.ZIP","application/zip","117956","True","mdgx-toy"
"imageresizer","Image Resizer","commercial","","2000/XP/2003/Vista/2008/7","http://download.microsoft.com/download/whistler/Install/2/WXP/EN-US/ImageResizerPowertoySetup.exe","200","file","https://download.microsoft.com/download/whistler/Install/2/WXP/EN-US/ImageResizerPowertoySetup.exe","application/octet-stream","532616","True","mdgx-toy"
"java6u7","Java 6u7","freeware-unclear","","Windows 95/98/ME","http://www.mdgx.com/files/JAVA_6U7.MSI","200","file","https://www.mdgx.com/files/JAVA_6U7.MSI","application/octet-stream","15859712","True","osr-final"
"microsoftkerneltoysset","Microsoft Kernel Toys Set","commercial","","95/OSR1/OSR2","https://web.archive.org/web/20070320222146/http://download.microsoft.com/download/c/1/a/c1a2a8d9-e2e0-4b94-8e47-61583e71b837/W95KRNLTOYS.EXE","200","file","https://web.archive.org/web/20070320222146/http://download.microsoft.com/download/c/1/a/c1a2a8d9-e2e0-4b94-8e47-61583e71b837/W95KRNLTOYS.EXE","application/octet-stream","57120","True","mdgx-toy"
"microsoftplusforwindows9898sp198sezipfoldersdunzip32dll","Microsoft Plus! for Windows 98/98 SP1/98 SE ZIP Folders DUNZIP32.DLL 3.00.18, DZIP32.DLL 3.00.18 + ZIPFLDR.DLL 5.0.531.0 Security Vulnerability Fix","commercial","","98/98 SP1/98 SE","http://download.microsoft.com/download/WIN98/UPDATE/25556/W98/EN-US/329048USA8.EXE","200","file","https://download.microsoft.com/download/WIN98/UPDATE/25556/W98/EN-US/329048USA8.EXE","application/octet-stream","273744","True","mdgx-web"
"microsoftpowertoys95set","Microsoft Power Toys 95 Set","commercial","","95/OSR1/OSR2/NT4","https://web.archive.org/web/20120206031214/http://download.microsoft.com/download/5/2/e/52e8fd68-e528-4995-abe2-5644583536e1/W95powertoy.exe","200","file","https://web.archive.org/web/20120206031214/http://download.microsoft.com/download/5/2/e/52e8fd68-e528-4995-abe2-5644583536e1/W95powertoy.exe","application/octet-stream","209241","True","mdgx-toy"
"microsoftwindows95servicepack1upgradeswindows95standardeditiontowindows95aoemservicerelease1","Microsoft Windows 95 Service Pack 1 (SP1) upgrades Windows 95 Standard Edition to Windows 95a OEM Service Release 1 (OSR1)","commercial","","95","https://web.archive.org/web/20070222193927/http://download.microsoft.com/download/2/5/2/252f6ada-3c1b-4707-bbbe-41d8c20dc798/W95setup.exe","200","file","https://web.archive.org/web/20070222193927/http://download.microsoft.com/download/2/5/2/252f6ada-3c1b-4707-bbbe-41d8c20dc798/W95setup.exe","application/octet-stream","1264640","True","mdgx-web"
"microsoftwindows95osr1osr2dialupnetworkingupgrade","Microsoft Windows 95/OSR1/OSR2 Dial-Up Networking (DUN) Upgrade","commercial","mdgx-web=1.4","95/OSR1/OSR2","http://download.microsoft.com/download/win95/Update/17648/W95/EN-US/dun14-95.exe","200","file","https://download.microsoft.com/download/win95/Update/17648/W95/EN-US/dun14-95.exe","application/octet-stream","1890376","True","mdgx-web"
"microsoftwindows95osr1osr2malformedipxnmpipacketnwlinkvxd+vservervxdsecurityvulnerabilityfix","Microsoft Windows 95/OSR1/OSR2 Malformed IPX NMPI Packet NWLINK.VXD + VSERVER.VXD Security Vulnerability Fix","commercial","","95/OSR1/OSR2","http://download.microsoft.com/download/win95/Update/11974/W95/EN-US/273727USA5.EXE","200","file","https://download.microsoft.com/download/win95/Update/11974/W95/EN-US/273727USA5.EXE","application/octet-stream","243872","True","mdgx-web"
"microsoftwindows95osr1osr2malformedtelnetargumenttelnetexesecurityvulnerabilityfix","Microsoft Windows 95/OSR1/OSR2 Malformed Telnet Argument TELNET.EXE Security Vulnerability Fix","commercial","","95/OSR1/OSR2","http://download.microsoft.com/download/win95upg/Update/10/W95/EN-US/telnet95.exe","200","file","https://download.microsoft.com/download/win95upg/Update/10/W95/EN-US/telnet95.exe","application/octet-stream","178144","True","mdgx-web"
"microsoftwindows95osr1osr2shelluncheckedbufferarbitrarycodeexecutionshell32dll","Microsoft Windows 95/OSR1/OSR2 Shell Unchecked Buffer Arbitrary Code Execution SHELL32.DLL 4.72.3812.600 Security Vulnerability Fix","commercial","","95/OSR1/OSR2","http://download.microsoft.com/download/ie4095/actdesk/4.01_sp2/W9XNT4/EN-US/q313829.exe","200","file","https://download.microsoft.com/download/ie4095/actdesk/4.01_sp2/W9XNT4/EN-US/q313829.exe","application/octet-stream","854096","True","mdgx-web"
"microsoftwindows95osr1osr2supportassistantselfhelphelpfiles","Microsoft Windows 95/OSR1/OSR2 Support Assistant Self-Help Help Files","commercial","","95/OSR1/OSR2","http://download.microsoft.com/download/win95upg/Utility/2/W9X/EN-US/assist.exe","200","file","https://download.microsoft.com/download/win95upg/Utility/2/W9X/EN-US/assist.exe","application/octet-stream","1320501","True","mdgx-web"
"microsoftwindows95osr1osr2tcpipprematurelytransmittedpacketsvtcp386","Microsoft Windows 95/OSR1/OSR2 TCP/IP Prematurely Transmitted Packets VTCP.386 4.10.1658 Fix","commercial","","95/OSR1/OSR2","http://download.microsoft.com/download/win95/update/3111/w95/en-us/236926usa5.exe","200","file","https://download.microsoft.com/download/win95/update/3111/w95/en-us/236926usa5.exe","application/octet-stream","175264","True","mdgx-web"
"microsoftwindows95osr1osr2winsockupgrade","Microsoft Windows 95/OSR1/OSR2 Winsock (Windows Sockets) Upgrade","commercial","mdgx-web=2.0","95/OSR1/OSR2","https://web.archive.org/web/20110302085642/http://download.microsoft.com/download/0/e/0/0e05231b-6bd1-4def-a216-c656fbd22b4e/w95ws2setup.exe","200","file","https://web.archive.org/web/20101225105417/http://download.microsoft.com/download/0/e/0/0e05231b-6bd1-4def-a216-c656fbd22b4e/W95ws2setup.exe","application/octet-stream","986400","True","mdgx-web"
"microsoftwindows95bosr","Microsoft Windows 95B OSR 2.0/2.1 International (other than U.S. English) Memory Leak IO.SYS Patches","commercial","","95B OSR 2.0","http://download.microsoft.com/download/win95/Update/5503/W95/EN-US/PCCARDUPD.EXE","200","file","https://download.microsoft.com/download/win95/Update/5503/W95/EN-US/PCCARDUPD.EXE","application/octet-stream","220328","True","mdgx-web"
"microsoftwindows95b95cosr2xamdcpus350mhzprotectionerrorntkernvxdesdi506pdrhsfloppdrscsiportpdrcdfsvxddisktsdvxdint13vxdiosvxd+vfbackupvxdfix","Microsoft Windows 95B/95C OSR 2.x AMD CPUs > 350 MHz Protection Error NTKERN.VXD ( OSR 2.1 ONLY! ), ESDI_506.PDR, HSFLOP.PDR, SCSIPORT.PDR, CDFS.VXD, DISKTSD.VXD, INT13.VXD, IOS.VXD + VFBACKUP.VXD Fix","commercial","","95B/95C OSR 2.x","http://download.microsoft.com/download/win95upg/patch/1.2/w95/en-us/amdk6upd.exe","200","file","https://download.microsoft.com/download/win95upg/patch/1.2/w95/en-us/amdk6upd.exe","application/octet-stream","290288","True","mdgx-web"
"microsoftwindows98cacheddomainpasswordmsnp32dll","Microsoft Windows 98 Cached Domain Password MSNP32.DLL 4.10.2000 Security Vulnerability Fix","commercial","","98","http://download.microsoft.com/download/win98/update/168115/w98/en-us/168115us8.exe","200","file","https://download.microsoft.com/download/win98/update/168115/w98/en-us/168115us8.exe","application/octet-stream","165864","True","mdgx-web"
"microsoftwindows98computerhangsafter","Microsoft Windows 98 Computer Hangs After 49.7 Days VTDAPI.VXD 4.10.2012 Fix","commercial","","98","http://download.microsoft.com/download/win95upg/Update/8/W95/EN-US/216641up.exe","200","file","https://download.microsoft.com/download/win95upg/Update/8/W95/EN-US/216641up.exe","application/octet-stream","135680","True","mdgx-web"
"microsoftwindows98microsoft+novellnetworks+clientnetdidll","Microsoft Windows 98 Microsoft + Novell Networks + Client NETDI.DLL 4.10.2029 Fix","commercial","","98","http://download.microsoft.com/download/win98/Update/Q190656/W98/EN-US/190656_98UP.EXE","200","file","https://download.microsoft.com/download/win98/Update/Q190656/W98/EN-US/190656_98UP.EXE","application/octet-stream","276456","True","mdgx-web"
"microsoftwindows98seamdcpu+viausbcontrollerusbuhcdsys","Microsoft Windows 98 SE AMD CPU + VIA USB Controller USB UHCD.SYS 4.10.2223 Fix","commercial","","98 SE","http://download.microsoft.com/download/win98SE/Patch/4.10.2223/W98/EN-US/240075up.exe","200","file","https://download.microsoft.com/download/win98SE/Patch/4.10.2223/W98/EN-US/240075up.exe","application/octet-stream","162304","True","mdgx-web"
"microsoftwindows98seaol+wdmusbmodemsccportsysusbsersys+wdmmdmldvxdfix","Microsoft Windows 98 SE AOL + WDM/USB Modems CCPORT.SYS, USBSER.SYS + WDMMDMLD.VXD Fix","commercial","","98 SE","http://download.microsoft.com/download/whistler/wdmmdm/1.0/wxp/en-us/wdmmdm.exe","200","file","https://download.microsoft.com/download/whistler/wdmmdm/1.0/wxp/en-us/wdmmdm.exe","application/octet-stream","275368","True","mdgx-web"
"microsoftwindows98seieee13941394bussys+ohci1394sysfix","Microsoft Windows 98 SE IEEE 1394 (FireWire) 1394BUS.SYS + OHCI1394.SYS Fix","commercial","","98 SE","http://download.microsoft.com/download/win98se/update/5982/w98/en-us/252958usa8.exe","200","file","https://download.microsoft.com/download/win98se/update/5982/w98/en-us/252958usa8.exe","application/octet-stream","187608","True","mdgx-web"
"microsoftwindows98seieee1394hotplugdll","Microsoft Windows 98 SE IEEE 1394 (FireWire) HOTPLUG.DLL 4.10.2224, USER32.DLL 4.10.2223, SYSTRAY.EXE 4.10.2224, USER.EXE 4.10.2226, HARDWARE.HLP, 1394.INF, NTMAP.INF, NTMAPHLP.PDR 4.10.2223, 1394BUS.SYS 4.10.2224, NTMAP.SYS 4.10.2224, OHCI1394.SYS 4.10.2224, SBP2PORT.SYS 4.10.2224, DISKTSD.VXD 4.10.2223 + IOS.VXD 4.10.2223 Fix","commercial","","98 SE","http://download.microsoft.com/download/win98se/Update/2944-2/W98/EN-US/242975USA8.EXE","200","file","https://download.microsoft.com/download/win98se/Update/2944-2/W98/EN-US/242975USA8.EXE","application/octet-stream","597720","True","mdgx-web"
"microsoftwindows98seimpropershutdowninacpistandbyconfigmgvxd","Microsoft Windows 98 SE Improper Shut Down in ACPI Standby CONFIGMG.VXD 4.10.2225 Fix","commercial","","98 SE","http://download.microsoft.com/download/win98se/update/14007/w98/en-us/253711usa8.exe","200","file","https://download.microsoft.com/download/win98se/update/14007/w98/en-us/253711usa8.exe","application/octet-stream","208576","True","mdgx-web"
"microsoftwindows98sescandiskrunsevenifcorrectshutdownanddosdeviceinpathnameifsmgrvxd","Microsoft Windows 98 SE ScanDisk Runs Even If Correct Shutdown and DOS Device in Path Name IFSMGR.VXD 4.10.2225 Fix","commercial","","98 SE","http://download.microsoft.com/download/win98SE/Update/11956/W98/EN-US/273017USA8.EXE","200","file","https://download.microsoft.com/download/win98SE/Update/11956/W98/EN-US/273017USA8.EXE","application/octet-stream","229568","True","mdgx-web"
"microsoftwindows98seusbopenhcicontrolleronfastcomputersopenhcisys","Microsoft Windows 98 SE USB OpenHCI Controller on Fast Computers OPENHCI.SYS 4.10.2228 Fix","commercial","","98 SE","http://download.microsoft.com/download/win98SE/Update/6101/W98/EN-US/253697USA8.EXE","200","file","https://download.microsoft.com/download/win98SE/Update/6101/W98/EN-US/253697USA8.EXE","application/octet-stream","154328","True","mdgx-web"
"microsoftwindows98sewebtvinteractivecontentenhtrigdll+nabtsfecsysfix","Microsoft Windows 98 SE WebTV Interactive Content ENHTRIG.DLL + NABTSFEC.SYS Fix","commercial","","98 SE","http://download.windowsupdate.com/msdownload/update/v3-19990518/cabpool/245272USA8_BCB9234CBD9818C3EAB1E0DEA97DC09087CDCB25.EXE","200","file","http://download.windowsupdate.com/msdownload/update/v3-19990518/cabpool/245272USA8_BCB9234CBD9818C3EAB1E0DEA97DC09087CDCB25.EXE","application/octet-stream","291520","False","mdgx-web"
"microsoftwindows98usbopenhcicontrolleronfastcomputersopenhcisys","Microsoft Windows 98 USB OpenHCI Controller on Fast Computers OPENHCI.SYS 4.10.2022 Fix","commercial","","98","http://download.microsoft.com/download/win98SE/Update/4003/W98/EN-US/241134usa8.exe","200","file","https://download.microsoft.com/download/win98SE/Update/4003/W98/EN-US/241134usa8.exe","application/octet-stream","162976","True","mdgx-web"
"microsoftwindows9898sp198se+icsupnpuncheckedbuffersystemcompromisessdpapidllupnpdll+ssdpsrvexe","Microsoft Windows 98/98 SP1/98 SE + ICS UPnP Unchecked Buffer System Compromise SSDPAPI.DLL, UPNP.DLL + SSDPSRV.EXE 4.90.3003 Security Vulnerability Fix","commercial","","98/98 SP1/98 SE","http://download.microsoft.com/download/win98SE/Patch/Q314941/W98/EN-US/314941USA8.EXE","200","file","https://download.microsoft.com/download/win98SE/Patch/Q314941/W98/EN-US/314941USA8.EXE","application/octet-stream","228936","True","mdgx-web"
"microsoftwindows9898sp198secertificateflawdeletionxenrolldllsecurityvulnerabilityfix","Microsoft Windows 98/98 SP1/98 SE Certificate Flaw Deletion XENROLL.DLL Security Vulnerability Fix","commercial","","98/98 SP1/98 SE","http://download.microsoft.com/download/WIN98/PATCH/24421/W98/EN-US/323172USA8.EXE","200","file","https://download.microsoft.com/download/WIN98/PATCH/24421/W98/EN-US/323172USA8.EXE","application/octet-stream","219472","True","mdgx-web"
"microsoftwindows9898sp198secomputerhangsuser32dll+userexefix","Microsoft Windows 98/98 SP1/98 SE Computer Hangs USER32.DLL + USER.EXE (4.10.2001 for Win98/98 SP1 + 4.10.2231 for Win98 SE) Fix","commercial","","98/98 SP1/98 SE","https://web.archive.org/web/20061111001126/http://ftp.isu.edu.tw/pub/CPatch/msupdate/win98se-nsrc/backup/291362usa8.exe","200","file","https://web.archive.org/web/20061111001126/http://ftp.isu.edu.tw/pub/CPatch/msupdate/win98se-nsrc/backup/291362usa8.exe","application/octet-stream","479304","True","mdgx-web"
"microsoftwindows9898sp198seharddisks64gbfdiskexefix","Microsoft Windows 98/98 SP1/98 SE Hard Disks > 64 GB FDISK.EXE Fix","commercial","","98/98 SP1/98 SE","http://download.microsoft.com/download/Win98/Update/8266R/W98/EN-US/263044USA8.EXE","200","file","https://download.microsoft.com/download/Win98/Update/8266R/W98/EN-US/263044USA8.EXE","application/octet-stream","179360","True","mdgx-web"
"microsoftwindows9898sp198semalformedipxnmpipacketnwlinkvxd+vservervxdsecurityvulnerabilityfix","Microsoft Windows 98/98 SP1/98 SE Malformed IPX NMPI Packet NWLINK.VXD + VSERVER.VXD Security Vulnerability Fix","commercial","","98/98 SP1/98 SE","http://download.microsoft.com/download/win98/Update/11974/W98/EN-US/273727USA8.EXE","200","file","https://download.microsoft.com/download/win98/Update/11974/W98/EN-US/273727USA8.EXE","application/octet-stream","243360","True","mdgx-web"
"microsoftwindows9898sp198semsdosharddiskerrorsiosysfix","Microsoft Windows 98/98 SP1/98 SE MS-DOS Hard Disk Errors IO.SYS Fix","commercial","","98/98 SP1/98 SE","http://download.microsoft.com/download/Win98/Patch/22527/W98/EN-US/311561USA8.EXE","200","file","https://download.microsoft.com/download/Win98/Patch/22527/W98/EN-US/311561USA8.EXE","application/octet-stream","306792","True","mdgx-web"
"microsoftwindows9898sp198sescandiskerrorswithideharddisks32gbesdi506pdrfix","Microsoft Windows 98/98 SP1/98 SE ScanDisk Errors With (E)IDE Hard Disks > 32 GB ESDI_506.PDR (4.10.2186 for Win98/98 SP1 + 4.10.2225 for Win98 SE) Fix","commercial","","98/98 SP1/98 SE","http://download.microsoft.com/download/win98SE/Update/5638-6151/W98/EN-US/243450USA8.EXE","200","file","https://download.microsoft.com/download/win98SE/Update/5638-6151/W98/EN-US/243450USA8.EXE","application/octet-stream","161976","True","mdgx-web"
"microsoftwindows9898sp198seshelluncheckedbufferarbitrarycodeexecutionshell32dll","Microsoft Windows 98/98 SP1/98 SE Shell Unchecked Buffer Arbitrary Code Execution SHELL32.DLL 4.72.3812.600 Security Vulnerability Fix","commercial","","98/98 SP1/98 SE","http://download.microsoft.com/download/ie4095/actdesk/4.01_sp2/W9XNT4/EN-US/q313829.exe","200","file","https://download.microsoft.com/download/ie4095/actdesk/4.01_sp2/W9XNT4/EN-US/q313829.exe","application/octet-stream","854096","True","mdgx-web"
"microsoftwindows9898sp198setcpipprematurelytransmittedpacketsvtcp386","Microsoft Windows 98/98 SP1/98 SE TCP/IP Prematurely Transmitted Packets VTCP.386 4.10.2223 Fix","commercial","","98/98 SP1/98 SE","http://download.microsoft.com/download/win98/Update/3111/W98/EN-US/236926USA8.EXE","200","file","https://download.microsoft.com/download/win98/Update/3111/W98/EN-US/236926USA8.EXE","application/octet-stream","174056","True","mdgx-web"
"microsoftwindows9898sp198sewebtvdenialofserviceannclistexesecurityvulnerabilityfix","Microsoft Windows 98/98 SP1/98 SE WebTV Denial of Service ANNCLIST.EXE Security Vulnerability Fix","commercial","","98/98 SP1/98 SE","http://download.microsoft.com/download/win98SE/Update/12278/W98/EN-US/274113USA8.EXE","200","file","https://download.microsoft.com/download/win98SE/Update/12278/W98/EN-US/274113USA8.EXE","application/octet-stream","185536","True","mdgx-web"
"microsoftwindows9xnt42000mexp2003installercleanuputility","Microsoft Windows 9x/NT4/2000/ME/XP/2003 Installer CleanUp Utility (MSICU)","commercial","","9x/NT4/2000/ME/XP/2003","https://web.archive.org/web/20100118134256/http://download.microsoft.com/download/e/9/d/e9d80355-7ab4-45b8-80e8-983a48d5e1bd/msicuu2.exe","200","file","https://web.archive.org/web/20100118134256/http://download.microsoft.com/download/e/9/d/e9d80355-7ab4-45b8-80e8-983a48d5e1bd/msicuu2.exe","application/octet-stream","359656","True","mdgx-toy"
"microsoftwindowsme+icsupnpuncheckedbuffersystemcompromisessdpapidllupnpdll+ssdpsrvexe","Microsoft Windows ME + ICS UPnP Unchecked Buffer System Compromise SSDPAPI.DLL, UPNP.DLL + SSDPSRV.EXE 4.90.3003 Security Vulnerability Fix","commercial","","ME","http://download.microsoft.com/download/winme/Update/22940/WinMe/EN-US/314757USAM.EXE","200","file","https://download.microsoft.com/download/winme/Update/22940/WinMe/EN-US/314757USAM.EXE","application/octet-stream","228928","True","mdgx-web"
"microsoftwindowsmeaol+wdmusbmodemsccportsysfix","Microsoft Windows ME AOL + WDM/USB Modems CCPORT.SYS Fix","commercial","","ME","http://download.microsoft.com/download/winme/Update/11698/WinMe/EN-US/272016USAM.EXE","200","file","https://download.microsoft.com/download/winme/Update/11698/WinMe/EN-US/272016USAM.EXE","application/octet-stream","159896","True","mdgx-web"
"microsoftwindowsmecertificateflawdeletionxenrolldllsecurityvulnerabilityfix","Microsoft Windows ME Certificate Flaw Deletion XENROLL.DLL Security Vulnerability Fix","commercial","","ME","http://download.microsoft.com/download/WINME/PATCH/24421/WINME/EN-US/323172USAM.EXE","200","file","https://download.microsoft.com/download/WINME/PATCH/24421/WINME/EN-US/323172USAM.EXE","application/octet-stream","216896","True","mdgx-web"
"microsoftwindowsmedefragexeexception03herrorwithmcafeeantivirusfix","Microsoft Windows ME DEFRAG.EXE Exception 03h Error with McAfee Anti-Virus Fix","commercial","","ME","https://web.archive.org/web/20070311105216/http://download.nai.com/products/retail/english/cmapifix/cmapifix.exe","200","file","https://web.archive.org/web/20070311105216/http://download.nai.com/products/retail/english/cmapifix/cmapifix.exe","application/octet-stream","42665","True","mdgx-web"
"microsoftwindowsmedialupconnection+vpnservernetpptpsys","Microsoft Windows ME Dial-Up Connection + VPN Server NETPPTP.SYS 4.90.3001 Fix","commercial","","ME","http://download.microsoft.com/download/winme/update/13111/winme/en-us/278031usam.exe","200","file","https://download.microsoft.com/download/winme/update/13111/winme/en-us/278031usam.exe","application/octet-stream","166040","True","mdgx-web"
"microsoftwindowsmedvdplayerudfvxd","Microsoft Windows ME DVD Player UDF.VXD 4.90.3001 Fix","commercial","","ME","http://download.microsoft.com/download/WinMe/Update/22366/WinME/EN-US/310695USAM.EXE","200","file","https://download.microsoft.com/download/WinMe/Update/22366/WinME/EN-US/310695USAM.EXE","application/octet-stream","168512","True","mdgx-web"
"microsoftwindowsmehelpandsupportcenterflawhelpctrexesecurityvulnerabilityfix","Microsoft Windows ME Help and Support Center Flaw HELPCTR.EXE Security Vulnerability Fix","commercial","","ME","http://download.windowsupdate.com/msdownload/update/v3-19990518/cabpool/812709_3FE395B778B7C8704A0DE247305222EB07ED386A.EXE","200","file","http://download.windowsupdate.com/msdownload/update/v3-19990518/cabpool/812709_3FE395B778B7C8704A0DE247305222EB07ED386A.EXE","application/octet-stream","300352","False","mdgx-web"
"microsoftwindowsmehyperterminalbufferoverflowhticonsdllhypertrmdll+hypertrmexesecurityvulnerabilityfix","Microsoft Windows ME HyperTerminal Buffer Overflow HTICONS.DLL, HYPERTRM.DLL + HYPERTRM.EXE Security Vulnerability Fix","commercial","","ME","http://download.microsoft.com/download/winme/Update/12395/WinMe/EN-US/274548USAM.EXE","200","file","https://download.microsoft.com/download/winme/Update/12395/WinMe/EN-US/274548USAM.EXE","application/octet-stream","310848","True","mdgx-web"
"microsoftwindowsmemalformedipxnmpipacketnwlinkvxd","Microsoft Windows ME Malformed IPX NMPI Packet NWLINK.VXD 4.90.3003 + VSERVER.VXD 4.90.3002 Security Vulnerability Fix","commercial","","ME","http://download.microsoft.com/download/winme/Update/11974/WinMe/EN-US/273727USAM.EXE","200","file","https://download.microsoft.com/download/winme/Update/11974/WinMe/EN-US/273727USAM.EXE","application/octet-stream","221848","True","mdgx-web"
"microsoftwindowsmemoviemakersupportedvideodevicesmoviemkexe","Microsoft Windows ME Movie Maker Supported Video Devices MOVIEMK.EXE 1.0.1377.0 Fix","commercial","","ME","http://download.windowsupdate.com/msdownload/update/v3-19990518/cabpool/287564_C357B6006425BFFD54868CA64F1A975D567C1451.EXE","200","file","http://download.windowsupdate.com/msdownload/update/v3-19990518/cabpool/287564_C357B6006425BFFD54868CA64F1A975D567C1451.EXE","application/octet-stream","459416","False","mdgx-web"
"microsoftwindowsmemsdosharddiskerrorsiosysfix","Microsoft Windows ME MS-DOS Hard Disk Errors IO.SYS Fix","commercial","","ME","http://download.microsoft.com/download/WinME/Patch/22527/WinME/EN-US/311561USAM.EXE","200","file","https://download.microsoft.com/download/WinME/Patch/22527/WinME/EN-US/311561USAM.EXE","application/octet-stream","356416","True","mdgx-web"
"microsoftwindowsmenetworkingerrorsvnetbiosvxd","Microsoft Windows ME Networking Errors VNETBIOS.VXD 4.90.3000 Fix","commercial","","ME","http://download.microsoft.com/download/winme/update/13387/winme/en-us/272991usam.exe","200","file","https://download.microsoft.com/download/winme/update/13387/winme/en-us/272991usam.exe","application/octet-stream","152216","True","mdgx-web"
"microsoftwindowsmescandiskrunsevenifcorrectshutdown+dosdeviceinpathnameifsmgrvxd","Microsoft Windows ME ScanDisk Runs Even If Correct Shutdown + DOS Device in Path Name IFSMGR.VXD 4.90.3002 Fix","commercial","","ME","http://download.microsoft.com/download/winme/Update/11956/WinME/EN-US/273017USAM.EXE","200","file","https://download.microsoft.com/download/winme/Update/11956/WinME/EN-US/273017USAM.EXE","application/octet-stream","228504","True","mdgx-web"
"microsoftwindowsmesocketserroriphlpapidll","Microsoft Windows ME Sockets Error IPHLPAPI.DLL 4.90.3001 Fix","commercial","","ME","http://download.microsoft.com/download/winme/Update/13195/WinMe/EN-US/279866USAM.EXE","200","file","https://download.microsoft.com/download/winme/Update/13195/WinMe/EN-US/279866USAM.EXE","application/octet-stream","161432","True","mdgx-web"
"microsoftwindowsmesslcertificateflawidentityspoofingcrypt32dll+cryptdlgdllsecurityvulnerabilityfix","Microsoft Windows ME SSL Certificate Flaw Identity Spoofing CRYPT32.DLL + CRYPTDLG.DLL Security Vulnerability Fix","commercial","","ME","http://download.windowsupdate.com/msdownload/update/v3-19990518/CabPool/329115_ME_7B77D4AB183D2DF9F5306C17F13C959C2380DB44.EXE","200","file","http://download.windowsupdate.com/msdownload/update/v3-19990518/CabPool/329115_ME_7B77D4AB183D2DF9F5306C17F13C959C2380DB44.EXE","application/octet-stream","376640","False","mdgx-web"
"microsoftwindowsmesystemrestorecheckpointsmgrdllfix","Microsoft Windows ME System Restore Checkpoint SMGR.DLL Fix","commercial","","ME","http://download.microsoft.com/download/winme/update/16372/winme/en-us/290700usam.exe","200","file","https://download.microsoft.com/download/winme/update/16372/winme/en-us/290700usam.exe","application/octet-stream","225136","True","mdgx-web"
"microsoftwindowsmewebtvdenialofserviceannclistexesecurityvulnerabilityfix","Microsoft Windows ME WebTV Denial of Service ANNCLIST.EXE Security Vulnerability Fix","commercial","","ME","http://download.microsoft.com/download/winme/Update/12278/WinMe/EN-US/274113USAM.EXE","200","file","https://download.microsoft.com/download/winme/Update/12278/WinMe/EN-US/274113USAM.EXE","application/octet-stream","184984","True","mdgx-web"
"microsoftwindowsmezipfoldersdunzip32dll","Microsoft Windows ME ZIP Folders DUNZIP32.DLL 3.00.17, DZIP32.DLL 3.00.17 + ZIPFLDR.DLL 5.50.4921.1000 Security Vulnerability Fix","commercial","","ME","http://download.windowsupdate.com/msdownload/update/v3-19990518/CabPool/329048_3E84647A527E386B05A78DD79AF876BFCFC147E1.EXE","200","file","http://download.windowsupdate.com/msdownload/update/v3-19990518/CabPool/329048_3E84647A527E386B05A78DD79AF876BFCFC147E1.EXE","application/octet-stream","293184","False","mdgx-web"
"microsoftwindowsnt","Microsoft Windows NT 4.0/98/98 SP1/98 SE System Preparation Tools","commercial","","NT","https://web.archive.org/web/20080222200834/http://download.microsoft.com/download/winntwks40/Utility/4.71.1015.0/NT4/EN-US/WIN_DEPLOY.exe","200","file","https://web.archive.org/web/20080222200834/http://download.microsoft.com/download/winntwks40/Utility/4.71.1015.0/NT4/EN-US/WIN_DEPLOY.exe","application/octet-stream","2595248","True","mdgx-web"
"mousewithoutborders","Mouse Without Borders","commercial","mdgx-toy=2.1","XP SP3/2003/Vista/2008/7/8/8.1/2012","http://download.microsoft.com/download/6/5/8/658AFC4C-DC02-4CB8-839D-10253E89FFF7/MouseWithoutBordersSetup.msi","200","file","https://download.microsoft.com/download/6/5/8/658AFC4C-DC02-4CB8-839D-10253E89FFF7/MouseWithoutBordersSetup.msi","application/octet-stream","1396736","True","mdgx-toy"
"notetablite","NoteTab Lite","freeware-unclear","mdgx-toy=6.2","9x/NT4/2000/ME/XP/2003/Vista/2008/7/8/8.1/2012","http://www.fookes.com/ftp/free/NoteTab_Setup.exe","200","file","http://www.fookes.com/ftp/free/NoteTab_Light_Setup.exe","application/x-msdownload","2060990","False","mdgx-toy"
"nvidiaunofficialforceware","nVidia Unofficial ForceWare","commercial","msfn-98se=82.69","98SE","http://www.mdgx.com/files/NV8269.EXE","200","file","https://www.mdgx.com/files/NV8269.EXE","application/x-msdownload","15249920","True","msfn-98se"
"pcimageeditor","PC Image Editor","freeware-unclear","mdgx-toy=3.65","98/NT4/2000/ME/XP/2003/Vista/2008/7","http://www.program4pc.com/download/PCImageEdSetup.exe","200","file","https://www.program4pc.net/download/Photo-Editor_Setup.exe","application/x-msdownload","57449960","True","mdgx-toy"
"rawimagethumbnailerandviewer","RAW Image Thumbnailer and Viewer","commercial","mdgx-toy=1.0","XP SP2/2003","https://web.archive.org/web/20150327140740/http://download.microsoft.com/download/b/b/3/bb35c5c1-8059-4bef-83ba-3c44a5c0b2f1/RAWViewerSetup.exe","200","file","https://web.archive.org/web/20150327140740/http://download.microsoft.com/download/b/b/3/bb35c5c1-8059-4bef-83ba-3c44a5c0b2f1/RAWViewerSetup.exe","application/octet-stream","6068160","True","mdgx-toy"
"registrarregistrymanagerlite","Registrar Registry Manager Lite","shareware","mdgx-toy=4.04","9x/NT4/2000/ME/XP/2003","http://www.resplendence.com/download/rrtri.exe","200","file","https://www.resplendence.com/download/rrtri.exe","application/octet-stream","9169496","True","mdgx-toy"
"searchreplace","Search & Replace","freeware-unclear","mdgx-toy=3.1e","9x/NT4/2000/ME/XP/2003","http://www.inforapid.com/sr/sr.exe","200","file","https://inforapid.de/sr/sr.exe","application/x-msdownload","1037513","True","mdgx-toy"
"synctoy","SyncToy","commercial","mdgx-toy=2.1","XP/Vista/7","https://web.archive.org/web/20070905223541/http://download.microsoft.com/download/e/0/5/e05a8797-eceb-46f6-ad38-a81609e209a0/Setup.msi","200","file","https://web.archive.org/web/20070905223541/http://download.microsoft.com/download/e/0/5/e05a8797-eceb-46f6-ad38-a81609e209a0/Setup.msi","application/octet-stream","994304","True","mdgx-toy"
"sysinternalstoolssuitegui+commandlinetools","SysInternals Tools Suite GUI + command line tools","commercial","","NTx","http://download.sysinternals.com/files/SysinternalsSuite.zip","200","file","https://download.sysinternals.com/files/SysinternalsSuite.zip","application/octet-stream","201571162","True","mdgx-toy"
"windows98segraphicsrenderingenginewindowsmetafilesecurityvulnerabilityfixes","Windows 98 SE Graphics Rendering Engine (GRE) Windows MetaFile (WMF) Security Vulnerability Fixes","commercial","","98 SE","http://download.windowsupdate.com/msdownload/update/v3-19990518/cabpool/Windows98-KB918547-ENU_ab29740587b8bf4cd6380a47a89e3ce.exe","200","file","http://download.windowsupdate.com/msdownload/update/v3-19990518/cabpool/Windows98-KB918547-ENU_ab29740587b8bf4cd6380a47a89e3ce.exe","application/octet-stream","148008","False","mdgx-web"
"windows9898sp1graphicsrenderingenginewindowsmetafilesecurityvulnerabilityfixes","Windows 98/98 SP1 Graphics Rendering Engine (GRE) Windows MetaFile (WMF) Security Vulnerability Fixes","commercial","","98/98 SP1","http://download.windowsupdate.com/msdownload/update/v3-19990518/cabpool/Windows98-KB918547-ENU_ab29740587b8bf4cd6380a47a89e3ce.exe","200","file","http://download.windowsupdate.com/msdownload/update/v3-19990518/cabpool/Windows98-KB918547-ENU_ab29740587b8bf4cd6380a47a89e3ce.exe","application/octet-stream","148008","False","mdgx-web"
"windows9898sp198secursor+iconhandlingsecurityvulnerabilityfixes","Windows 98/98 SP1/98 SE Cursor + Icon Handling Security Vulnerability Fixes","commercial","","98/98 SP1/98 SE","http://download.windowsupdate.com/msdownload/update/v3-19990518/cabpool/Windows98-KB891711-v2-ENU_27519b9f8157c1e9a52e443b0208e0e.EXE","200","file","http://download.windowsupdate.com/msdownload/update/v3-19990518/cabpool/Windows98-KB891711-v2-ENU_27519b9f8157c1e9a52e443b0208e0e.EXE","application/octet-stream","153048","False","mdgx-web"
"windowsmecursor+iconhandlingsecurityvulnerabilityfixes","Windows ME Cursor + Icon Handling Security Vulnerability Fixes","commercial","","ME","http://download.windowsupdate.com/msdownload/update/v3-19990518/cabpool/WindowsME-KB891711-v2-ENU_71c3336e6d7630cff2739a9d05d2eed.EXE","200","file","http://download.windowsupdate.com/msdownload/update/v3-19990518/cabpool/WindowsME-KB891711-v2-ENU_71c3336e6d7630cff2739a9d05d2eed.EXE","application/octet-stream","147928","False","mdgx-web"
"windowsmegraphicsrenderingenginewindowsmetafilesecurityvulnerabilityfixes","Windows ME Graphics Rendering Engine (GRE) Windows MetaFile (WMF) Security Vulnerability Fixes","commercial","","ME","http://download.windowsupdate.com/msdownload/update/v3-19990518/cabpool/WindowsME-KB918547-ENU_346d1c5b14e4c033781cc9630fd4a9a.exe","200","file","http://download.windowsupdate.com/msdownload/update/v3-19990518/cabpool/WindowsME-KB918547-ENU_346d1c5b14e4c033781cc9630fd4a9a.exe","application/octet-stream","153128","False","mdgx-web"
"winzipstandard","WinZip Standard","shareware","","9x/NT4/2000/ME/XP/2003/Vista/2008/7","http://download.winzip.com/ov/winzip121.exe","200","file","http://download.winzip.com/ov/winzip121.exe","application/octet-stream","13727048","False","mdgx-toy"
"aviutl","AviUtl","freeware-unclear","","98SE","http://www.geocities.com/fredledingo/aviutl.htm","200","moved: another site's front page","https://www.yahoo.com/","text/html; charset=utf-8","4408","True","msfn-98se"
"convarpcinspectorfilerecovery","Convar PC Inspector File Recovery","freeware-unclear","msfn-98se=4.0","98SE","http://www.pcinspector.de","200","moved: another site's front page","https://datenretter.de/","text/html; charset=UTF-8","","True","msfn-98se"
"convarpcinspectorsmartrecovery","Convar PC Inspector Smart Recovery","freeware-unclear","msfn-98se=4.50.0001","98SE","http://www.pcinspector.de","200","moved: another site's front page","https://datenretter.de/","text/html; charset=UTF-8","","True","msfn-98se"
"microsoftbootcodeupdateconsolecommandlinetoolsbcupdateforwindowsnt4sp6a+bcupdate2","Microsoft Boot Code Update console command line tools: BCUpdate (BCUPDATE.EXE) for Windows NT4 SP6a + BCUpdate2 v1.3 (BCUPDATE2.EXE) for Windows 2000 SP4/XP/2003","commercial","mdgx-toy=1.1","NT4 SP6a","http://www.autourdupc.com/Logiciel/WIN2000/Softs/bcupdate2.exe","200","moved: another site's front page","http://cluster1.easy-hebergement.net/","text/html","857","False","mdgx-toy"
"microsoftwindows98senetworkvredirerrorsvredirvxd","Microsoft Windows 98 SE Network Vredir Errors VREDIR.VXD 4.10.2230 Fix","commercial","","98 SE","http://www.autourdupc.com/Logiciel/WIN98/Softs/98SE/Q293793/293793USA8.EXE","200","moved: another site's front page","http://cluster1.easy-hebergement.net/","text/html","857","False","mdgx-web"
"microsoftwindows98usbusbaudiosys+usbhubsys","Microsoft Windows 98 USB USBAUDIO.SYS + USBHUB.SYS 4.10.2000 Fix","commercial","","98","http://www.visiongs.de/vfwupd.exe","200","moved: another site's front page","http://www.visiongs.com/","text/html; charset=UTF-8","","False","mdgx-web"
"microsoftwindows9898sp198seacpienabledlaptoperrorconfigmgvxd+iosysfix","Microsoft Windows 98/98 SP1/98 SE ACPI Enabled Laptop Error CONFIGMG.VXD (4.10.2103 for Win98/98 SP1 + 4.10.2223 for Win98 SE) + IO.SYS Fix","commercial","","98/98 SP1/98 SE","http://www.autourdupc.com/Logiciel/WIN98/Softs/98SE/239697USA8.EXE","200","moved: another site's front page","http://cluster1.easy-hebergement.net/","text/html","857","False","mdgx-web"
"microsoftwindows9898sp198sedigitalcdaudioerrorcdvsdvxdfix","Microsoft Windows 98/98 SP1/98 SE Digital CD Audio Error CDVSD.VXD (4.10.2186 for Win98/98 SP1 + 4.10.2226 for Win98 SE) Fix","commercial","","98/98 SP1/98 SE","http://www.autourdupc.com/Logiciel/WIN98/Softs/98ETSE/274370usa8.exe","200","moved: another site's front page","http://cluster1.easy-hebergement.net/","text/html","857","False","mdgx-web"
"slimbrowser","SlimBrowser","freeware-unclear","msfn-98se=4.07.100","98SE","http://www.flashpeak.com/sbrowser","200","moved: another site's front page","https://www.slimbrowser.net/","text/html; charset=UTF-8","","True","msfn-98se"
"spywareblaster","Spyware blaster","commercial","osr-final=4.6","98SE; Windows 98/ME","http://www.javacoolsoftware.com/","200","moved: another site's front page","https://www.brightfort.com/#jc_redirect","text/html","11752","True","msfn-98se osr-final"
"stduviewer","STDU Viewer","freeware-unclear","msfn-kernelex=1.5.647; osr-kernelex=1.6.171; osr-kernelex=1.5.647","Windows 98SE; Windows 98/ME","http://www.stdutility.com/stduviewer.html","200","moved: another site's front page","https://xoilaclivettbdl.tv/","text/html","122929","True","msfn-kernelex osr-kernelex"
"winpatrol2010","WinPatrol 2010 (98/SE/ME)","commercial","msfn-98se=17.0.2010.0","98SE","http://www.winpatrol.com","200","moved: another site's front page","https://www.itamg.com/","text/html; charset=UTF-8","","True","msfn-98se"
"iespell","ieSpell","freeware-unclear","msfn-98se=V.2.5.1","98SE","http://www.iespell.com","301","other: 301","https://www.contractexperience.com/resources/the-importance-of-contract-management-software-and-spell-check-tools-in-business","","","True","msfn-98se"
"microsoftdataaccesscomponents","Microsoft Data Access Components","commercial","msfn-98se=2.8 SP1","98SE","http://www.microsoft.com/downloads/details.aspx?familyid=78cac895-efc2-4f8e-a9e0-3a1afbd5922e&displaylang=en","301","other: 301","https://www.microsoft.com/en-us/download/details.aspx?familyid=78cac895-efc2-4f8e-a9e0-3a1afbd5922e&displaylang=en","","0","True","msfn-98se"
"microsoftinternetexplorer","Microsoft Internet Explorer","commercial","msfn-98se=6 SP1","98SE","http://www.microsoft.com/downloads/details.aspx?FamilyID=1e1550cb-5e5d-48f5-b02b-20b602228de6&DisplayLang=en","301","other: 301","https://www.microsoft.com/en-us/download/details.aspx?FamilyID=1e1550cb-5e5d-48f5-b02b-20b602228de6&DisplayLang=en","","0","True","msfn-98se"
"microsoftmsnmessenger","Microsoft MSN Messenger","commercial","msfn-98se=7.0.0820","98SE","http://www.microsoft.com/downloads/details.aspx?familyid=CF49C56C-8B3E-4EAE-9904-9505F47BED45&displaylang=en","301","other: 301","https://www.microsoft.com/en-us/download/details.aspx?familyid=CF49C56C-8B3E-4EAE-9904-9505F47BED45&displaylang=en","","0","True","msfn-98se"
"microsoftofficeconverterpack","Microsoft Office Converter Pack","commercial","msfn-98se=97-2003","98SE","http://www.microsoft.com/downloads/details.aspx?FamilyID=cf196df0-70e5-4595-8a98-370278f40c57&DisplayLang=en","301","other: 301","https://www.microsoft.com/en-us/download/details.aspx?FamilyID=cf196df0-70e5-4595-8a98-370278f40c57&DisplayLang=en","","0","True","msfn-98se"
"microsoftpowerpoint2003viewer","Microsoft PowerPoint 2003 Viewer","commercial","msfn-98se=2003","98SE","http://www.microsoft.com/downloads/details.aspx?FamilyID=428d5727-43ab-4f24-90b7-a94784af71a4&DisplayLang=en","301","other: 301","https://www.microsoft.com/en-us/download/details.aspx?FamilyID=428d5727-43ab-4f24-90b7-a94784af71a4&DisplayLang=en","","0","True","msfn-98se"
"microsoftremotedesktopconnectionsoftwarexpsp2","Microsoft Remote Desktop Connection Software XPSP2","commercial","msfn-98se=5.1.2600.2180","98SE","http://www.microsoft.com/downloads/details.aspx?FamilyID=80111f21-d48d-426e-96c2-08aa2bd23a49%26DisplayLang%3Den","301","other: 301","https://www.microsoft.com/en-us/download/details.aspx?FamilyID=80111f21-d48d-426e-96c2-08aa2bd23a49%26DisplayLang%3Den","","0","True","msfn-98se"
"microsoftremotedesktopwebconnectionxpsp2","Microsoft Remote Desktop Web Connection XPSP2","commercial","msfn-98se=5.1.2600.2180","98SE","http://www.microsoft.com/downloads/details.aspx?FamilyID=469eee3a-45b4-4b40-b695-b678646a728b%26DisplayLang%3Den","301","other: 301","https://www.microsoft.com/en-us/download/details.aspx?FamilyID=469eee3a-45b4-4b40-b695-b678646a728b%26DisplayLang%3Den","","0","True","msfn-98se"
"microsoftvisio2002viewer","Microsoft Visio 2002 Viewer","commercial","msfn-98se=2002","98SE","http://www.microsoft.com/downloads/details.aspx?FamilyID=8fad9237-c0a7-4b80-a5df-46ce54dad2df&DisplayLang=en","301","other: 301","https://www.microsoft.com/en-us/download/details.aspx?FamilyID=8fad9237-c0a7-4b80-a5df-46ce54dad2df&DisplayLang=en","","0","True","msfn-98se"
"microsoftwindows95aosr195b95cosr2xdatafaxvoicemodemsunimodem","Microsoft Windows 95a OSR1/95B/95C OSR2.x Data/Fax/Voice Modems Unimodem V 4.10.1343 Update","commercial","","95a OSR1/95B/95C OSR2.x","http://www.soft-haus.com/vsoft/files/a5582.zip","301","other: 301","https://www.soft-haus.com/vsoft/files/a5582.zip","","","True","mdgx-web"
"neutron","Neutron","freeware-unclear","","98SE","http://keir.net/neutron.html","301","other: 301","https://keir.net/neutron.html","text/html; charset=iso-8859-1","","True","msfn-98se"
"mcafeefreescan","McAfee Free Scan","commercial","","98SE","http://home.mcafee.com/Downloads/FreeScanDownload.aspx","302","other: 302","https://home.mcafee.com/Downloads/FreeScanDownload.aspx","text/html; charset=utf-8","173","True","msfn-98se"
"powercomupsmon","Powercom UPSMON","freeware-unclear","msfn-98se=2.743","98SE","http://www.pcmups.com.tw/download/Download/upsmon2_743.zip","302","other: 302","https://www.pcmups.com.tw/download/Download/upsmon2_743.zip","","","True","msfn-98se"
"microsoftwindows98sedialupnetworkingupgrade","Microsoft Windows 98 SE Dial-Up Networking (DUN) Upgrade","commercial","mdgx-web=1.4","98 SE","http://www.am.net/lib/TOOLS/Microsoft/Win98/se/dun14-SE.exe","401","other: 401","https://www.am.net/lib/TOOLS/Microsoft/Win98/se/dun14-SE.exe","text/html; charset=utf-8","531","True","mdgx-web"
"microsoftwindows9898sp1dialupnetworkingupgrade","Microsoft Windows 98/98 SP1 Dial-Up Networking (DUN) Upgrade","commercial","mdgx-web=1.4","98/98 SP1","http://www.am.net/lib/TOOLS/Microsoft/Win98/dun14-98.exe","401","other: 401","https://www.am.net/lib/TOOLS/Microsoft/Win98/dun14-98.exe","text/html; charset=utf-8","531","True","mdgx-web"
"98liteprofessional","98Lite Professional","commercial","mdgx-toy=4.7","9x/ME","http://www.litepc.com/98lite.html","403","other: 403","http://www.litepc.com/98lite.html","text/html; charset=UTF-8","","False","mdgx-toy"
"autodeskautocad","AutoDesk AutoCad","commercial","msfn-98se=2002","98SE","http://www.autodesk.com","403","other: 403","http://www.autodesk.com/","text/html","","False","msfn-98se"
"citrixpresentationserverclientpackage","Citrix Presentation Server Client Package","commercial","msfn-98se=9.246","98SE","http://www.firstdatasystems.com/support_downloads.php","403","other: 403","http://www.firstdatasystems.com/support_downloads.php","text/html","","False","msfn-98se"
"easybcdcommunityedition","EasyBCD Community Edition","freeware-unclear","mdgx-toy=2.2.0","2000/XP/2003/Vista/2008/7/8/8.1/2012","http://www.softpedia.com/get/System/OS-Enhancements/EasyBCD.shtml","403","other: 403","https://www.softpedia.com/get/System/OS-Enhancements/EasyBCD.shtml","text/html; charset=UTF-8","","True","mdgx-toy"
"filemonforwindows","FileMon for Windows","commercial","msfn-98se=v7.04","98SE","http://www.microsoft.com/technet/sysinternals/ProcessesAndThreads/Filemon.mspx","403","other: 403","http://www.microsoft.com/technet/sysinternals/ProcessesAndThreads/Filemon.mspx","","","False","msfn-98se"
"findandrunrobot","Find And Run Robot","freeware-unclear","msfn-98se=2.80.01","98SE","http://www.donationcoder.com/Software/Mouser/findrun/","403","other: 403","http://www.donationcoder.com/Software/Mouser/findrun/","text/html; charset=UTF-8","","False","msfn-98se"
"intel21143dc21x4decde500driver","Intel 21143/DC21x4/DEC DE500 driver","freeware-unclear","msfn-98se=5.5","98SE","http://downloadcenter.intel.com/filter_results.aspx?strTypes=all&ProductID=982&OSFullName=All+Operating+Systems%E2%8C%A9=eng&strOSs=All&submit=Go%21","403","other: 403","https://corpredirect.intel.com/Redirector/404Redirector.aspx?404;https://downloadcenter.intel.com/filter_results.aspx?strTypes=all&ProductID=982&OSFullName=All+Operating+Systems%E2%8C%A9=eng&strOSs=All&submit=Go%21","text/html","","True","msfn-98se"
"intelapplicationaccelerator","Intel Application Accelerator","freeware-unclear","msfn-98se=2.2.2; msfn-98se=2.3","98SE","http://downloadcenter.intel.com/filter_results.aspx?strTypes=all&ProductID=663&OSFullName=Windows*+98+SE%E2%8C%A9=eng&strOSs=18&submit=Go%21","403","other: 403","https://corpredirect.intel.com/Redirector/404Redirector.aspx?404;https://downloadcenter.intel.com/filter_results.aspx?strTypes=all&ProductID=663&OSFullName=Windows*+98+SE%E2%8C%A9=eng&strOSs=18&submit=Go%21","text/html","","True","msfn-98se"
"intelchipsvideodriver","Intel CHIPS Video Driver","freeware-unclear","","98SE","http://downloadcenter.intel.com/filter_results.aspx?strTypes=all&ProductID=78&OSFullName=Windows*+98+SE%E2%8C%A9=eng&strOSs=18&submit=Go%21","403","other: 403","https://corpredirect.intel.com/Redirector/404Redirector.aspx?404;https://downloadcenter.intel.com/filter_results.aspx?strTypes=all&ProductID=78&OSFullName=Windows*+98+SE%E2%8C%A9=eng&strOSs=18&submit=Go%21","text/html","","True","msfn-98se"
"intelchipsetsoftwareinstallutility","Intel Chipset Software Install Utility","freeware-unclear","msfn-98se=6.3.0.1007; msfn-98se=3.20.1008","98SE","http://downloadcenter.intel.com/filter_results.aspx?strTypes=all&ProductID=816&OSFullName=Windows*+98+SE%E2%8C%A9=eng&strOSs=18&submit=Go%21","403","other: 403","https://corpredirect.intel.com/Redirector/404Redirector.aspx?404;https://downloadcenter.intel.com/filter_results.aspx?strTypes=all&ProductID=816&OSFullName=Windows*+98+SE%E2%8C%A9=eng&strOSs=18&submit=Go%21","text/html","","True","msfn-98se"
"inteli740videodriver","Intel i740 Video Driver","freeware-unclear","msfn-98se=PV40_9","98SE","http://downloadcenter.intel.com/filter_results.aspx?strTypes=all&ProductID=76&OSFullName=Windows*+98+SE%E2%8C%A9=eng&strOSs=18&submit=Go%21","403","other: 403","https://corpredirect.intel.com/Redirector/404Redirector.aspx?404;https://downloadcenter.intel.com/filter_results.aspx?strTypes=all&ProductID=76&OSFullName=Windows*+98+SE%E2%8C%A9=eng&strOSs=18&submit=Go%21","text/html","","True","msfn-98se"
"intelproseriesnetworkdrivers","Intel PRO Series Network Drivers (without PROSet II)","freeware-unclear","msfn-98se=10.1; msfn-98se=10.3","98SE","http://downloadcenter.intel.com/Detail_Desc.aspx?agr=Y&Inst=Yes&ProductID=407&DwnldID=4236&strOSs=18&OSFullName=Windows*%2098%20SE%E2%8C%A9=eng","403","other: 403","https://corpredirect.intel.com/Redirector/404Redirector.aspx?404;https://downloadcenter.intel.com/Detail_Desc.aspx?agr=Y&Inst=Yes&ProductID=407&DwnldID=4236&strOSs=18&OSFullName=Windows*%2098%20SE%E2%8C%A9=eng","text/html","","True","msfn-98se"
"intelprowireless2011lanpccard","Intel PRO/Wireless 2011 LAN PC Card","freeware-unclear","msfn-98se=3.1.1.31","98SE","http://downloadcenter.intel.com/filter_results.aspx?strTypes=all&ProductID=450&OSFullName=Windows*+98+SE%E2%8C%A9=eng&strOSs=18&submit=Go%21","403","other: 403","https://corpredirect.intel.com/Redirector/404Redirector.aspx?404;https://downloadcenter.intel.com/filter_results.aspx?strTypes=all&ProductID=450&OSFullName=Windows*+98+SE%E2%8C%A9=eng&strOSs=18&submit=Go%21","text/html","","True","msfn-98se"
"intelprowireless2011blanpccard","Intel PRO/Wireless 2011B LAN PC Card","freeware-unclear","msfn-98se=3.1.1.31","98SE","http://downloadcenter.intel.com/filter_results.aspx?strTypes=all&ProductID=763&OSFullName=Windows*+98+SE%E2%8C%A9=eng&strOSs=18&submit=Go%21","403","other: 403","https://corpredirect.intel.com/Redirector/404Redirector.aspx?404;https://downloadcenter.intel.com/filter_results.aspx?strTypes=all&ProductID=763&OSFullName=Windows*+98+SE%E2%8C%A9=eng&strOSs=18&submit=Go%21","text/html","","True","msfn-98se"
"intelprowireless2011blanpciadapter","Intel PRO/Wireless 2011B LAN PCI Adapter","freeware-unclear","msfn-98se=1.0","98SE","http://downloadcenter.intel.com/filter_results.aspx?strTypes=all&ProductID=819&OSFullName=Windows*+98+SE%E2%8C%A9=eng&strOSs=18&submit=Go%21","403","other: 403","https://corpredirect.intel.com/Redirector/404Redirector.aspx?404;https://downloadcenter.intel.com/filter_results.aspx?strTypes=all&ProductID=819&OSFullName=Windows*+98+SE%E2%8C%A9=eng&strOSs=18&submit=Go%21","text/html","","True","msfn-98se"
"intelprowireless2011blanusbdevice","Intel PRO/Wireless 2011B LAN USB Device","freeware-unclear","msfn-98se=1.0","98SE","http://downloadcenter.intel.com/filter_results.aspx?strTypes=all&ProductID=791&OSFullName=Windows*+98+SE%E2%8C%A9=eng&strOSs=18&submit=Go%21","403","other: 403","https://corpredirect.intel.com/Redirector/404Redirector.aspx?404;https://downloadcenter.intel.com/filter_results.aspx?strTypes=all&ProductID=791&OSFullName=Windows*+98+SE%E2%8C%A9=eng&strOSs=18&submit=Go%21","text/html","","True","msfn-98se"
"intelprowireless5000lancardbusadapter","Intel PRO/Wireless 5000 LAN CardBus Adapter","freeware-unclear","msfn-98se=1.0.1.33","98SE","http://downloadcenter.intel.com/filter_results.aspx?strTypes=all&ProductID=809&OSFullName=Windows*+98+SE%E2%8C%A9=eng&strOSs=18&submit=Go%21","403","other: 403","https://corpredirect.intel.com/Redirector/404Redirector.aspx?404;https://downloadcenter.intel.com/filter_results.aspx?strTypes=all&ProductID=809&OSFullName=Windows*+98+SE%E2%8C%A9=eng&strOSs=18&submit=Go%21","text/html","","True","msfn-98se"
"intelprowireless5000lanpciadapter","Intel PRO/Wireless 5000 LAN PCI Adapter","freeware-unclear","msfn-98se=1.0.1.33","98SE","http://downloadcenter.intel.com/filter_results.aspx?strTypes=all&ProductID=860&OSFullName=Windows*+98+SE%E2%8C%A9=eng&strOSs=18&submit=Go%21","403","other: 403","https://corpredirect.intel.com/Redirector/404Redirector.aspx?404;https://downloadcenter.intel.com/filter_results.aspx?strTypes=all&ProductID=860&OSFullName=Windows*+98+SE%E2%8C%A9=eng&strOSs=18&submit=Go%21","text/html","","True","msfn-98se"
"intelvideodriver","Intel Video Driver","freeware-unclear","msfn-98se=13.6.1; msfn-98se=6.7","98SE","http://downloadcenter.intel.com/filter_results.aspx?strTypes=all&ProductID=1044&OSFullName=Windows*+98+SE%E2%8C%A9=eng&strOSs=18&submit=Go%21","403","other: 403","https://corpredirect.intel.com/Redirector/404Redirector.aspx?404;https://downloadcenter.intel.com/filter_results.aspx?strTypes=all&ProductID=1044&OSFullName=Windows*+98+SE%E2%8C%A9=eng&strOSs=18&submit=Go%21","text/html","","True","msfn-98se"
"intelxircomcreditcardwireless","Intel Xircom CreditCard Wireless","freeware-unclear","msfn-98se=4.15","98SE","http://downloadcenter.intel.com/filter_results.aspx?strTypes=all&ProductID=686&OSFullName=Windows*+98+SE%E2%8C%A9=eng&strOSs=18&submit=Go%21","403","other: 403","https://corpredirect.intel.com/Redirector/404Redirector.aspx?404;https://downloadcenter.intel.com/filter_results.aspx?strTypes=all&ProductID=686&OSFullName=Windows*+98+SE%E2%8C%A9=eng&strOSs=18&submit=Go%21","text/html","","True","msfn-98se"
"mcafeevirusscan2006","McAfee VirusScan 2006","commercial","msfn-98se=10.0","98SE","http://www.mcafee.com","403","other: 403","http://www.mcafee.com/","text/html","","False","msfn-98se"
"microsoftintellimouse","Microsoft IntelliMouse","commercial","","95","http://priede.bf.lu.lv/ftp/pub/OS/peles/Microsoft/IntelliMouse/IP4_0EngALLMsi.exe","403","other: 403","https://priede.bf.lu.lv/ftp/pub/OS/peles/Microsoft/IntelliMouse/IP4_0EngALLMsi.exe","text/html; charset=utf-8","","True","msfn-95"
"microsoftwindows98sewdmusbaudiodriverwdmauddrv","Microsoft Windows 98 SE WDM/USB Audio Driver WDMAUD.DRV 4.10.2223, KMIXER.SYS 4.10.2223, PORTCLS.SYS 4.10.2223, SBEMUL.SYS 4.10.2223, SYSAUDIO.SYS 4.10.2223, USBAUDIO.SYS 4.10.2224 + WDMAUD.SYS 4.10.2226 Fix","commercial","","98 SE","http://downloadmirror.intel.com/5551/eng/269601USA8.exe","403","other: 403","https://downloadmirror.intel.com/5551/eng/269601usa8.exe","application/xml","","True","mdgx-web"
"microsoftwindows9898sp1+98seupdates","Microsoft Windows 98, 98 SP1 + 98 SE Updates","commercial","","98","http://windowsupdate.microsoft.com/","403","other: 403","http://fe2.update.microsoft.com/","text/html","","False","mdgx-web"
"microsoftwindowsmepnpserialdeviceerrorserenumvxd","Microsoft Windows ME PnP Serial Device Error SERENUM.VXD 4.90.3002 Fix","commercial","","ME","http://www.txsystems.com/downloads/meupdate.zip","403","other: 403","http://www.txsystems.com/downloads/meupdate.zip","application/zip","","False","mdgx-web"
"microsoftwindowsmeupdates","Microsoft Windows ME Updates","commercial","","ME","http://windowsupdate.microsoft.com/","403","other: 403","http://fe2.update.microsoft.com/","text/html","","False","mdgx-web"
"microsoftwindowsnt42000xpprofessional2003bootcfgexedosconsolecommandlinetool","Microsoft Windows NT4/2000/XP Professional/2003 BOOTCFG.EXE DOS console command line tool","commercial","","NT4/2000/XP Professional/2003","https://www.microsoft.com/resources/documentation/windows/xp/all/proddocs/en-us/bootcfg.mspx","403","other: 403","https://www.microsoft.com/resources/documentation/windows/xp/all/proddocs/en-us/bootcfg.mspx","text/html","","True","mdgx-toy"
"paintribbon","PaintRibbon","freeware-unclear","mdgx-toy=1.1.0.0","XP/2003/Vista/2008/7","http://www.softpedia.com/get/Multimedia/Graphic/Graphic-Editors/PaintRibbon.shtml","403","other: 403","https://www.softpedia.com/get/Multimedia/Graphic/Graphic-Editors/PaintRibbon.shtml","text/html; charset=UTF-8","","True","mdgx-toy"
"regmonforwindows","RegMon for Windows","commercial","msfn-98se=v7.04","98SE","http://www.microsoft.com/technet/sysinternals/ProcessesAndThreads/Regmon.mspx","403","other: 403","http://www.microsoft.com/technet/sysinternals/ProcessesAndThreads/Regmon.mspx","","","False","msfn-98se"
"rivatuner","Rivatuner","freeware-unclear","msfn-98se=RC15","98SE","http://www.guru3d.com/rivatuner","403","other: 403","http://www.guru3d.com/rivatuner","text/html; charset=UTF-8","","False","msfn-98se"
"swissknife","SwissKnife","freeware-unclear","msfn-98se=V3.22","98SE","http://www.compuapps.com/download/Swissknife/swissknife.htm","403","other: 403","https://michel-louvain.com/download/Swissknife/swissknife.htm","text/html; charset=UTF-8","","True","msfn-98se"
"systemsafetymonitor","System Safety Monitor","commercial","msfn-98se=2.0.8.583","98SE","http://www.syssafety.com/","403","other: 403","https://www.syssafety.com/","text/html","","True","msfn-98se"
"voodoowin9xdrivers","Voodoo Win9x Drivers","commercial","","98SE","http://www.falconfly.de/3dfx","403","other: 403","http://www.falconfly.de/3dfx","text/html; charset=UTF-8","","False","msfn-98se"
"xplite+2000liteprofessional","XPlite + 2000lite Professional","shareware","mdgx-toy=1.6","2000/XP","http://www.litepc.com/xplite.html","403","other: 403","http://www.litepc.com/xplite.html","text/html; charset=UTF-8","","False","mdgx-toy"
"activepdfprimopdf","activePDF PrimoPDF","commercial","msfn-98se=3.1","98SE","http://www.filehippo.com/download_primopdf/2557/","412","other: 412","http://www.filehippo.com/download_primopdf/2557/","","0","False","msfn-98se"
"autoruns","Autoruns","commercial","msfn-98se=9.13","98SE","http://www.filehippo.com/download_autoruns/3847/","412","other: 412","http://www.filehippo.com/download_autoruns/3847/","","0","False","msfn-98se"
"aviraantivirpersonaleditionclassic","Avira AntiVir PersonalEdition Classic","commercial","msfn-98se=7.06.00.268","98SE","http://www.download.com/Avira-AntiVir-PersonalEdition-Classic/3000-2239_4-10745467.html?tag=lst-0-10","412","other: 412","https://download.cnet.com/","text/html; charset=UTF-8","0","True","msfn-98se"
"filehippocomupdatechecker","FileHippo.com Update Checker","commercial","msfn-98se=1.035","98SE","http://www.filehippo.com/updatechecker/","412","other: 412","http://www.filehippo.com/updatechecker/","","0","False","msfn-98se"
"imagine","Imagine","freeware-unclear","osr-final=1.1.0","Windows 98/ME","https://filehippo.com/download_imagine/post_download/","412","other: 412","https://filehippo.com/download_imagine/post_download/","","0","True","osr-final"
"leechftp","Leech FTP","commercial","msfn-98se=1.3","98SE","http://www.download.com/3000-2356-10122208.html","412","other: 412","https://download.cnet.com/","text/html; charset=UTF-8","0","True","msfn-98se"
"microsofttweakui","Microsoft TweakUI","commercial","msfn-98se=1.33","98SE","http://www.download.com/3000-2341-2830963.html","412","other: 412","https://download.cnet.com/","text/html; charset=UTF-8","0","True","msfn-98se"
"3dcolorchanger4","3D Color Changer 4","shareware","mdgx-toy=4.00.2050.0","98/2000/ME/XP/2003","http://jote.pai.net.pl/jn/3dcc/download/?id=1","200","page","http://jote.pai.net.pl/jn/3dcc/download/?id=1","text/html; charset=UTF-8","","False","mdgx-toy"
"adobereader","Adobe Reader","commercial","msfn-98se=6.06","98SE","http://www.adobe.com/products/acrobat/readstep2.html","200","page","https://get.adobe.com/reader/","text/html","277","True","msfn-98se"
"analogxatomictimesync","AnalogX Atomic TimeSync","freeware-unclear","msfn-98se=1.03","98SE","http://www.analogx.com/contents/download/network/ats.htm","200","page","http://www.analogx.com/contents/download/network/ats.htm","text/html","9104","False","msfn-98se"
"anvirtaskmanagerfree","AnVir Task Manager Free","commercial","","98SE","http://www.anvir.com/taskmanagerfree","200","page","https://www.anvir.com/","text/html; charset=UTF-8","162","True","msfn-98se"
"artweaver","Artweaver","freeware-unclear","msfn-98se=0.5.2; msfn-kernelex=0.5.7; osr-final=0.5; osr-kernelex=0.5.7","98SE; Windows 98SE; Windows 98/ME","http://www.artweaver.de/index.php?en_version","200","page","https://www.artweaver.de/index.php?en_version","text/html; charset=UTF-8","","True","msfn-98se msfn-kernelex osr-final osr-kernelex"
"atomicclocksync","Atomic Clock Sync","commercial","msfn-98se=2.7.0.3","98SE","http://www.worldtimeserver.com","200","page","https://www.worldtimeserver.com/","text/html; charset=utf-8","","True","msfn-98se"
"avast4home","Avast! 4 Home","commercial","msfn-98se=4.8.1368","98SE","http://www.avast.com","200","page","https://www.avast.com/es-ar/index","text/html;charset=utf-8","0","True","msfn-98se"
"avgfree","AVGFree","commercial","msfn-98se=7.5","98SE","http://free.grisoft.com","200","page","https://www.avg.com/en-us/free-antivirus-download","text/html; charset=utf-8","1","True","msfn-98se"
"belarcadvisor","Belarc Advisor","commercial","msfn-98se=8.1e","98SE","http://www.belarc.com/free_download.html","200","page","https://www.belarc.com/products/belarc-advisor","text/html; charset=UTF-8","70381","True","msfn-98se"
"bittorrent","BitTorrent","commercial","msfn-98se=6.0; msfn-kernelex=6.4; osr-kernelex=6.4","98SE; Windows 98SE; Windows 98/ME","http://www.bittorrent.com","200","page","https://www.bittorrent.com/","text/html","456450","True","msfn-98se msfn-kernelex osr-kernelex"
"bluecatvstanddirectxaudioplugins","BlueCat VST and DirectX audio plugins","freeware-unclear","","Windows 98SE; Windows 98/ME","http://www.bluecataudio.com/Main/Home/","200","page","https://www.bluecataudio.com/Main/Home/","text/html","24382","True","msfn-kernelex osr-kernelex"
"broadcomnetlink4401networkdrivers","Broadcom NetLink 4401 Network Drivers","freeware-unclear","msfn-98se=4.60","98SE","http://www.broadcom.com/support/ethernet_nic/4401.php","200","page","https://www.broadcom.com/support/download-search?pf=Ethernet+Controllers&pg=Ethernet+Connectivity%2C+Switching%2C+and+PHYs","text/html; charset=utf-8","132","True","msfn-98se"
"broadcomnetlink57xxnetworkdrivers","Broadcom NetLink 57xx Network Drivers","freeware-unclear","msfn-98se=10.24d","98SE","http://www.broadcom.com/support/ethernet_nic/netlink.php","200","page","https://www.broadcom.com/support/download-search","text/html; charset=utf-8","167","True","msfn-98se"
"burnatonce","BurnAtOnce","freeware-unclear","","98SE","http://www.burnatonce.net","200","page","https://www.burnatonce.net/","text/html; charset=UTF-8","","True","msfn-98se"
"clickster","Clickster","commercial","","98SE","http://www.remlapsoftware.com/clickster.htm","200","page","https://pcpafilhokseumawe.org/lowongan/","text/html; charset=UTF-8","","True","msfn-98se"
"clipboards","Clipboards","freeware-unclear","","98SE","http://www.splinterware.com/products/clipboards.htm","200","page","https://splinterware.com/","text/html","","True","msfn-98se"
"conexwarepowerarchiver","ConeXware PowerArchiver","shareware","msfn-98se=2007 10.20","98SE","http://www.powerarchiver.com","200","page","https://www.powerarchiver.com/","text/html; charset=UTF-8","","True","msfn-98se"
"cpuz","cpu-z","commercial","osr-final=1.78","98SE; Windows 98/ME","http://www.cpuid.com","200","page","https://www.cpuid.com/","text/html; charset=UTF-8","","True","msfn-98se osr-final"
"crystalcpuid","CrystalCPUID","freeware-unclear","","98SE","http://crystalmark.info/?lang=en&quot","200","page","http://crystalmark.info/?lang=en&quot","text/html; charset=UTF-8","","False","msfn-98se"
"cyberlinkpowerdvd","CyberLink PowerDVD","commercial","msfn-98se=6","98SE","http://www.cyberlink.com","200","page","https://www.cyberlink.com:443/","text/html;charset=UTF-8","134","True","msfn-98se"
"deepburner","Deepburner","freeware-unclear","","98SE","http://www.deepburner.com","200","page","https://www.deepburner.com/","text/html; charset=UTF-8","","True","msfn-98se"
"directx","DirectX","commercial","msfn-95=8.0","95","http://www.oldversion.com/windows/directx-8-0","200","page","https://www.oldversion.com/windows/directx/directx-8-0/","text/html; charset=utf-8","","True","msfn-95"
"diskinternalsntfsreader","DiskInternals NTFS Reader","commercial","msfn-98se=2.0","98SE","http://www.diskinternals.com/products/ntfs-reader","200","page","https://www.diskinternals.com/ntfs-reader/","text/html; charset=utf-8","59651","True","msfn-98se"
"divxcodec","DivX Codec","commercial","msfn-98se=v5.2.1","98SE","http://www.free-codecs.com/DivX_Free_download.htm","200","page","https://www.free-codecs.com/divx_free_download.htm","text/html; charset=UTF-8","","True","msfn-98se"
"dvdshrink","Dvd Shrink","commercial","","98SE","http://www.dvdshrink.org","200","page","https://www.dvdshrink.org/","text/html; charset=UTF-8","162","True","msfn-98se"
"easportsfifa","EA Sports Fifa","commercial","msfn-98se=2005","98SE","http://www.easports.com","200","page","https://www.ea.com/sports","text/html; charset=UTF-8","0","True","msfn-98se"
"easyduplicatefinder","Easy Duplicate Finder","commercial","msfn-98se=1.4.4","98SE","http://www.easyduplicatefinder.com/","200","page","https://www.easyduplicatefinder.com/","text/html; charset=UTF-8","","True","msfn-98se"
"esetonlinescanner","Eset Online Scanner","commercial","","98SE","http://www.eset.com/onlinescan","200","page","https://www.eset.com/us/home/online-scanner/","text/html; charset=UTF-8","162","True","msfn-98se"
"faststoneimageviewer","FastStone Image Viewer","freeware-unclear","mdgx-toy=5.3; osr-final=5.3; osr-final=6.4","98/2000/ME/XP/2003/Vista/2008/7/8/8.1/2012; Windows 98/ME","http://www.faststone.org/FSViewerDownload.htm","200","page","https://www.faststone.org/FSViewerDownload.htm","text/html","17278","True","mdgx-toy osr-final"
"flashplayer10","Flash Player 10","freeware-unclear","","Windows 98/ME","https://retrosystemsrevival.blogspot.com/2020/04/flash-player-10-windows-98me.html","200","page","https://retrosystemsrevival.blogspot.com/2020/04/flash-player-10-windows-98me.html","text/html; charset=UTF-8","0","True","osr-final"
"foxitpdfreader","Foxit PDF Reader","commercial","msfn-98se=2.3 build 4015","98SE","http://www.foxitsoftware.com/pdf/rd_intro.php","200","page","https://www.foxit.com/pdf-reader/","text/html; charset=utf-8","0","True","msfn-98se"
"freshdiagnose","Fresh Diagnose","commercial","msfn-98se=8.02","98SE","http://www.freshdevices.com/freshdiag.html","200","page","http://www.freshdevices.com/freshdiag.html","text/html","","False","msfn-98se"
"getright","Get Right","shareware","","98SE","http://www.getright.com","200","page","https://www.getright.com/","text/html; charset=UTF-8","","True","msfn-98se"
"haalismediasplitter","Haali's Media Splitter","freeware-unclear","","98SE","http://www.afterdawn.com/software/video_software/codecs_and_filters/haalimediasplitter.cfm/03_06_2007","200","page","https://www.afterdawn.com/software/audio_video/codecs/haalimediasplitter.cfm","text/html;charset=windows-1252","17","True","msfn-98se"
"hwinfo32","HWiNFO32","commercial","msfn-98se=2.38-207","98SE","http://www.hwinfo.com/download32.html","200","page","https://www.hwinfo.com/download/","text/html; charset=UTF-8","","True","msfn-98se"
"internetexplorer","Internet Explorer","commercial","msfn-95=5.5 SP2","95","http://www.oldversion.com/windows/internet-explorer-5-5-sp2","200","page","https://www.oldversion.com/windows/internet-explorer/internet-explorer-5-5-sp2/","text/html; charset=utf-8","","True","msfn-95"
"intervideowindvd","Intervideo WinDVD","commercial","msfn-98se=6","98SE","http://www.corel.com","200","page","https://www.corel.com/la/","text/html; charset=utf-8","54399","True","msfn-98se"
"jamsoftwareheavyload","JAM Software HeavyLoad","commercial","msfn-98se=2.3","98SE","http://www.jam-software.com/freeware/index.shtml","200","page","https://www.jam-software.com/#our-solutions-at-a-glance","text/html; charset=utf-8","","True","msfn-98se"
"jamsoftwaretreesizefree","JAM Software TreeSize Free","commercial","msfn-98se=2.1","98SE","http://www.jam-software.com/freeware/index.shtml","200","page","https://www.jam-software.com/#our-solutions-at-a-glance","text/html; charset=utf-8","","True","msfn-98se"
"jetaudiobasic","JetAudio Basic","freeware-unclear","mdgx-toy=8.0.16","2000/XP/2003/Vista/2008/7","http://www.jetaudio.com/download/","200","page","http://www.jetaudio.com/download/","text/html","36836","False","mdgx-toy"
"jetico","Jetico","freeware-unclear","msfn-98se=1.0.1.61","98SE","http://www.jetico.com/jpfirewall.htm","200","page","https://jetico.com/news/looking-for-jetico-personal-firewall-try-bestcrypt-data-shelter-for-free/","text/html; charset=UTF-8","","True","msfn-98se"
"jnes","JNES","freeware-unclear","","Windows 98SE","http://jabosoft.com/?articleid=96","200","page","https://jabosoft.com/?articleid=96","text/html; charset=utf-8","","True","msfn-kernelex"
"keepvid","KeepVid","commercial","","98SE","http://keepvid.com/","200","page","https://videoconverter.wondershare.com/convert/mp4-converter-downloader.html","text/html","","True","msfn-98se"
"keriopersonalfirewall","Kerio Personal Firewall","commercial","msfn-98se=2.1.5","98SE","http://www.freeware-guide.com/dir/util/firewall.html","200","page","http://www.freeware-guide.com/dir/util/firewall.html","text/html;charset=UTF-8","","False","msfn-98se"
"kobarin","Kobarin","freeware-unclear","osr-final=2.63a","Windows 98/ME","http://web.archive.org/web/20160317163933/http://hwm5.gyao.ne.jp:80/kobarin/","200","page","http://web.archive.org/web/20160317163933/http://hwm5.gyao.ne.jp:80/kobarin/","text/html","","False","osr-final"
"launchkey","LaunchKey","freeware-unclear","","98SE","http://www.splinterware.com/products/launchkey.htm","200","page","https://splinterware.com/","text/html","","True","msfn-98se"
"legacyfamilytreestandardedition","Legacy Family Tree Standard Edition","commercial","msfn-98se=6.0","98SE","http://www.legacyfamilytree.com/DownloadLegacy.asp","200","page","https://legacyfamilytree.com/download/","text/html; charset=UTF-8","0","True","msfn-98se"
"lightningdownload","Lightning Download","shareware","","98SE","http://www.lightningdownload.com","200","page","https://www.lightningdownload.com/","text/html; charset=UTF-8","","True","msfn-98se"
"limewire","LimeWire","commercial","msfn-98se=4.14","98SE","http://www.limewire.com","200","page","https://limewire.com/","text/html; charset=utf-8","","True","msfn-98se"
"mattsoftbootmanagermultiboottool","MATTsoft Boot Manager multi-boot tool","freeware-unclear","mdgx-toy=1.19g","","http://martin.hinner.info/mbtmgr/download.html","200","page","http://martin.hinner.info/mbtmgr/download.html","text/html; charset=UTF-8","","False","mdgx-toy"
"maxthon","Maxthon","commercial","msfn-98se=3.5.2.1000","98SE","http://www.maxthon.com","200","page","https://www.maxthon.com/","text/html; charset=utf-8","","True","msfn-98se"
"mcneelrhino","McNeel Rhino","commercial","msfn-98se=3.0","98SE","http://www.rhino3d.com","200","page","https://www.rhino3d.com/","text/html; charset=utf-8","0","True","msfn-98se"
"microsoftactivesync","Microsoft ActiveSync","commercial","msfn-98se=3.8","98SE","http://www.hpcfactor.com/support/syncsoft/activesync/","200","page","https://www.hpcfactor.com/support/cesd/200247/support/cesd/activesync_3x_desktop_software_guide/","text/html","37733","True","msfn-98se"
"microsoftcompatibilitypackforoffice2007systemwithwindows98supportbypasaf","Microsoft Compatibility Pack for Office 2007 system with Windows 98 support by PASAf","freeware-unclear","","Windows 98SE","http://www.mediafire.com/download.php?acavcyv96awz75y","200","page","http://www.mediafire.com/file/acavcyv96awz75y/FileFormatConverters.exe","text/html; charset=UTF-8","","False","msfn-kernelex"
"microsoftfixitprograminstallanduninstalltroubleshooter","Microsoft FixIt Program Install and Uninstall Troubleshooter (PIUT)","commercial","","2000/XP/2003/Vista/2008/7/8/8.1/2012","http://support.microsoft.com/mats/Program_Install_and_Uninstall/","200","page","https://support.microsoft.com/en-us/windows/deployment/install-upgrade/fix-problems-that-block-programs-from-being-installed-or-removed","text/html; charset=utf-8","0","True","mdgx-toy"
"microsoftwindows95b95cosr","Microsoft Windows 95B/95C OSR 2.0/2.1/2.5 USB Service Update Packs MUST be installed in this EXACT order","commercial","","95B/95C OSR 2.0","http://www.usbman.com/WebDrivers/Intel%20USB%20System%20Check/USBREADY.EXE","200","page","http://www.usbman.com/","text/html; charset=UTF-8","","False","mdgx-web"
"microsoftwindows98clearregistrationwizardupdate","Microsoft Windows 98 Clear Registration Wizard (CRWID.EXE) Update","commercial","","98","http://download.windowsupdate.com/msdownload/update/v3-19990518/cabpool/CRWID_72A80C72EF06E6D5F50912701D75305E3D70F389.cab","200","page","http://download.windowsupdate.com/msdownload/update/v3-19990518/cabpool/CRWID_72A80C72EF06E6D5F50912701D75305E3D70F389.cab","application/vnd.ms-cab-compressed","14325","False","mdgx-web"
"microsoftwindows98sewdmusbmodemsusbsersysfix","Microsoft Windows 98 SE WDM/USB Modems USBSER.SYS Fix","commercial","","98 SE","http://www.opennw.com/Support/Telstra_NT1_Plus_II/Downloads/USB%20Configuration%20Tool/Q308349.zip","200","page","http://www.opennw.com/Support/Telstra_NT1_Plus_II/Downloads/USB%20Configuration%20Tool/Q308349.zip","text/html","114","False","mdgx-web"
"microsoftwindows9xnt42000mexp2003systemconfigurationutilitytool","Microsoft Windows 9x/NT4/2000/ME/XP/2003 System Configuration Utility (MSCONFIG.EXE) tool","commercial","","9x/NT4/2000/ME/XP/2003","https://www.mdgx.com/add.htm#MSC","200","page","https://www.mdgx.com/add.htm#MSC","text/html; charset=UTF-8 .UTF-8 utf8 .utf8 .iso-8859-1 .iso8859-1 .latin1 .cp-1252 .windows-1252 .win-1252","","True","mdgx-toy"
"microsoftwindows9xnt4mescriptingengines","Microsoft Windows 9x/NT4/ME Scripting Engines (MSE)","commercial","mdgx-web=5.6 Update","9x/NT4/ME","https://www.mdgx.com/add.htm#MSE","200","page","https://www.mdgx.com/add.htm#MSE","text/html; charset=UTF-8 .UTF-8 utf8 .utf8 .iso-8859-1 .iso8859-1 .latin1 .cp-1252 .windows-1252 .win-1252","","True","mdgx-web"
"mirc","mIRC","shareware","msfn-95=4.1; msfn-95=6.35","95","http://www.oldversion.com/windows/mirc-4-1","200","page","https://www.oldversion.com/windows/mirc/mirc-4-1/","text/html; charset=utf-8","","True","msfn-95"
"mitec","MiTeC","freeware-unclear","","9x/NTx","http://www.mitec.cz/wrr.html","200","page","https://www.mitec.cz/wrr.html","text/html; charset=utf-8","168","True","mdgx-toy"
"morecontrol","More Control","freeware-unclear","mdgx-toy=1.0","9x/ME","http://www.lewe.com/?option=com_content&task=view&id=75","200","page","http://www.lewe.com/?option=com_content&task=view&id=75","text/html","31370","False","mdgx-toy"
"mp3splitter","MP3Splitter","freeware-unclear","msfn-98se=1.1","98SE","http://www.megax.it/mp3split/index.htm","200","page","http://www.megax.it/mp3split/index.htm","text/html","7494","False","msfn-98se"
"msflightsimulator","MS Flight Simulator","commercial","msfn-98se=2004","98SE","http://www.microsoft.com","200","page","http://www.microsoft.com/","text/html","","False","msfn-98se"
"nortonantispam","Norton AntiSpam","commercial","msfn-98se=2005","98SE","http://www.symantec.com","200","page","https://www.broadcom.com/products/cybersecurity","text/html; charset=utf-8","57","True","msfn-98se"
"nortonantivirus","Norton AntiVirus","commercial","msfn-98se=2005","98SE","http://www.symantec.com","200","page","https://www.broadcom.com/products/cybersecurity","text/html; charset=utf-8","57","True","msfn-98se"
"nortoncleansweep","Norton CleanSweep","commercial","msfn-98se=2002","98SE","http://www.symantec.com","200","page","https://www.broadcom.com/products/cybersecurity","text/html; charset=utf-8","57","True","msfn-98se"
"nortongoback","Norton GoBack","commercial","msfn-98se=4.0","98SE","http://www.symantec.com","200","page","https://www.broadcom.com/products/cybersecurity","text/html; charset=utf-8","57","True","msfn-98se"
"nortoninternetsecurity","Norton Internet Security","commercial","msfn-98se=2005","98SE","http://www.symantec.com","200","page","https://www.broadcom.com/products/cybersecurity","text/html; charset=utf-8","57","True","msfn-98se"
"nortonpartitionmagic","Norton PartitionMagic","commercial","msfn-98se=8.0","98SE","http://www.symantec.com","200","page","https://www.broadcom.com/products/cybersecurity","text/html; charset=utf-8","57","True","msfn-98se"
"nortonpersonalfirewall","Norton Personal Firewall","commercial","msfn-98se=2005","98SE","http://www.symantec.com","200","page","https://www.broadcom.com/products/cybersecurity","text/html; charset=utf-8","57","True","msfn-98se"
"nortonutilities","Norton Utilities","commercial","msfn-98se=2002 6.0","98SE","http://www.symantec.com","200","page","https://www.broadcom.com/products/cybersecurity","text/html; charset=utf-8","57","True","msfn-98se"
"nortonwebservices","Norton Web Services","commercial","","98SE","http://www.symantec.com","200","page","https://www.broadcom.com/products/cybersecurity","text/html; charset=utf-8","57","True","msfn-98se"
"nvidiaofficialforceware","nVidia Official ForceWare","freeware-unclear","msfn-98se=81.98; msfn-98se=71.84","98SE","http://www.nvidia.com/object/win9x_81.98.html","200","page","https://www.nvidia.com/en-us/drivers/win9x-8198/","text/html;charset=utf-8","0","True","msfn-98se"
"nvidiaofficialriva128driver","nVidia Official RIVA 128 driver","freeware-unclear","","98SE","http://www.nvidia.com/object/riva_drivers.html","200","page","https://www.nvidia.com/en-us/drivers/riva-drivers/","text/html;charset=utf-8","0","True","msfn-98se"
"ootake","Ootake","freeware-unclear","msfn-kernelex=2.40","Windows 98SE","http://www.ouma.jp/ootake","200","page","https://www.ouma.jp/ootake/","text/html","21962","True","msfn-kernelex"
"pcwizard","PC Wizard","commercial","msfn-98se=2008.1.81; msfn-kernelex=2010.1.95; osr-kernelex=2010.1.95","98SE; Windows 98SE; Windows 98/ME","http://www.cpuid.com/pcwizard.php","200","page","https://www.cpuid.com/softwares.html","text/html; charset=UTF-8","","True","msfn-98se msfn-kernelex osr-kernelex"
"pcanywhere","pcAnywhere","commercial","msfn-98se=12.0","98SE","http://www.symantec.com","200","page","https://www.broadcom.com/products/cybersecurity","text/html; charset=utf-8","57","True","msfn-98se"
"peermonitor","Peer Monitor","freeware-unclear","msfn-98se=1.6.74","98SE","http://www.peermonitor.com/download.aspx","200","page","http://www.peermonitor.com/download.aspx","text/html","114","False","msfn-98se"
"pixelformer","Pixelformer","freeware-unclear","msfn-kernelex=0.9.6.3; osr-kernelex=0.9.6.3","Windows 98SE; Windows 98/ME","http://www.qualibyte.com/pixelformer","200","page","https://www.qualibyte.com/pixelformer/","text/html; charset=utf-8","162","True","msfn-kernelex osr-kernelex"
"procommplus","Procomm Plus","commercial","msfn-98se=4.8","98SE","http://www.symantec.com","200","page","https://www.broadcom.com/products/cybersecurity","text/html; charset=utf-8","57","True","msfn-98se"
"projectdogwaffle","Project Dogwaffle","freeware-unclear","mdgx-toy=1.2","98 SE/2000/ME/XP/2003","http://www.thebest3d.com/dogwaffle/free/#download","200","page","https://www.thebest3d.com/dogwaffle/free/","text/html","134470","True","mdgx-toy"
"quicktimemoviestandard","QuickTime Movie (QTM) Standard","freeware-unclear","","3.1x/9x/NT4/2000/ME/XP/2003/Vista/2008/7/8/8.1/2012/10","http://support.apple.com/downloads/DL2/en_US/ProResDecoderSetup.exe","200","page","https://support.apple.com/en-us/docs","text/html;charset=utf-8","0","True","mdgx-toy"
"quickview","Quickview","commercial","osr-final=2.61","Windows 98/ME","http://www.multimediaware.com/qv/index.html","200","page","http://www.multimediaware.com/qv/index.html","text/html","13821","False","osr-final"
"raceon","Race On","commercial","","Windows 98SE","http://www.simbin.se/games/race_on.htm","200","page","https://simbin.se/gta-aldersgrans/","text/html; charset=UTF-8","","True","msfn-kernelex"
"realplayerbasic","RealPlayer Basic","freeware-unclear","mdgx-toy=14.0","98/NT4/2000/ME/XP/2003/Vista/2008/7","http://www.real.com/realplayer/","200","page","https://www.real.com/realplayer","text/html;charset=UTF-8","70633","True","mdgx-toy"
"regcleaner","RegCleaner","commercial","msfn-98se=4.3.0.780","98SE","http://majorgeeks.com/download460.html","200","page","http://www.majorgeeks.com/","text/html; charset=UTF-8","","False","msfn-98se"
"registrycompactor","Registry Compactor","commercial","msfn-98se=1.1","98SE","http://www.majorgeeks.com/Registry_Compactor_d3504.html","200","page","http://www.majorgeeks.com/","text/html; charset=UTF-8","","False","msfn-98se"
"servantsalamander","Servant Salamander","freeware-unclear","mdgx-toy=1.52","9x/NT4/2000/ME/XP/2003","http://www.altap.cz/download.html#salrel","200","page","https://www.altap.cz/salamander/downloads/","text/html; charset=UTF-8","","True","mdgx-toy"
"siw","SIW","commercial","","98SE","http://www.gtopala.com","200","page","https://www.gtopala.com/","text/html; charset=utf-8","","True","msfn-98se"
"skype","Skype","commercial","msfn-98se=1.4.x; msfn-kernelex=3.8; osr-final=3.6.0.244","98SE; Windows 98SE; Windows 98/ME","http://www.skype.com","200","page","https://teams.live.com/free?source=skype","text/html; charset=utf-8","61988","True","msfn-98se msfn-kernelex osr-final"
"smithmicrocheckitdiagnostics","SmithMicro CheckIt Diagnostics","commercial","msfn-98se=7.1.1.5","98SE","http://www.smithmicro.com/","200","page","https://www.smithmicro.com:443/","text/html; charset=UTF-8","134","True","msfn-98se"
"smithmicrohotfaxmessagecenter","SmithMicro HotFax MessageCenter","commercial","msfn-98se=5.0.1","98SE","http://www.smithmicro.com/","200","page","https://www.smithmicro.com:443/","text/html; charset=UTF-8","134","True","msfn-98se"
"sonixsn9c105pccameracontrollerdriver","Sonix SN9C105 PC Camera Controller Driver","freeware-unclear","","98SE","http://www.sonix.com.tw/sonix/product.do?p=SN9C105","200","page","https://www.sonix.com.tw/sonix/product.do?p=SN9C105","text/html","","True","msfn-98se"
"spybotsearchdestroy","Spybot Search & Destroy","freeware-unclear","","98SE","http://www.safer-networking.org","200","page","https://www.safer-networking.org/","text/html; charset=UTF-8","","True","msfn-98se"
"sygatepersonalfirewall","Sygate Personal Firewall","commercial","msfn-98se=5.6.2808","98SE","http://www.freeware-guide.com/dir/util/firewall.html","200","page","http://www.freeware-guide.com/dir/util/firewall.html","text/html;charset=UTF-8","","False","msfn-98se"
"symantecdesktopfirewall","Symantec Desktop Firewall","commercial","msfn-98se=2.0","98SE","http://www.symantec.com","200","page","https://www.broadcom.com/products/cybersecurity","text/html; charset=utf-8","57","True","msfn-98se"
"symantecghost","Symantec Ghost","commercial","msfn-98se=9.0","98SE","http://www.symantec.com","200","page","https://www.broadcom.com/products/cybersecurity","text/html; charset=utf-8","57","True","msfn-98se"
"symantecnortonsystemworks","Symantec Norton SystemWorks","commercial","msfn-98se=2005 8.03","98SE","http://www.symantec.com","200","page","https://www.broadcom.com/products/cybersecurity","text/html; charset=utf-8","57","True","msfn-98se"
"systemlock","System Lock","freeware-unclear","msfn-98se=1.2.1","98SE","http://www.r2.com.au/software.php?page=2&show=syslock&PHPSESSID=1dd01c3f402955f4055e8939cc2751ce","200","page","https://www.r2.com.au/page/products/","text/html","","True","msfn-98se"
"systemschedulerfreeversion","System Scheduler Free Version","freeware-unclear","","98SE","http://www.splinterware.com/products/wincron.htm","200","page","https://splinterware.com/products/scheduler.html","text/html","","True","msfn-98se"
"talkworkspro","TalkWorks PRO","commercial","msfn-98se=3.0","98SE","http://www.symantec.com","200","page","https://www.broadcom.com/products/cybersecurity","text/html; charset=utf-8","57","True","msfn-98se"
"textmakerviewer2010","TextMaker Viewer 2010","freeware-unclear","","Windows 98SE; Windows 98/ME","http://www.officeviewers.com","200","page","https://www.softmaker.com/de/","text/html; charset=utf-8","","True","msfn-kernelex osr-kernelex"
"trendmicrohousecall","Trend Micro Housecall","commercial","msfn-98se=6.5","98SE","http://housecall.trendmicro.com/uk","200","page","https://www.trendmicro.com/en_us/forHome/products/housecall.html","text/html;charset=utf-8","162","True","msfn-98se"
"unfreez","UnFREEz","freeware-unclear","msfn-98se=2.1","98SE","http://www.whitsoftdev.com/unfreez","200","page","https://www.whitsoftdev.com/unfreez/","text/html; charset=UTF-8","","True","msfn-98se"
"unofficialvisualc++2008runtime","Unofficial Visual C++ 2008 Runtime","freeware-unclear","","Windows 98/ME","https://retrosystemsrevival.blogspot.com/2018/05/windows-98se-service-pack-362.html","200","page","https://retrosystemsrevival.blogspot.com/2018/05/windows-98se-service-pack-362.html","text/html; charset=UTF-8","0","True","osr-final"
"unofficialwindows95b95cosr2xupgradespatches+fixeslist","Unofficial Windows 95B/95C OSR 2.x Upgrades, Patches + Fixes List","commercial","","95B/95C OSR 2.x","https://web.archive.org/web/20030801182223/www.walbeehm.com/win95upd.html","200","page","https://web.archive.org/web/20030801182223/www.walbeehm.com/win95upd.html","text/html","","True","mdgx-web"
"windows98seunofficialservicepack","Windows 98SE Unofficial Service Pack","freeware-unclear","osr-final=3.87","Windows 98/ME","https://retrosystemsrevival.blogspot.com/2018/05/windows-98se-service-pack-362.html","200","page","https://retrosystemsrevival.blogspot.com/2018/05/windows-98se-service-pack-362.html","text/html; charset=UTF-8","0","True","osr-final"
"windowsmeunofficialservicepack","Windows ME Unofficial Service Pack","freeware-unclear","osr-final=1.02","Windows 98/ME","https://retrosystemsrevival.blogspot.com/2019/05/windows-me-service-pack-102.html","200","page","https://retrosystemsrevival.blogspot.com/2019/05/windows-me-service-pack-102.html","text/html; charset=UTF-8","0","True","osr-final"
"winfaxbasic","WinFax Basic","commercial","msfn-98se=10.02","98SE","http://www.symantec.com","200","page","https://www.broadcom.com/products/cybersecurity","text/html; charset=utf-8","57","True","msfn-98se"
"winfaxpro","WinFax PRO","commercial","msfn-98se=10.02","98SE","http://www.symantec.com","200","page","https://www.broadcom.com/products/cybersecurity","text/html; charset=utf-8","57","True","msfn-98se"
"wink","Wink","freeware-unclear","","98SE","http://www.debugmode.com/wink","200","page","http://www.debugmode.com/wink.html","text/html; charset=utf-8","5046","False","msfn-98se"
"winrar","WinRAR","shareware","msfn-95=3.80; osr-final=3.93","95; 98SE; Windows 98/ME","http://www.oldversion.com/windows/winrar-3-80","200","page","https://www.oldversion.com/windows/winrar/winrar-3-80/","text/html; charset=utf-8","","True","msfn-95 msfn-98se osr-final"
"winzip","WinZip","shareware","msfn-95=8.1 SR1; msfn-98se=10; osr-final=14.5","95; 98SE; Windows 98/ME","http://www.oldversion.com/windows/winzip-8-1-sr1","200","page","https://www.oldversion.com/windows/winzip/winzip-8-1-sr1/","text/html; charset=utf-8","","True","msfn-95 msfn-98se osr-final"
"wisediskcleaner","WISE Disk Cleaner","commercial","msfn-98se=2.91","98SE","http://www.wisecleaner.com","200","page","http://www.wisecleaner.com/","text/html","","False","msfn-98se"
"wiseregistrycleaner","WISE Registry Cleaner","commercial","msfn-98se=2.9.5","98SE","http://www.wisecleaner.com","200","page","http://www.wisecleaner.com/","text/html","","False","msfn-98se"
"xmplayer","Xmplayer","freeware-unclear","msfn-98se=3.6","98SE","http://www.un4seen.com","200","page","http://www.un4seen.com/","text/html; charset=UTF-8","","False","msfn-98se"
"xplorer2lite","xplorer 2 lite","freeware-unclear","mdgx-toy=2.2.0.2","9x/NT4/2000/ME/XP/2003/Vista/2008/7; Windows 98/ME","http://www.zabkat.com/download.php?p=2","200","page","http://www.free-downloads.net/programs/xplorer2_lite","text/html; charset=UTF-8","","False","mdgx-toy osr-final"
"xplorerlite","xplorer² Lite","freeware-unclear","","98SE","http://www.zabkat.com/x2lite.htm","200","page","https://www.zabkat.com/x2lite.htm","text/html","11170","True","msfn-98se"
"xplorerpro","xplorer² Pro","commercial","","98SE","http://www.zabkat.com/index.htm","200","page","https://www.zabkat.com/index.htm","text/html","18738","True","msfn-98se"
"zsoftuninstaller","ZSoft Uninstaller","freeware-unclear","msfn-98se=2.4.1; osr-kernelex=2.5","98SE; Windows 98/ME","http://www.zsoft.dk/index/software_details/4","200","page","https://www.zsoft.dk/index/software_details/4","text/html; charset=UTF-8","178","True","msfn-98se osr-kernelex"
