"key","name","versions","os","kernelex","needs","category","license_class","license_conflict","license","license_evidence","homepage","download","sources","status","notes"
"11view","11view","mdgx-toy=3.0a","9x/NT4/2000/ME/XP/2003","","","Graphics Editors","freeware","","freeware","https://www.mdgx.com/toy.htm","http://11view.stratopoint.com/","http://11view.stratopoint.com/download/11view.exe","mdgx-toy","lead","class from source tag 'freeware' (entry text)"
"2tbrampatchenable48bitlba","2TB Ram Patch/Enable 48-bit LBA","","Windows 98/ME","","","Kernel Extensions, Rloew Patches, and Unofficial Updates","unknown","","","","https://retrosystemsrevival.blogspot.com/2018/05/windows-9x-hard-drive-patch.html",,"osr-final","lead","source flag FV (final working version)"
"3dcolorchanger4","3D Color Changer 4","mdgx-toy=4.00.2050.0","98/2000/ME/XP/2003","","","System Enhancers / Other Enhancement Tools","shareware","","uncrippled shareware","https://www.mdgx.com/toy.htm","http://jotenet.cjb.net/go/?to=3dcc","http://jote.pai.net.pl/jn/3dcc/download/?id=1","mdgx-toy","excluded","class from source tag 'uncrippled shareware' (entry text); other tags: freeware; free"
"3dhomearchitect","3D Home Architect","msfn-98se=7.0","98SE","","","CAD + CAM + Design & Drafting Software","commercial","","commercial (per thread tag)","",,,"msfn-98se","excluded","class D; tags LAST; COMM; Cadsoft Envisioneer 2.5.0.0; commercial"
"3dstudiomax","3D Studio Max","msfn-98se=5","98SE","","","CAD + CAM + Design & Drafting Software","commercial","","commercial (per thread tag)","",,,"msfn-98se","excluded","class D; tags LAST; COMM; Not all features are supported; commercial"
"7zip","7-Zip","msfn-95=9.20; msfn-kernelex=18.06; osr-final=9.20","9x/NTx; 95; 98SE; Windows 98SE; Windows 98/ME","yes","Requires Microsoft .Net Framework Redistributable (NFR) 2.0 (free)! 7-Zip Theme Manager for 7-Zip 32-bit + 64-bit. 7-Zip EasySFX self-extracting executable creator . 7-Zip 15.09 native DOS tool for MS-DOS 5/6/7/8, FreeDOS / DR-DOS/OpenDOS + Windows 3.1x/9x/... | Requires CWSDPMI.EXE DPMI DOS extender , also here !; none; KernelEx 4.5.2; XP mode","File Shrinkers","open-source","","GPL (version not stated by source)","https://www.mdgx.com/toy.htm","http://www.7-zip.org/","http://www.7-zip.org/a/7z2409-x64.exe","mdgx-toy msfn-95 msfn-98se msfn-kernelex osr-final","lead","label: 7-Zip (7Z); class from source tag 'free GPL, multilanguage' (entry text) || status LAST (last version supporting Win95); class from source tag 'FREE'; release date per source: 2010-11-18; from opening post list; open-source class and SPDX id from memory, not stated by source || class A; tags ONGD; FREE; last 9x version 9.20 (verified: 9.32 alpha dropped 95/98/ME)"
"98lite","98Lite","mdgx-toy=4.5 Preview","9x/ME","","","System + Registry Fixers","freeware","","donationware","https://www.mdgx.com/toy.htm","http://www.litepc.com/preview.html",,"mdgx-toy","lead","class from source tag 'donationware' (entry text)"
"98liteprofessional","98Lite Professional","mdgx-toy=4.7","9x/ME","","","System + Registry Fixers","commercial","","retail, $25","https://www.mdgx.com/toy.htm","http://www.litepc.com/98lite.html",,"mdgx-toy","excluded","class from source tag 'retail, $25' (entry text)"
"abbyyfinereader","ABBYY FineReader","msfn-98se=4.0.2.47","98SE","","","Optical Character Recognition (OCR)","commercial","","commercial (per thread tag)","",,,"msfn-98se","excluded","class D; tags ONGD; COMM; newer works?; commercial"
"abcavitageditor","abcAVI Tag Editor","osr-final=1.81","Windows 98/ME","","","Other","unknown","","","",,,"osr-final","lead",""
"abiword","AbiWord","osr-final=2.5.2; osr-kernelex=2.8.6","Windows 98/ME","yes","KernelEx 4.5.2","Office Suite","open-source","","GPL-2.0-or-later","",,,"osr-final osr-kernelex","lead","source flag FV (final working version); class from memory || class from memory"
"ac3filter","AC3Filter","msfn-98se=1.46","98SE","","unknown","Media Players + Encoders + Codecs","open-source","","GPL-2.0 (memory, for 1.x)","",,"http://ac3filter.net","msfn-98se","lead","class A; tags ONGD; FREE; later AC3Filter versions changed licensing (memory)"
"acemegacodecspack","ACE Mega CoDecS Pack","osr-final=6.03","Windows 98/ME","","","Codecs","unknown","","","",,,"osr-final","lead","source flag FV (final working version)"
"activepdfprimopdf","activePDF PrimoPDF","msfn-98se=3.1","98SE","","none known","PDF Utilities","commercial","","proprietary","",,"http://www.filehippo.com/download_primopdf/2557/","msfn-98se","excluded","class D; tags LAST; FREE; "
"activestateactiveperl","ActiveState ActivePerl","msfn-98se=5.8.8.822","98SE","","unknown","Programming","commercial","","ActiveState community licence restricts redistribution (memory)","",,"http://www.activestate.com/Products/activeperl","msfn-98se","excluded","class D; tags ONGD; FREE; "
"activexcompatibilitymanager","ActiveX Compatibility Manager","nirsoft-pad=1.00","Win98,WinME,WinNT 4.x,Windows2000,WinXP,Windows2003","","","Network & Internet::Browser Tools","freeware","","NirSoft freeware (redistribution allowed, unmodified, free of charge)","http://www.nirsoft.net/utils/acm.html","http://www.nirsoft.net/utils/acm.html","http://www.nirsoft.net/utils/acm.zip","nirsoft-pad","lead","PAD OS field lists 9x/ME; program page does not mention 9x/ME; PAD Program_Type 'Freeware'; class set per NirSoft license terms; page License: This utility is released as freeware for personal and non-commercial use. You are allowed to freely distribute this utility via floppy disk, CD-ROM, Internet, or in any other way, as long as you don't charge anything for this. If you distribute this utility...; page limits use to personal/non-commercial"
"activexhelper","ActiveXHelper","nirsoft-pad=1.12","Win98,WinME,WinNT 4.x,Windows2000,WinXP,Windows2003","","","Development::Active X","freeware","","NirSoft freeware (redistribution allowed, unmodified, free of charge)","http://www.nirsoft.net/utils/axhelper.html","http://www.nirsoft.net/utils/axhelper.html","http://www.nirsoft.net/utils/axhelper.zip","nirsoft-pad","lead","PAD OS field lists 9x/ME; program page does not mention 9x/ME; PAD Program_Type 'Freeware'; class set per NirSoft license terms; page License: This utility is released as freeware. You are allowed to freely distribute this utility via floppy disk, CD-ROM, Internet, or in any other way, as long as you don't charge anything for this. If you distribute this utility, you must include all files in the ..."
"activicons","ActivIcons","mdgx-toy=3.34","9x/NT4/2000/ME/XP","","Windows 95/OSR1/OSR2/NT4 require MS IE 4/5/6 with Active Desktop (View As Web Page) enabled!","System Enhancers / Other Enhancement Tools","freeware","","freeware","https://www.mdgx.com/toy.htm","http://www.cursorarts.com/ca_aifw.html","http://cursorarts.swmirror.com/acticn.zip","mdgx-toy","lead","class from source tag 'freeware' (entry text)"
"adapterwatch","AdapterWatch","nirsoft-pad=1.05","Win98,WinME,Windows2000,WinXP,Windows2003,Windows Vista Starter,Windows Vista Home Basic,Windows Vista Home Premium,Windows Vista Business,Windows Vista Enterprise,Windows Vista Ultimate","","","Network & Internet::Network Monitoring","freeware","","NirSoft freeware (redistribution allowed, unmodified, free of charge)","http://www.nirsoft.net/utils/awatch.html","http://www.nirsoft.net/utils/awatch.html","http://www.nirsoft.net/utils/awatch.zip","nirsoft-pad","lead","PAD OS field lists 9x/ME; page says: You can also use this utility on Windows 98/ME, but under these operating systems, some of the adapter information may not be displayed properly; CHECK: page mention of 9x/ME may be negative; PAD Program_Type 'Freeware'; class set per NirSoft license terms; page License: This utility is released as freeware. You are allowed to freely distribute this utility via floppy disk, CD-ROM, Internet, or in any other way, as long as you don't charge anything for this. If you distribute this utility, you must include all files in the ..."
"addremovepro","Add/Remove Pro","mdgx-toy=2.09","9x/NT/2000/ME/XP/2003","","","System Enhancers / Other Enhancement Tools","freeware","","freeware","https://www.mdgx.com/toy.htm","http://www.superwin.com/ffreewar.htm","http://superwin.swmirror.com/adrmpro2.exe","mdgx-toy","lead","class from source tag 'freeware' (entry text)"
"addrview","AddrView","nirsoft-pad=1.01","Win98,WinME,WinNT 4.x,Windows2000,WinXP","","","Network & Internet::Other","freeware","","NirSoft freeware (redistribution allowed, unmodified, free of charge)","http://www.nirsoft.net/utils/addrview.html","http://www.nirsoft.net/utils/addrview.html","http://www.nirsoft.net/utils/addrview.zip","nirsoft-pad","lead","PAD OS field lists 9x/ME; program page does not mention 9x/ME; PAD Program_Type 'Freeware'; class set per NirSoft license terms; page License: This utility is released as freeware for personal and non-commercial use. You are allowed to freely distribute this utility via floppy disk, CD-ROM, Internet, or in any other way, as long as you don't charge anything for this. If you distribute this utility...; page limits use to personal/non-commercial"
"adobeacrobatreader","Adobe Acrobat Reader","msfn-95=5.1; msfn-kernelex=7.0.9; osr-kernelex=7.0.9","95; Windows 98SE; Windows 98/ME","yes","KernelEx 4.5; Win2k mode; KernelEx 4.5; W2K SP4","","freeware","freeware / freeware-unclear","FREE (Freeware/Open Source per thread legend)","https://msfn.org/board/topic/176623-last-versions-of-software-for-windows-95/#findComment-1137692",,"http://www.oldversion.com/windows/acrobat-reader-5-1","msfn-95 msfn-kernelex osr-kernelex","lead","status LAST (last version supporting Win95); class from source tag 'FREE'; release date per source: 2001-12-25; from opening post list; caution (from memory): Adobe Reader redistribution needs a separate Adobe distribution agreement || status: working; thread note: Backup MSVCRT.DLL before installing and then restore it; class from memory || class from memory"
"adobeacrobatstandard","Adobe Acrobat Standard","msfn-98se=6.0","98SE","","","PDF Utilities","commercial","","commercial (per thread tag)","",,"http://www.adobe.com","msfn-98se","excluded","class D; tags LAST; COMM; 6.0.6.2007010800; commercial"
"adobedreamweavermx","Adobe Dreamweaver MX","msfn-98se=2004","98SE","","","Web Design Packages","commercial","","commercial (per thread tag)","",,,"msfn-98se","excluded","class D; tags LAST; COMM; Macromedia; commercial"
"adobefireworksmx2004","Adobe Fireworks MX2004","","98SE","","","Graphical Design","commercial","","commercial (per thread tag)","",,,"msfn-98se","excluded","class D; tags LAST; COMM; Macromedia; commercial"
"adobeflashmx","Adobe Flash MX","msfn-98se=2004","98SE","","","Web Design Packages","commercial","","commercial (per thread tag)","",,,"msfn-98se","excluded","class D; tags LAST; COMM; Macromedia; commercial"
"adobeflashplayer","Adobe Flash Player","msfn-98se=9.0.283.0; msfn-98se=9.0.283.0; msfn-kernelex=11.1.102.62; msfn-kernelex=11.1.01.129; osr-kernelex=11.2","98SE; Windows 98SE; Windows 98/ME","yes","none known; KernelEx 4.5.2; XP mode; KernelEx 4.5.1; KernelEx 4.5.2","Internet Plugins + Utilities","commercial","commercial / freeware-unclear","proprietary (Adobe)","",,"http://download.macromedia.com/pub/flashplayer/installers/current/9/install_flash_player_9_ax.exe","msfn-98se msfn-kernelex osr-kernelex","excluded","class D; tags LAST; FREE; Internet Explorer; Flash EOL; distribution licences ended || class D; tags LAST; FREE; Mozilla + Opera; Flash EOL; distribution licences ended || status: working; qualifier: plugin; class from memory"
"adobeillustrator","Adobe Illustrator","msfn-95=8; msfn-98se=10","95; 98SE","","","","commercial","","$$$$ (commercial per thread legend)","https://msfn.org/board/topic/176623-last-versions-of-software-for-windows-95/#findComment-1137735",,,"msfn-95 msfn-98se","excluded","status LAST (last version supporting Win95); class from source tag '$$$$'; release date per source: 1998-09; from reply by ppgrainbow (page 1), not in opening post list || class D; tags LAST; COMM; commercial"
"adobeindesign","Adobe InDesign","msfn-98se=2.0","98SE","","","Others","commercial","","commercial (per thread tag)","",,,"msfn-98se","excluded","class D; tags LAST; COMM; eBay; commercial"
"adobemediaplayer","Adobe Media Player (AMP)","mdgx-toy=1.6","XP SP2/2003/Vista/2008/7","","Requires Adobe AIR v1.5.1 Runtime APIs already installed!","Media Players + Recorders","freeware","","freeware","https://www.mdgx.com/toy.htm","http://www.adobe.com/products/mediaplayer/","http://airdownload.adobe.com/air/win/download/latest/AdobeAIRInstaller.exe","mdgx-toy","lead","class from source tag 'freeware' (entry text)"
"adobephotoshop","Adobe Photoshop","msfn-95=5.5; msfn-98se=7.0","95; 98SE","","","","commercial","","$$$$ (commercial per thread legend)","https://msfn.org/board/topic/176623-last-versions-of-software-for-windows-95/#findComment-1137735",,,"msfn-95 msfn-98se","excluded","status LAST (last version supporting Win95); class from source tag '$$$$'; release date per source: 1999-02; from reply by ppgrainbow (page 1), not in opening post list || class D; tags LAST; COMM; commercial"
"adobephotoshopcs","Adobe Photoshop CS","","Windows 98SE; Windows 98/ME","yes","KernelEx; KernelEx 4.5.2","Digital Art Software","commercial","","","",,,"msfn-kernelex osr-kernelex","excluded","status: working; class from memory || class from memory"
"adobephotoshopelements","Adobe Photoshop Elements","msfn-98se=2","98SE","","","Graphical Design","commercial","","commercial (per thread tag)","",,,"msfn-98se","excluded","class D; tags LAST; COMM; commercial"
"adobepremiere","Adobe Premiere","msfn-98se=6.5","98SE","","","Others","commercial","","commercial (per thread tag)","",,,"msfn-98se","excluded","class D; tags LAST; COMM; eBay; commercial"
"adobereader","Adobe Reader","msfn-98se=6.06","98SE","","none known","PDF Utilities","commercial","","proprietary (Adobe)","",,"http://www.adobe.com/products/acrobat/readstep2.html","msfn-98se","excluded","class D; tags LAST; FREE; "
"adobereader6","Adobe Reader 6","","Windows 98/ME","","","Document Viewer (PDFs)","freeware-unclear","","","",,,"osr-final","lead","source flag FV (final working version); class from memory"
"adobeshockwaveplayer","Adobe Shockwave Player","msfn-98se=10.3.0.24; msfn-kernelex=10.2.0.23; osr-kernelex=10.2.0.23","98SE; Windows 98SE; Windows 98/ME","yes","none known; KernelEx; KernelEx 4.5.2","Internet Plugins + Utilities","commercial","commercial / freeware-unclear","proprietary (Adobe)","",,"http://www.adobe.com/shockwave/download/?promoid=BIOY","msfn-98se msfn-kernelex osr-kernelex","excluded","class D; tags LAST; FREE; Shockwave EOL || status: working; class from memory || class from memory"
"advanceddiskcleaner","Advanced Disk Cleaner","mdgx-toy=4.0","9x/NT4/2000/ME/XP/2003","","","System + Registry Fixers","freeware","","freeware","https://www.mdgx.com/toy.htm","http://www.innovative-sol.com/cleaner/","http://innovative.fileburst.com/cleaner/advanced_disk_cleaner.exe","mdgx-toy","lead","class from source tag 'freeware' (entry text)"
"aida32","AIDA32","msfn-98se=3.94.2","98SE","","none known","System Information","commercial","","proprietary; discontinued","",,"http://www.oldversion.com/AIDA32.html","msfn-98se","excluded","class D; tags LAST; FREE; "
"aladdinstuffitexpander","Aladdin StuffIt Expander","msfn-95=5.1","95","","","","freeware","","FREE (Freeware/Open Source per thread legend)","https://msfn.org/board/topic/176623-last-versions-of-software-for-windows-95/#findComment-1137742",,"http://www.ozgundll.org/alex51.exe/m-download-49935.html","msfn-95","lead","status LAST (last version supporting Win95); class from source tag 'FREE'; from reply by ppgrainbow (page 1), not in opening post list"
"alcohol120","Alcohol 120%","msfn-kernelex=1.9.5.3105","Windows 98SE","yes","KernelEx","Apps","commercial","","","",,,"msfn-kernelex","excluded","status: working; thread note: This is the last version working natively in 9x, without needing any patches.; class from memory"
"alfamini","AlfaMini","msfn-95=1.8.0","95","","","","freeware","","FREE (Freeware/Open Source per thread legend)","https://msfn.org/board/topic/176623-last-versions-of-software-for-windows-95/#findComment-1137876",,"http://web.archive.org/web/20111220120548/http://www.alfasoftweb.com/download/alfamini_v1.80.exe","msfn-95","lead","status LAST (last version supporting Win95); class from source tag 'FREE'; from reply by ppgrainbow (page 1), not in opening post list"
"alshow","AlShow","msfn-kernelex=1.7; osr-kernelex=1.7","Windows 98SE; Windows 98/ME","yes","KernelEx 4.0","Media Players","freeware-unclear","","","",,,"msfn-kernelex osr-kernelex","lead","status: working; class from memory || class from memory"
"altcommander","Alt Commander","osr-final=1.3-20071014","Windows 95/98/ME","","","Windows Shells","unknown","","","",,,"osr-final","lead","source flag FV? (final working version)"
"amdathlon64coolnquiet","AMD Athlon 64 Cool'n'Quiet","msfn-98se=1.0.8.1","98SE","","","System Utilities","freeware-unclear","","vendor driver","",,"http://www.amd.com/us-en/Processors/TechnicalResources/0,,30_182_871_9706,00.html","msfn-98se","lead","class C?; tags LAST; FREE; Processor Cool'n'Quiet; 1.0.8.1; driver"
"amdaticatalyst","AMD ATI Catalyst","msfn-98se=6.2","98SE","","","Ati Video Drivers","freeware-unclear","","vendor driver (proprietary)","",,"http://ati.amd.com/support/drivers/98me/radeonaiw-98me.html","msfn-98se","lead","class C?; tags LAST; FREE; Radeon 7000 to 9800; driver; vendor availability not checked"
"amdatirageseries","AMD ATI RAGE Series","","98SE","","","Ati Video Drivers","freeware-unclear","","vendor driver (proprietary)","",,"http://ati.amd.com/support/drivers/98me/legacy-98me.html","msfn-98se","lead","class C?; tags LAST; FREE; driver; vendor availability not checked"
"amdeadlinks","AM-Deadlinks","msfn-kernelex=3.3; osr-kernelex=3.3","Windows 98SE; Windows 98/ME","yes","KernelEx","Other","unknown","","","","http://aignes.com/deadlink.htm",,"msfn-kernelex osr-kernelex","lead","status: working"
"amsn","aMSN","","98SE","","Tcl/Tk","Instant Messaging","open-source","","GPL-2.0 (memory)","",,"http://www.amsn-project.net","msfn-98se","lead","class A; tags LAST; (none); MSN network dead; low value"
"analogxatomictimesync","AnalogX Atomic TimeSync","msfn-98se=1.03","98SE","","none known","Time Synchronisation","freeware-unclear","","freeware, terms unknown","",,"http://www.analogx.com/contents/download/network/ats.htm","msfn-98se","lead","class C?; tags LAST; FREE; "
"anvirtaskmanagerfree","AnVir Task Manager Free","","98SE","","unknown","Windows Utilities","commercial","","proprietary","",,"http://www.anvir.com/taskmanagerfree","msfn-98se","excluded","class D?; tags ONGD; FREE; "
"aolinstantmessenger","AOL Instant Messenger","msfn-95=4.8","95","","","","freeware","","FREE (Freeware/Open Source per thread legend)","https://msfn.org/board/topic/176623-last-versions-of-software-for-windows-95/#findComment-1137960",,,"msfn-95","lead","status LAST (last version supporting Win95); class from source tag 'FREE'; no longer functional; from reply by ppgrainbow (page 2), not in opening post list; caution (from memory): proprietary client; redistribution terms not verified"
"apcpowerchutepersonaledition","APC PowerChute Personal Edition","msfn-98se=1.5.0","98SE","","unknown","Uninterruptible Power Supply (UPS)","freeware-unclear","","vendor software","",,"ftp://ftp.apcc.com/apc/public/software/wi...onalEdition.exe","msfn-98se","lead","class C?; tags LAST; FREE; for Back-UPS"
"apcpowerchuteplus","APC PowerChute plus","msfn-98se=5.0.2","98SE","","unknown","Uninterruptible Power Supply (UPS)","freeware-unclear","","vendor software","",,"ftp://ftp.apcc.com/apc/public/software/wi...2/pcplus502.exe","msfn-98se","lead","class C?; tags LAST; FREE; for Smart-UPS"
"apkboottweakui98","APK BootTweakUI 98","mdgx-toy=8.0.0.153","9x/ME","","","Boot Tweakers","freeware","","freeware","https://www.mdgx.com/toy.htm","http://www.torry.net/authorsmore.php?id=1781","http://ftp.sunet.se/pub/simtelnet/win95/util/apktweak.zip","mdgx-toy","lead","class from source tag 'freeware' (entry text)"
"apollo37zz","Apollo 37zz","","Windows 98/ME","","","MP3/Music Player","unknown","","","",,,"osr-final","lead","source flag FV (final working version)"
"appcompatibilityview","AppCompatibilityView","nirsoft-pad=1.10","Win7 x32,Win7 x64,WinVista,WinVista x64,WinXP","","","System Utilities::Other","freeware","","NirSoft freeware (redistribution allowed, unmodified, free of charge)","https://www.nirsoft.net/utils/app_compatibility_view.html","https://www.nirsoft.net/utils/app_compatibility_view.html","https://www.nirsoft.net/utils/appcompatibilityview.zip","nirsoft-pad","lead","PAD OS field lists NT-family only; Windows 9x/ME mentioned on program page only; page says: You can choose one of the following versions of Windows: Windows 95, Windows 98, Windows NT 4; PAD Program_Type 'Freeware'; class set per NirSoft license terms; page License: This utility is released as freeware. You are allowed to freely distribute this utility via floppy disk, CD-ROM, Internet, or in any other way, as long as you don't charge anything for this and you don't sell it or distribute it as a part of commercial prod..."
"applequicktime","Apple QuickTime","msfn-95=5.0.5","95","","","","freeware","","FREE (Freeware/Open Source per thread legend)","https://msfn.org/board/topic/176623-last-versions-of-software-for-windows-95/#findComment-1137692",,"http://www.oldversion.com/windows/quicktime-5-0-5","msfn-95","lead","status LAST (last version supporting Win95); class from source tag 'FREE'; release date per source: 2002-07-15; from opening post list; caution (from memory): QuickTime redistribution needed an Apple license"
"applequicktimeplayer","Apple QuickTime Player","msfn-98se=6.5.2","98SE","","none known","Media Players + Encoders + Codecs","commercial","","proprietary (Apple)","",,"http://www.apple.com/support/downloads/quicktime652forwindows.html","msfn-98se","excluded","class D; tags LAST; FREE; Player; Apple no longer offers 6.5.2 (memory)"
"apppaths2000","AppPaths 2000","mdgx-toy=2.7","9x/NT4/2000/ME/XP/2003","","","System Enhancers / Other Enhancement Tools","freeware","","freeware","https://www.mdgx.com/toy.htm","http://www.gregorybraun.com/AppPaths.html","http://www.gregorybraun.com/APPPATHS.ZIP","mdgx-toy","lead","class from source tag 'freeware' (entry text)"
"apsoftmemdump","APSoft MemDump","msfn-98se=2.0","98SE","","unknown","Windows Utilities","freeware-unclear","","freeware, terms unknown","",,"http://www.tssc.de/products/tools/memdump","msfn-98se","lead","class C?; tags ONGD; FREE; "
"apsoftvxdview","APSoft VxDView","msfn-98se=1.0","98SE","","unknown","Windows Utilities","freeware-unclear","","freeware, terms unknown","",,"http://www.tssc.de/products/tools/vxdview","msfn-98se","lead","class C?; tags ONGD; FREE; "
"aptdiff","AptDiff","","Windows 98SE; Windows 98/ME","yes","KernelEx","Binary Comparing","freeware-unclear","","","","http://www.aptedit.com/aptdiff.htm",,"msfn-kernelex osr-kernelex","lead","status: working; listed as: an excellent freeware binary diff; class from memory || source reports limitations or untested details; class from memory"
"artrage","ArtRage","msfn-kernelex=2.5; osr-kernelex=2.5","Windows 98SE; Windows 98/ME","yes","KernelEx","Digital Art Software","unknown","","","","http://www.ambientdesign.com",,"msfn-kernelex osr-kernelex","lead","status: working"
"artragefreeedition","ArtRage Free Edition","mdgx-toy=2.0","2000/XP/2003","","","Graphics Editors","freeware-unclear","","crippled freeware","https://www.mdgx.com/toy.htm","http://www.ambientdesign.com/artrage.html","http://www.ambientdesign.com/artragedown.html","mdgx-toy","lead","class from source tag 'crippled freeware' (entry text)"
"artweaver","Artweaver","msfn-98se=0.5.2; msfn-kernelex=0.5.7; osr-final=0.5; osr-kernelex=0.5.7","98SE; Windows 98SE; Windows 98/ME","yes","unknown; KernelEx 4.0","Graphical Design","freeware-unclear","","freeware","",,"http://www.artweaver.de/index.php?en_version","msfn-98se msfn-kernelex osr-final osr-kernelex","lead","class C?; tags ONGD; FREE;  || status: working; class from memory || source flag FV (final working version); class from memory"
"aspy","A-Spy","mdgx-toy=0.09","9x/NT4/2000/ME/XP","","","System Enhancers / Other Enhancement Tools","freeware","","freeware","https://www.mdgx.com/toy.htm","http://www.vipmeister.com/dl/aspy/aspy.html","http://www.vipmeister.com/dl/aspy/aspy009.zip","mdgx-toy","lead","label: Startup Manager; class from source tag 'freeware' (entry text)"
"asterisklogger","Asterisk Logger","nirsoft-pad=1.04","Win95,Win98,WinME,WinNT 4.x,Windows2000,WinXP,Windows2003","","","Security & Privacy::Other","freeware","","NirSoft freeware (redistribution allowed, unmodified, free of charge)","http://www.nirsoft.net/utils/astlog.html","http://www.nirsoft.net/utils/astlog.html","http://www.nirsoft.net/utils/astlog.zip","nirsoft-pad","lead","PAD OS field lists 9x/ME; page says: System Requirements This utility works properly under Windows 9x, Windows ME, Windows 2000, and Windows XP; PAD Program_Type 'Freeware'; class set per NirSoft license terms; page License: This utility is released as freeware. You are allowed to freely distribute this utility via floppy disk, CD-ROM, Internet, or in any other way, as long as you don't charge anything for this. If you distribute this utility, you must include all files in the ..."
"atomicclocksync","Atomic Clock Sync","msfn-98se=2.7.0.3","98SE","","none known","Time Synchronisation","commercial","","proprietary freeware","",,"http://www.worldtimeserver.com","msfn-98se","excluded","class D; tags LAST; FREE; no longer updated or posted; post says no longer posted"
"atomtimepro","AtomTime Pro","msfn-98se=v3.1d","98SE","","","Time Synchronisation","commercial","","commercial (per thread tag)","",,"http://www.atomtime.com","msfn-98se","excluded","class D; tags ONGD; COMM; commercial"
"attcrystal","AT&T Crystal","","Windows 98/ME","","","Text-to-Speech Software","commercial","","","",,,"osr-final","excluded","qualifier: 2008 or earlier build; class from memory"
"attpaul","AT&T Paul","","Windows 98/ME","","","Text-to-Speech Software","commercial","","","",,,"osr-final","excluded","qualifier: 2008 or earlier build; class from memory"
"attributechanger","Attribute Changer","msfn-95=5.30","95","","","","freeware","","FREE (Freeware/Open Source per thread legend)","https://msfn.org/board/topic/176623-last-versions-of-software-for-windows-95/#findComment-1137692",,"http://web.archive.org/web/20071219023529/http://webplaza.pt.lu/public/rpetges/download/ac.exe","msfn-95","lead","status LAST (last version supporting Win95); class from source tag 'FREE'; release date per source: 2007-05-30; from opening post list"
"audacity","Audacity","mdgx-toy=1.3.14 Beta; msfn-98se=1.3.7 Beta; msfn-kernelex=1.3.12-beta; osr-final=2.0.0","2000/XP/2003/Vista/2008/7; 98SE; Windows 98SE; Windows 98/ME","yes","unknown; KernelEx 4.5; Win2k mode","Media Players + Recorders","open-source","","GPL (version not stated by source)","https://www.mdgx.com/toy.htm","http://audacity.sourceforge.net/","http://audacity.googlecode.com/files/audacity-win-unicode-1.3.14.exe","mdgx-toy msfn-98se msfn-kernelex osr-final","lead","class from source tag 'free GPL' (entry text) || class A; tags LAST; FREE; 1.3.7 beta on 9x not verified || status: working; class from memory"
"audiocon","Audio-Con","msfn-kernelex=1.0; osr-kernelex=1.0","Windows 98SE; Windows 98/ME","yes","KernelEx 4.0","Other","unknown","","","",,,"msfn-kernelex osr-kernelex","lead","status: working"
"autodeskautocad","AutoDesk AutoCad","msfn-98se=2002","98SE","","","CAD + CAM + Design & Drafting Software","commercial","","commercial (per thread tag)","",,"http://www.autodesk.com","msfn-98se","excluded","class D; tags LAST; COMM; commercial"
"autoit","AutoIt","osr-final=3.2.12.1","9x/NT4/2000/ME/XP/2003/Vista/2008/7; Windows 98/ME","","","System Enhancers / Other Enhancement Tools","freeware","freeware / freeware-unclear","freeware","https://www.mdgx.com/toy.htm","http://www.autoitscript.com/autoit3/","http://www.autoitscript.com/files/autoit3/autoit-v3-setup.exe","mdgx-toy osr-final","lead","class from source tag 'freeware' (entry text) || source flag FV (final working version); class from memory"
"autoruns","Autoruns","msfn-98se=9.13","98SE","","","Windows Utilities","commercial","","Microsoft (Sysinternals)","",,"http://www.filehippo.com/download_autoruns/3847/","msfn-98se","excluded","class D; tags LAST; FREE; Microsoft"
"autosizer","AutoSizer","mdgx-toy=1.53","9x/NT4/2000/ME/XP/2003","","","System Enhancers / Other Enhancement Tools","freeware","","freeware","https://www.mdgx.com/toy.htm","http://www.southbaypc.com/autosizer/","http://www.southbaypc.com/download/assetup.exe","mdgx-toy","lead","class from source tag 'freeware' (entry text)"
"avantbrowser","Avant Browser","msfn-98se=11.0 build 46","98SE","","unknown","Internet Browsers","commercial","","proprietary","",,"http://avant.it-mate.co.uk/?c=Download&f=Avant_Browser/11_Series/11_0","msfn-98se","excluded","class D; tags LAST; FREE; "
"avanti","Avanti","msfn-kernelex=0.5.9","Windows 98SE","yes","KernelEx 4.5.1; XP mode","Apps","unknown","","","","http://www.videohelp.com/tools/Avanti",,"msfn-kernelex","lead","status: working; qualifier: FFMPEG frontend"
"avast","Avast","msfn-kernelex=4.8; osr-final=4.8; osr-kernelex=4.8","Windows 98SE; Windows 98/ME","yes","KernelEx 4.0rc2","Anti-Malware and Anti-Viruses","freeware-unclear","","","",,,"msfn-kernelex osr-final osr-kernelex","lead","status: working; class from memory || source flag CS (concurrent support); class from memory || class from memory"
"avast4home","Avast! 4 Home","msfn-98se=4.8.1368","98SE","","none known","Virus and Spyware Scanners + Privacy and Security Tools","commercial","","proprietary","",,"http://www.avast.com","msfn-98se","excluded","class D; tags LAST; FREE; 4.8.1368"
"avgfree","AVGFree","msfn-98se=7.5","98SE","","none known","Virus and Spyware Scanners + Privacy and Security Tools","commercial","","proprietary","",,"http://free.grisoft.com","msfn-98se","excluded","class D; tags LAST; FREE; database 270.12.11/2089"
"avidemux","AviDemux","msfn-kernelex=2.5.2; osr-kernelex=2.5.2","Windows 98SE; Windows 98/ME","yes","KernelEx 4.0","Video Editors","open-source","","GPL-2.0-or-later","",,,"msfn-kernelex osr-kernelex","lead","status: partially working; thread note: Loudness adjustment doesn't work; class from memory || source reports limitations or untested details; class from memory"
"aviraantivirpersonaleditionclassic","Avira AntiVir PersonalEdition Classic","msfn-98se=7.06.00.268","98SE","","none known","Virus and Spyware Scanners + Privacy and Security Tools","commercial","","proprietary","",,"http://www.download.com/Avira-AntiVir-PersonalEdition-Classic/3000-2239_4-10745467.html?tag=lst-0-10","msfn-98se","excluded","class D; tags LAST; FREE; "
"aviutl","AviUtl","","98SE","","unknown","Media Players + Encoders + Codecs","freeware-unclear","","freeware, terms unknown","",,"http://www.geocities.com/fredledingo/aviutl.htm","msfn-98se","lead","class C?; tags LAST; FREE; Video editing; link is dead GeoCities mirror"
"bandizip","Bandizip","mdgx-toy=1.0.3","2000/XP/2003/Vista/2008/7","","","File Shrinkers","freeware","","freeware","https://www.mdgx.com/toy.htm","http://www.bandicam.com/bandizip/","http://www.bandicam.com/bandizip/downloads/bandizip-setup-gl.exe","mdgx-toy","lead","class from source tag 'freeware' (entry text)"
"batchrun","BatchRun","mdgx-toy=4.1","9x/NT4/2000/ME/XP/2003","","","System Enhancers / Other Enhancement Tools","freeware","","freeware","https://www.mdgx.com/toy.htm","http://www.outertech.com/?_charisma_page=product&id=1","http://www.outertech.com/files/btrun410.exe","mdgx-toy","lead","class from source tag 'freeware' (entry text)"
"bblean","bbLean","osr-kernelex=1.17.1","Windows 98SE; Windows 98/ME","yes","KernelEx","Windows Shells","open-source","","","",,,"msfn-kernelex osr-kernelex","lead","status: working; class from memory || class from memory"
"beclean","BeClean","mdgx-toy=1.4","9x/NT4/2000/ME/XP","","","System + Registry Fixers","freeware","","freeware","https://www.mdgx.com/toy.htm","http://boozet.xepher.net/beclean/","http://boozet.xepher.net/download/beclean140.exe","mdgx-toy","lead","class from source tag 'freeware' (entry text)"
"belarcadvisor","Belarc Advisor","msfn-98se=8.1e","98SE","","unknown","System Information","commercial","","proprietary","",,"http://www.belarc.com/free_download.html","msfn-98se","excluded","class D?; tags ONGD; FREE; "
"bellavistabootinibootconfigurationdata+bcdeditexeinterfacetweakingtool","BellaVista BOOT.INI, Boot Configuration Data (BCD) + BCDEdit.exe interface (GUI) tweaking tool","mdgx-toy=1.1.0.75","NT4/2000/XP/2003/Vista/2008/7/8/8.1/2012","","","Boot Tweakers","freeware","","English, freeware","https://www.mdgx.com/toy.htm","http://www.zezula.net/en/fstools/bellavista.html","http://www.zezula.net/download/bellavista_en.zip","mdgx-toy","lead","label: BellaVista; class from source tag 'English, freeware' (entry text)"
"bittorrent","BitTorrent","msfn-98se=6.0; msfn-kernelex=6.4; osr-kernelex=6.4","98SE; Windows 98SE; Windows 98/ME","yes","unknown; KernelEx 4.5","File Sharing and File Downloaders","commercial","commercial / freeware-unclear","proprietary","",,"http://www.bittorrent.com","msfn-98se msfn-kernelex osr-kernelex","excluded","class D; tags ONGD; FREE;  || status: working; class from memory || class from memory"
"bluecatvstanddirectxaudioplugins","BlueCat VST and DirectX audio plugins","","Windows 98SE; Windows 98/ME","yes","KernelEx","VST Software/Plugins","freeware-unclear","","","","http://www.bluecataudio.com/Main/Home/",,"msfn-kernelex osr-kernelex","lead","status: working; qualifier: tested on the free plugin packs only; class from memory || qualifier: 2011 builds; class from memory"
"bluefish","Bluefish","mdgx-toy=2.2.4","2000/XP/2003/Vista/2008/7/8/8.1/2012","","","Text Editors","open-source","","GPL (version not stated by source)","https://www.mdgx.com/toy.htm","http://bluefish.openoffice.nl/","http://www.bennewitz.com/bluefish/stable/binaries/win32/","mdgx-toy","lead","class from source tag 'free GPL' (entry text)"
"bochs","Bochs","msfn-95=2.3.7","95","","","","open-source","","LGPL-2.1-or-later","",,"https://sourceforge.net/projects/bochs/files/bochs/2.3.7/","msfn-95","lead","status LAST (last version supporting Win95); class from source tag 'FREE'; release date per source: 2008-06-05; from reply by ppgrainbow (page 2), not in opening post list; open-source class and SPDX id from memory, not stated by source"
"bochspcemulator","BOCHS PC emulator","msfn-kernelex=2.5; osr-kernelex=2.5","Windows 98SE; Windows 98/ME","yes","KernelEx 4.5.1; XP mode; KernelEx 4.5.1; XP","Virtualization/Emulation Software","open-source","","LGPL-2.1-or-later","","http://bochs.sourceforge.net/getcurrent.html",,"msfn-kernelex osr-kernelex","lead","status: working; class from memory || source reports limitations or untested details; class from memory"
"boingowireless","Boingo Wireless","","Windows 98/ME","","","Wireless Clients","unknown","","","",,,"osr-final","lead","source flag FV (final working version)"
"boot95","BOOT 95","mdgx-toy=3.02","9x/ME","","","Boot Tweakers","freeware","","freeware","https://www.mdgx.com/toy.htm","https://www.mdgx.com/msdos.htm#TAB","https://web.archive.org/web/20061210125452/http://www.netprosweb.com/download/utility/boot32.zip","mdgx-toy","lead","class from source tag 'freeware' (entry text)"
"bootchooser","Boot ChoOSer","mdgx-toy=1.2","9x/NT4/2000/ME/XP/2003","","","Boot Tweakers","freeware","","freeware","https://www.mdgx.com/toy.htm","http://www.maddogsw.com/bootchooser/","http://www.maddogsw.com/bootchooser/chooseos.zip","mdgx-toy","lead","class from source tag 'freeware' (entry text)"
"bootconfigurator","Boot Configurator","mdgx-toy=1.4","9x/ME","","","Boot Tweakers","freeware","","freeware","https://www.mdgx.com/toy.htm","https://web.archive.org/web/20080616032931/http://marina.fortunecity.com/havana/425/","https://web.archive.org/web/20080616032931/http://marina.fortunecity.com/havana/425/files/bc.zip","mdgx-toy","lead","class from source tag 'freeware' (entry text)"
"bootiniconfigurationutility","BOOT.INI Configuration Utility","mdgx-toy=1.5.0","NT/2000/XP/2003","","","Boot Tweakers","freeware","","freeware","https://www.mdgx.com/toy.htm",,"https://www.mdgx.com/files/BOOTINI.EXE","mdgx-toy","lead","class from source tag 'freeware' (entry text)"
"bootloganalyzer","Boot Log Analyzer (BLA)","mdgx-toy=1.23","9x/ME","","","Boot Tweakers","freeware","","freeware","https://www.mdgx.com/toy.htm","http://www.pricelesswarehome.org/WoundedMoon/win32/bootloganalyzer123.html","http://www.pricelesswarehome.org/WoundedMoon/files/bootloganalyzer123.zip","mdgx-toy","lead","class from source tag 'freeware' (entry text)"
"bootlogexaminer","BootLog Examiner (BLE)","mdgx-toy=1.3","9x/ME","","","Boot Tweakers","freeware","","freeware","https://www.mdgx.com/toy.htm","http://www.blueorbsoft.com/ble/","http://www.blueorbsoft.com/ble/BLE_Setup.exe","mdgx-toy","lead","class from source tag 'freeware' (entry text)"
"bootswitcher","Boot Switcher","mdgx-toy=2.0","9x/NT4+SP6a/2000/ME/XP/2003","","","Boot Tweakers","freeware","","freeware","https://www.mdgx.com/toy.htm","http://www.angelfire.com/wizard2/hkeylocal/boot.htm","http://sunsite2.icm.edu.pl/pub/winsite/winxp/sysutil/bswitcher_setup.exe","mdgx-toy","lead","class from source tag 'freeware' (entry text)"
"borgchat","BORGChat","msfn-98se=v1.0.0","98SE","","unknown","Instant Messaging","freeware-unclear","","freeware, terms unknown","",,"http://borgchat.softnews.ro/download.php","msfn-98se","lead","class C?; tags LAST; FREE; b438; LAN chat"
"broadcomnetlink4401networkdrivers","Broadcom NetLink 4401 Network Drivers","msfn-98se=4.60","98SE","","","Network Adapter Drivers","freeware-unclear","","vendor driver (proprietary)","",,"http://www.broadcom.com/support/ethernet_nic/4401.php","msfn-98se","lead","class C?; tags LAST; FREE; Network Drivers 4.60; driver; vendor availability not checked"
"broadcomnetlink57xxnetworkdrivers","Broadcom NetLink 57xx Network Drivers","msfn-98se=10.24d","98SE","","","Network Adapter Drivers","freeware-unclear","","vendor driver (proprietary)","",,"http://www.broadcom.com/support/ethernet_nic/netlink.php","msfn-98se","lead","class C?; tags LAST; FREE; Network Drivers 10.24d; driver; vendor availability not checked"
"broadcomnetxtremenetworkdrivers","Broadcom NetXtreme Network Drivers","msfn-98se=10.24d","98SE","","","Network Adapter Drivers","freeware-unclear","","vendor driver (proprietary)","",,"http://www.broadcom.com%2Fsupport%2Fethern...eme_desktop.php","msfn-98se","lead","class C?; tags LAST; FREE; driver; vendor availability not checked"
"bsodproperties","BSOD Properties","mdgx-toy=1.0a","3.1x/9x/ME","","","System + Registry Tweakers","freeware","","freeware","https://www.mdgx.com/toy.htm","http://www.toastytech.com/files/bsod.html","http://www.toastytech.com/files/bsodprop.zip","mdgx-toy","lead","class from source tag 'freeware' (entry text)"
"bsplayer","BSPlayer","msfn-98se=2.x","98SE","","unknown","Media Players + Encoders + Codecs","commercial","","proprietary (adware)","",,"http://www.bsplayer.com/en/bs.player/home/","msfn-98se","excluded","class D; tags ONGD; FREE; Pro $$$$ also Available; old free BSPlayer not offered"
"bsplayer2x","BSPlayer 2.x","","Windows 98/ME","","","Media Players","unknown","","","",,,"osr-final","lead","source reports limitations"
"btsect","BTSECT","mdgx-toy=2.5","9x/ME","","","Boot Tweakers","freeware","","freeware","https://www.mdgx.com/toy.htm","http://www.thpc.info/dual/bootsectdos.html","http://www.thpc.info/dload/btsect25.zip","mdgx-toy","lead","class from source tag 'freeware' (entry text)"
"buffalowirelessmanagerv","Buffalo Wireless Manager V","","Windows 98/ME","","","Wireless Clients","unknown","","","",,,"osr-final","lead","source flag FV (final working version)"
"bugsight16+32bit","BugSight 16 + 32 bit","mdgx-toy=0.83","9x/ME","","","System + Registry Fixers","freeware","","freeware","https://www.mdgx.com/toy.htm","https://web.archive.org/web/20080619061613/http://www.bugsight.com/","https://web.archive.org/web/20080619061613/http://www.bugsight.com/bugsight.zip","mdgx-toy","lead","class from source tag 'freeware' (entry text)"
"burnatonce","BurnAtOnce","","98SE","","unknown","CD/DVD Authoring Programs","freeware-unclear","","freeware, terms unknown","",,"http://www.burnatonce.net","msfn-98se","lead","class C?; tags LAST; FREE; "
"burnawarefree","Burnaware Free","msfn-kernelex=2.4.2; osr-kernelex=2.4.2","Windows 98SE; Windows 98/ME","yes","KernelEx 4.0","Disk/Disc Burning Software","freeware-unclear","","","",,,"msfn-kernelex osr-kernelex","lead","status: working; thread note: Delete the WnASPI32.dll from Installations folder.; class from memory || class from memory"
"burrrn","Burrrn","","98SE","","unknown","CD/DVD Authoring Programs","freeware-unclear","","freeware, terms unknown","",,"http://www.burrrn.net/?page_id=4","msfn-98se","lead","class C?; tags ONGD; FREE; "
"cabpack","CabPack","mdgx-toy=1.4","9x/NT4/2000/ME/XP/2003","","","File Shrinkers","freeware","","freeware, English","https://www.mdgx.com/toy.htm","http://www.larshederer.homepage.t-online.de/cabpack.htm","http://www.larshederer.homepage.t-online.de/cabpck14.zip","mdgx-toy","lead","class from source tag 'freeware, English' (entry text)"
"cachebooster","CacheBooster","mdgx-toy=1.00","9x/ME","","","System + Registry Tweakers","freeware","","freeware","https://www.mdgx.com/toy.htm","http://www.analogx.com/contents/download/system/cb.htm","http://www.analogx.com/files/cbi.exe","mdgx-toy","lead","class from source tag 'freeware' (entry text)"
"cacheman","CacheMan","mdgx-toy=5.50; msfn-98se=5.50","9x/NT4/2000/ME/XP/2003; 98SE","","none known","System + Registry Tweakers","shareware","shareware / commercial","no nag shareware","https://www.mdgx.com/toy.htm","http://www.outertech.com/?_charisma_page=product&id=2","http://www.outertech.com/files/cachm550.exe","mdgx-toy msfn-98se","excluded","class from source tag 'no nag shareware' (entry text) || class D?; tags LAST; FREE; Outertech now commercial"
"cakewalksonar","Cakewalk Sonar","msfn-98se=2","98SE","","","Others","commercial","","commercial (per thread tag)","",,,"msfn-98se","excluded","class D; tags LAST; COMM; eBay; commercial"
"calcplus","Calcplus","","Windows 98SE; Windows 98/ME","yes","KernelEx","Math","unknown","","","",,,"msfn-kernelex osr-kernelex","lead","status: working"
"calendar2000","Calendar 2000","","98SE","","unknown","Others","freeware-unclear","","freeware, terms unknown","",,"http://www.gregorybraun.com/Calendar.html","msfn-98se","lead","class C?; tags ONGD; FREE; "
"camstudio","CamStudio","osr-final=2.0","Windows 98/ME","","","Screen Recorder","open-source","","","",,,"osr-final","lead","source flag FV (final working version); class from memory"
"ccleaner","CCleaner (Crap Cleaner)","mdgx-toy=2.34; msfn-98se=2","98/NT4/2000/ME/XP/2003/Vista/2008/7; 98SE","","none known","System + Registry Fixers","freeware","freeware / commercial","freeware","https://www.mdgx.com/toy.htm","http://www.ccleaner.com/","http://download.piriform.com/ccsetup234.exe","mdgx-toy msfn-98se","lead","class from source tag 'freeware' (entry text) || class D; tags ONGD; FREE; Cleans hard disk of junk files"
"ceditmx","cEditMX","mdgx-toy=6.0.7","9x/NT4/2000/ME/XP/2003","","","Hex Editors","open-source","","GPL (version not stated by source)","https://www.mdgx.com/toy.htm","http://www.ceditmx.com/","http://downloads.sourceforge.net/cedit/cMXSetup.exe","mdgx-toy","lead","class from source tag 'free GPL' (entry text)"
"changeofaddress2","Change Of Address 2 (COA2)","mdgx-toy=1.0","9x/NT4/2000/ME/XP/2003","","","System Enhancers / Other Enhancement Tools","unknown","","","","http://www.pcmag.com/article2/0,1895,1556472,00.asp","http://digilander.libero.it/rareware/coa2.zip","mdgx-toy","lead",""
"charmapfromxp","Charmap from XP","","Windows 98SE; Windows 98/ME","yes","KernelEx","Official Microsoft Files","freeware-unclear","","","",,,"msfn-kernelex osr-kernelex","excluded","status: working; class from memory; Microsoft component (excluded for now) || class from memory; Microsoft component (excluded for now)"
"citrixpresentationserverclientpackage","Citrix Presentation Server Client Package","msfn-98se=9.246","98SE","","none known","Connectivity","commercial","","proprietary","",,"http://www.firstdatasystems.com/support_downloads.php","msfn-98se","excluded","class D; tags LAST; FREE; 9.237 available from"
"civ","CIV","","Windows 98/ME","","","Image Viewers","unknown","","","","https://www.deviantart.com/suprvillain/art/CIV-the-Common-Image-Viewer-102359204",,"osr-final","lead","source flag FV (final working version); qualifier: Common Image Viewer"
"ckrename","CKRename","mdgx-toy=1.08","9x/NT4/2000/ME/XP/2003","","","System Enhancers / Other Enhancement Tools","freeware","","freeware","https://www.mdgx.com/toy.htm","https://web.archive.org/web/20080822211658/http://www.musicsucks.com/CKSoft/CKRename/","http://www.softpedia.com/get/System/File-Management/CKRename.shtml","mdgx-toy","lead","class from source tag 'freeware' (entry text); source marks it discontinued"
"clamsentinel","Clam Sentinel","","Windows 98/ME","","","Anti-Malware and Anti-Viruses","open-source","","","",,,"osr-final","lead","class from memory"
"clamwin","ClamWin","msfn-98se=0.95.3; osr-final=0.99.1","98SE; Windows 98/ME","","unknown","Virus and Spyware Scanners + Privacy and Security Tools","open-source","","GPL-2.0 (memory)","","https://msfn.org/board/topic/151192-unofficial-clamwin-patch-for-win98se/","http://www.clamwin.com","msfn-98se osr-final","lead","class A; tags ONGD; FREE; old engine cannot use current signatures || source flag CS (concurrent support); class from memory"
"cleanreg3","CleanReg3","mdgx-toy=3.7","9x/NT4/2000/ME/XP/2003","","","System + Registry Fixers","shareware","","nag + crippled shareware","https://www.mdgx.com/toy.htm","http://www.cleanreg.com/","http://www.armstrongsystems.bizland.com/cr3.zip","mdgx-toy","excluded","class from source tag 'nag + crippled shareware' (entry text)"
"cleansystemdirectory","Clean System Directory","mdgx-toy=1.7","3.1x/9x/ME","","","System + Registry Fixers","freeware","","freeware","https://www.mdgx.com/toy.htm","http://www.theabsolute.net/sware/#clnsys","http://www.theabsolute.net/sware/files/clnsysdr.zip","mdgx-toy","lead","class from source tag 'freeware' (entry text)"
"cleanup","CleanUp!","mdgx-toy=3.12","9x/NT4/2000/ME/XP/2003","","","System + Registry Fixers","freeware","","donationware","https://www.mdgx.com/toy.htm","http://users3.ev1.net/~stevengould/cleanup/","http://users3.ev1.net/~stevengould/downloads/cleanup/CleanUp312.exe","mdgx-toy","lead","class from source tag 'donationware' (entry text)"
"clickster","Clickster","","98SE","","unknown","File Sharing and File Downloaders","commercial","","proprietary","",,"http://www.remlapsoftware.com/clickster.htm","msfn-98se","excluded","class D; tags ONGD; FREE; music finder program. Not P2P"
"clipboards","Clipboards","","98SE","","unknown","Others","freeware-unclear","","freeware, terms unknown","",,"http://www.splinterware.com/products/clipboards.htm","msfn-98se","lead","class C?; tags ONGD; FREE; Gives 9 clipboards to Win9x"
"clonedvd","Clone Dvd","","98SE","","","CD/DVD Authoring Programs","commercial","","commercial (per thread tag)","",,"http://www.clonedvd.net","msfn-98se","excluded","class D; tags ONGD; COMM; DVD copy; commercial"
"clrmamepro","ClrMamePro","msfn-98se=3.109a","98SE","","none known","Emulators and Utilities","freeware-unclear","","freeware, terms unknown","",,"http://www.mamechannel.it/files_support/cmp3109a.zip","msfn-98se","lead","class C?; tags LAST; FREE; Mame Data Manager"
"codestuffstarter","CodeStuff Starter","","98SE","","unknown","Windows Utilities","freeware-unclear","","freeware, terms unknown","",,"http://codestuff.tripod.com/products_starter.html","msfn-98se","lead","class C?; tags ONGD; FREE; "
"cole2kmediacodecpack","Cole2k Media CodecPack","msfn-kernelex=7.9.0; osr-kernelex=8.0.6; osr-kernelex=7.9.0","Windows 98SE; Windows 98/ME","yes","KernelEx 4.0; KernelEx 4.5.2019.24; XP SP3 Mode","Codecs","unknown","","","",,,"msfn-kernelex osr-kernelex","lead","status: working || qualifier: Advanced"
"colorcontrol","Color Control","mdgx-toy=1.0","XP","","Color Control requires Microsoft .Net Framework Redistributable (NFR) 1.1/newer (free)!","System + Registry Tweakers","commercial","","Microsoft (proprietary)","","https://www.mdgx.com/add.htm#NFR","http://download.microsoft.com/download/3/b/a/3bac80b2-24a9-4a92-b87d-977b540b2e9c/WinColorSetup.exe","mdgx-toy","excluded","class from source tag 'free' (entry text); Microsoft component: source tag describes a free download, not redistribution rights; Microsoft component; class from memory"
"computerassociatesetrustantivirusstandard","Computer Associates eTrust AntiVirus Standard","","98 SE/2000/ME/XP/2003","","","System Enhancers / Other Enhancement Tools","commercial","","Microsoft (proprietary)","",,"http://download.microsoft.com/download/d/6/2/d6232f7b-6d1b-46a7-a136-447560eca729/SetupAV-Standard.exe","mdgx-toy","excluded","class from source tag 'registered freeware, 1 year updates subscription ONLY!' (entry text); Microsoft component: source tag describes a free download, not redistribution rights; Microsoft component; class from memory"
"conexwarepowerarchiver","ConeXware PowerArchiver","msfn-98se=2007 10.20","98SE","","","Compression + Archival + Backup Utilities","shareware","","shareware (per thread tag)","",,"http://www.powerarchiver.com","msfn-98se","excluded","class D; tags ONGD; SHAR; shareware/trial"
"connectixvirtualpc","Connectix Virtual PC","msfn-98se=5.1.0.370; osr-final=4.1","98SE; Windows 98/ME","","","Virtual Machines","commercial","commercial / freeware-unclear","commercial (per thread tag)","",,,"msfn-98se osr-final","excluded","class D; tags LAST; COMM; Connectix bought by MS; commercial || source flag FV (final working version); class from memory; Microsoft component (excluded for now)"
"contextprogrammerseditor","ConTEXT Programmers Editor","mdgx-toy=0.98.6","9x/NTx","","","Text Editors","open-source","","freeware, open source","https://www.mdgx.com/toy.htm","http://www.contexteditor.org/","http://cdn.contextstatic.org/downloads/ConTEXTv0_986.exe","mdgx-toy","lead","class from source tag 'freeware, open source' (entry text)"
"convarpcinspectorfilerecovery","Convar PC Inspector File Recovery","msfn-98se=4.0","98SE","","unknown","File Recovery","freeware-unclear","","proprietary freeware","",,"http://www.pcinspector.de","msfn-98se","lead","class C?; tags ONGD; FREE; "
"convarpcinspectorsmartrecovery","Convar PC Inspector Smart Recovery","msfn-98se=4.50.0001","98SE","","unknown","File Recovery","freeware-unclear","","proprietary freeware","",,"http://www.pcinspector.de","msfn-98se","lead","class C?; tags ONGD; FREE; "
"coolplayer219","CoolPlayer 219","","Windows 98/ME","","","MP3/Music Player","unknown","","","",,"https://sourceforge.net/projects/coolplayer/files/latest/download","osr-final","lead","source flag FV (final working version); qualifier: June 1, 2008"
"copylock","CopyLock","mdgx-toy=1.09","9x/NT4/2000/ME/XP/2003","","","System Enhancers / Other Enhancement Tools","freeware","","freeware","https://www.mdgx.com/toy.htm","http://www.noeld.com/programs.asp?cat=misc#CopyLock","http://www.noeld.com/download/copylock.zip","mdgx-toy","lead","class from source tag 'freeware' (entry text)"
"corecodeccoreplayer","CoreCodec CorePlayer","msfn-kernelex=1.3.6 build 7427","Windows 98SE","yes","KernelEx 4.5.2","Apps","commercial","","","","http://corecodec.com/products/coreplayer",,"msfn-kernelex","excluded","status: working; class from memory"
"coreldraw","Corel Draw","msfn-95=9; msfn-98se=11","95; 98SE","","","","commercial","","$$$$ (commercial per thread legend)","https://msfn.org/board/topic/176623-last-versions-of-software-for-windows-95/#findComment-1137735",,,"msfn-95 msfn-98se","excluded","status LAST (last version supporting Win95); class from source tag '$$$$'; release date per source: 1999-08-31; from reply by ppgrainbow (page 1), not in opening post list || class D; tags LAST; COMM; eBay; commercial"
"corelpainter","Corel Painter","msfn-98se=8","98SE","","","Others","commercial","","commercial (per thread tag)","",,,"msfn-98se","excluded","class D; tags LAST; COMM; eBay; commercial"
"corelpaintshopprox","Corel Paint Shop Pro X","","Windows 98SE; Windows 98/ME","yes","KernelEx","Digital Art Software","commercial","","","","http://www.winmatrix.com/forums/index.php?/topic/23630-get-free-corel-paint-shop-pro-x-license-legally/",,"msfn-kernelex osr-kernelex","excluded","status: working; class from memory || class from memory"
"cornice","Cornice","osr-final=0.6.1","Windows 98/ME","","","Image Viewers","unknown","","","",,,"osr-final","lead","source flag FV (final working version)"
"cpuz","cpu-z","osr-final=1.78","98SE; Windows 98/ME","","unknown","System Utilities","commercial","commercial / freeware-unclear","proprietary","",,"http://www.cpuid.com","msfn-98se osr-final","excluded","class D?; tags ONGD; FREE; 9x build availability unknown || source flag FV (final working version); class from memory"
"crcexecommandlinetool","CRC.EXE command line tool","mdgx-toy=3.0","9x/NT4/2000/ME/XP/2003/Vista/2008/7/8/8.1/2012","","","Hex Editors / FREE Windows x/NTx Checksum Tools","unknown","","","",,"https://web.archive.org/web/20010814000944/http://vamsftwxp.conxion.com/CRC.EXE","mdgx-toy","lead",""
"creativesoundblaster1632awedriver","Creative Sound Blaster 16/32/AWE driver","msfn-98se=Revision 16","98SE","","","Audio Drivers","freeware-unclear","","vendor driver (proprietary)","",,"http://us.creative.com/support/downloads/download.asp?MainCategory=1&nRegionFK=&nCountryFK=&nLanguageFK=&sOSName=Windows+98SE%AEion=1&Product_Name=Sound+Blaster+AWE64&Product_ID=1849&modelnumber=&driverlang=1033&OS=3&drivertype=0&x=24&y=11","msfn-98se","lead","class C?; tags LAST; FREE; /32/AWE Revision 16; Used by Virtual PC; driver; vendor availability not checked"
"creativesoundblasteraudigyseriesaudiodriver","Creative Sound Blaster Audigy Series Audio Driver","","98SE","","","Audio Drivers","freeware-unclear","","vendor driver (proprietary)","",,"http://us.creative.com/support/downloads/download.asp?MainCategory=1&nRegionFK=&nCountryFK=&nLanguageFK=&sOSName=Windows+98SE%AEion=1&Product_Name=Audigy&Product_ID=4847&modelnumber=&driverlang=1033&OS=3&drivertype=0&x=16&y=13","msfn-98se","lead","class C?; tags LAST; FREE; driver; vendor availability not checked"
"creativesoundblasterensoniqaudiopci","Creative Sound Blaster Ensoniq AudioPCI","msfn-98se=v5.12.01","98SE","","","Audio Drivers","freeware-unclear","","vendor driver (proprietary)","",,"http://us.creative.com/support/downloads/download.asp?MainCategory=1&nRegionFK=&nCountryFK=&nLanguageFK=&sOSName=Windows+98SE%AEion=1&Product_Name=Sound+Blaster+PCI+128&Product_ID=1864&modelnumber=&driverlang=1033&OS=3&drivertype=0&x=21&y=10","msfn-98se","lead","class C?; tags LAST; FREE; driver; vendor availability not checked"
"creativesoundblasterlive","Creative Sound Blaster Live! 5.1 Series driver","","98SE","","","Audio Drivers","freeware-unclear","","vendor driver (proprietary)","",,"http://us.creative.com/support/downloads/download.asp?MainCategory=1&nRegionFK=&nCountryFK=&nLanguageFK=&sOSName=Windows+98SE%AEion=1&Product_Name=Live%21+5.1&Product_ID=50&modelnumber=&driverlang=1033&OS=3&drivertype=0&x=18&y=14","msfn-98se","lead","class C?; tags LAST; FREE; driver; vendor availability not checked"
"creativesoundblasterliveseriesdriver","Creative Sound Blaster Live! Series driver","","98SE","","","Audio Drivers","freeware-unclear","","vendor driver (proprietary)","",,"http://us.creative.com/support/downloads/download.asp?MainCategory=1&nRegionFK=&nCountryFK=&nLanguageFK=&sOSName=Windows+98SE%AEion=1&Product_Name=Live%21&Product_ID=4857&modelnumber=&driverlang=1033&OS=3&drivertype=0&x=23&y=15","msfn-98se","lead","class C?; tags LAST; FREE; driver; vendor availability not checked"
"creativesoundblasterpci41digitalvibra128","Creative Sound Blaster PCI/4.1 Digital/Vibra128","msfn-98se=v5.12.01","98SE","","","Audio Drivers","freeware-unclear","","vendor driver (proprietary)","",,"http://us.creative.com/support/downloads/download.asp?MainCategory=1&nRegionFK=&nCountryFK=&nLanguageFK=&sOSName=Windows+98SE%AEion=1&Product_Name=Sound+Blaster+PCI+128&Product_ID=1864&modelnumber=&driverlang=1033&OS=3&drivertype=0&x=21&y=10","msfn-98se","lead","class C?; tags LAST; FREE; driver; vendor availability not checked"
"creativesoundblasterpci512driver","Creative Sound Blaster PCI 512 driver","msfn-98se=4.06.711","98SE","","","Audio Drivers","freeware-unclear","","vendor driver (proprietary)","",,"http://us.creative.com/support/downloads/download.asp?MainCategory=1&nRegionFK=&nCountryFK=&nLanguageFK=&sOSName=Windows+98SE%AEion=1&Product_Name=Sound+Blaster+PCI+512&Product_ID=37&modelnumber=&driverlang=1033&OS=3&drivertype=0&x=19&y=9","msfn-98se","lead","class C?; tags LAST; FREE; v4.06.711; driver; vendor availability not checked"
"credit","CREdit","mdgx-toy=1.014 Beta 6","9x/NT4/2000/ME/XP/2003","","Windows 95/OSR1/OSR2/98/98 SP1/NT4 WITHOUT MS IE 5/6 installed require Microsoft Common Control DLL 5.80 Patch !","Text Editors","freeware","","freeware","https://www.mdgx.com/toy.htm","http://www.praven3.com/credit/","http://www.praven3.com/credit/CREdit_1014_6.zip","mdgx-toy","lead","class from source tag 'freeware' (entry text)"
"crimsoneditor","Crimson Editor","mdgx-toy=3.70","9x/NT4/2000/ME/XP/2003","","","Hex Editors","freeware","","freeware","https://www.mdgx.com/toy.htm","http://www.crimsoneditor.com/","http://my.netian.com/~igkang/cedt370r.exe","mdgx-toy","lead","class from source tag 'freeware' (entry text)"
"crystalcpuid","CrystalCPUID","","98SE","","unknown","System Utilities","freeware-unclear","","freeware, terms unknown","",,"http://crystalmark.info/?lang=en&quot","msfn-98se","lead","class C?; tags ONGD; FREE; "
"ctregkeybackup","CT RegKey Backup","mdgx-toy=1.0","9x/NT4/2000/ME/XP/2003","","","System + Registry Fixers","freeware","","freeware","https://www.mdgx.com/toy.htm","http://www.camtech2000.net/Pages/RegKey_Backup.html","http://www.camtech2000.net/Programs/regkey10.zip","mdgx-toy","lead","class from source tag 'freeware' (entry text)"
"curiouslabsposer","Curious Labs Poser","msfn-95=4.0.3","95","","","","commercial","","$$$$ (commercial per thread legend)","https://msfn.org/board/topic/176623-last-versions-of-software-for-windows-95/#findComment-1137735",,,"msfn-95","excluded","status LAST (last version supporting Win95); class from source tag '$$$$'; release date per source: 1999-09; from reply by ppgrainbow (page 1), not in opening post list"
"currports","CurrPorts","nirsoft-pad=2.80","Win2000,Win7 x32,Win7 x64,Win98,WinVista,WinVista x64,WinXP","","","Network & Internet::Network Monitoring","freeware","","NirSoft freeware (redistribution allowed, unmodified, free of charge)","https://www.nirsoft.net/utils/cports.html","https://www.nirsoft.net/utils/cports.html","https://www.nirsoft.net/utils/cports.zip","nirsoft-pad","lead","PAD OS field lists 9x/ME; page says: You can also use this utility on older versions of Windows (Windows 98/ME), but in these versions of Windows, the process information for each port won't be displayed; PAD Program_Type 'Freeware'; class set per NirSoft license terms; page License: This utility is released as freeware. You are allowed to freely distribute this utility via floppy disk, CD-ROM, Internet, or in any other way, as long as you don't charge anything for this. If you distribute this utility, you must include all files in the ..."
"currprocess","CurrProcess","nirsoft-pad=1.13","Win98,WinME,WinNT 4.x,Windows2000,WinXP,Windows2003,Windows Vista Starter,Windows Vista Home Basic,Windows Vista Home Premium,Windows Vista Business,Windows Vista Enterprise","","","System Utilities::Launchers & Task Managers","freeware","","NirSoft freeware (redistribution allowed, unmodified, free of charge)","http://www.nirsoft.net/utils/cprocess.html","http://www.nirsoft.net/utils/cprocess.html","http://www.nirsoft.net/utils/cprocess.zip","nirsoft-pad","lead","PAD OS field lists 9x/ME; page says: System Requirement This utility works properly under Windows 9x, Windows ME, Windows 2000, Windows XP, Windows Server 2003, and Windows Vista; PAD Program_Type 'Freeware'; class set per NirSoft license terms; page License: This utility is released as freeware. You are allowed to freely distribute this utility via floppy disk, CD-ROM, Internet, or in any other way, as long as you don't charge anything for this. If you distribute this utility, you must include all files in the ..."
"customizeie","CustomizeIE","nirsoft-pad=1.01","Win98,WinME,WinNT 4.x,Windows2000,WinXP,Windows2003,Windows Vista Starter,Windows Vista Home Basic,Windows Vista Home Premium,Windows Vista Business,Windows Vista Enterprise,Windows Vista Ultimate","","","Network & Internet::Browser Tools","freeware","","NirSoft freeware (redistribution allowed, unmodified, free of charge)","http://www.nirsoft.net/utils/ctie.html","http://www.nirsoft.net/utils/ctie.html","http://www.nirsoft.net/utils/ctie.zip","nirsoft-pad","lead","PAD OS field lists 9x/ME; page says: 0 and above) System Requirements Windows operating system: Windows 95/98/ME, Windows NT, Windows 2000, Windows XP and Windows Vista; PAD Program_Type 'Freeware'; class set per NirSoft license terms; page License: This utility is released as freeware. You can freely use and distribute it. If you distribute this utility, you must include all files in the distribution package including the readme.txt, without any modification !"
"cyberlinkpowerdvd","CyberLink PowerDVD","msfn-98se=6","98SE","","","Media Players + Encoders + Codecs","commercial","","commercial (per thread tag)","",,"http://www.cyberlink.com","msfn-98se","excluded","class D; tags LAST; COMM; commercial"
"cyberpoweraudioeditinglab","CyberPower Audio Editing Lab","msfn-kernelex=14.0.1; osr-kernelex=14.0.1","Windows 98SE; Windows 98/ME","yes","KernelEx","Audio Editor","commercial","","","",,,"msfn-kernelex osr-kernelex","excluded","status: working; class from memory || class from memory"
"darkwavestudio","DarkWave Studio","mdgx-toy=3.8.7","XP/2003/Vista/2008/7","","","Media Players + Recorders","open-source","","free open source","https://www.mdgx.com/toy.htm","http://www.experimentalscene.com/software/darkwave-studio/","http://www.experimentalscene.com/downloads/DarkWave-Studio-3.8.7.exe","mdgx-toy","lead","class from source tag 'free open source' (entry text)"
"daumpotplayer","Daum Potplayer","","Windows 98SE","yes","KernelEx 4.5.1; Win2k mode","Apps","freeware-unclear","","","",,,"msfn-kernelex","lead","status: working; class from memory"
"dav2002","DAV 2002","","Windows 98/ME","","","Other","unknown","","","",,,"osr-final","lead","qualifier: mentioned by jumper???"
"dcbasssourcefilter","DC-Bass Source Filter","msfn-kernelex=1.2; osr-kernelex=1.2","Windows 98SE; Windows 98/ME","yes","KernelEx; XP mode; KernelEx 4.5.2","Codecs","unknown","","","","http://reino.degeelebosch.nl",,"msfn-kernelex osr-kernelex","lead","status: working || source reports limitations or untested details"
"dcleaner","DCleaner","mdgx-toy=1.07","2000/XP/2003","","","System + Registry Fixers","freeware","","freeware","https://www.mdgx.com/toy.htm","http://www.dcleaner.ca/","http://www.dcleaner.ca/dcsetup.exe","mdgx-toy","lead","class from source tag 'freeware' (entry text)"
"deepburner","Deepburner","","98SE","","unknown","CD/DVD Authoring Programs","freeware-unclear","","proprietary freeware","",,"http://www.deepburner.com","msfn-98se","lead","class C?; tags ONGD; FREE; "
"defragtoshutdown","Defrag To ShutDown","mdgx-toy=1.5","9x/ME","","","System Enhancers / Other Enhancement Tools","freeware","","freeware","https://www.mdgx.com/toy.htm","http://medlem.spray.se/mokkelmannen/","http://ftp.surfnet.nl/simtel/win95/diskutl/dfsht15.zip","mdgx-toy","lead","class from source tag 'freeware' (entry text)"
"dependencywalker","Dependency Walker","mdgx-toy=2.2; msfn-95=2.2","9x/NT4/2000/ME/XP/2003/Vista; 95; 98SE","","none (verified: supports 95/98/Me)","System + Registry Fixers","freeware","","freeware","https://www.mdgx.com/toy.htm https://msfn.org/board/topic/176623-last-versions-of-software-for-windows-95/#findComment-1137747","http://www.dependencywalker.com/","http://www.dependencywalker.com/depends22_x86.zip","mdgx-toy msfn-95 msfn-98se","lead","class from source tag 'freeware' (entry text) || status ???? (unknown if last); class from source tag 'FREE'; from reply by ppgrainbow (page 1), not in opening post list || class B; tags ONGD; FREE; 2.2.6000 current; ship as its own package only"
"deskankerbeta","Deskanker beta","mdgx-toy=1.51","98/NT4/2000/ME/XP/2003","","","System Enhancers / Other Enhancement Tools","freeware","","freeware","https://www.mdgx.com/toy.htm","http://downloads.clearideasoftware.com/","http://downloads.clearideasoftware.com/dsetup.exe","mdgx-toy","lead","label: Startup Manager; class from source tag 'freeware' (entry text)"
"desktoparchitect","Desktop Architect","mdgx-toy=2.11","9x/NT4/2000/ME","","","Graphics Editors","freeware","","freeware","https://www.mdgx.com/toy.htm","http://www.themedoctor.com/da.shtml","http://www.themeworld.com/cgi-bin/redir.pl/themes/da211.zip","mdgx-toy","lead","class from source tag 'freeware' (entry text); source marks it discontinued"
"desktopmediagallery","Desktop Media Gallery","","98 SE/2000/ME/XP/2003","","","System Enhancers / Other Enhancement Tools","commercial","","Microsoft (proprietary)","",,"http://download.microsoft.com/download/4/b/2/4b2eb044-5eca-4a76-980b-08c40f019dac/DesktopGallery.msi","mdgx-toy","excluded","class from source tag 'freeware, right-click to save!' (entry text); Microsoft component: source tag describes a free download, not redistribution rights; Microsoft component; class from memory"
"desktopsidebar","Desktop Sidebar","mdgx-toy=1.05 Build 116","2000/XP/2003","","","System Enhancers / Other Enhancement Tools","freeware","","freeware","https://www.mdgx.com/toy.htm","http://www.desktopsidebar.com/","http://www.desktopsidebar.com/files/sidebarb116.exe","mdgx-toy","lead","class from source tag 'freeware' (entry text)"
"dialafix","Dial-a-fix (DAF)","mdgx-toy=0.57.7","98/2000/ME/XP/2003","","","System + Registry Tweakers","freeware","","freeware","https://www.mdgx.com/toy.htm","http://wiki.djlizard.net/Dial-a-fix","http://wiki.djlizard.net/Dial-a-fix#Mirrors.2Fdownload_locations.2C_and_articles","mdgx-toy","lead","class from source tag 'freeware' (entry text)"
"dialupass","Dialupass","nirsoft-pad=3.61","Win2000,Win7 x32,Win7 x64,WinVista,WinVista x64,WinXP","","","Security & Privacy::Password Managers","freeware","","NirSoft freeware (redistribution allowed, unmodified, free of charge)","https://www.nirsoft.net/utils/dialupass.html","https://www.nirsoft.net/utils/dialupass.html","https://www.nirsoft.net/toolsdownload/dialupass.zip","nirsoft-pad","lead","PAD OS field lists NT-family only; Windows 9x/ME mentioned on program page only; page says: Only for Windows 95/98/NT; PAD Program_Type 'Freeware'; class set per NirSoft license terms; page License: This utility is released as freeware. You are allowed to freely distribute this utility via floppy disk, CD-ROM, Internet, or in any other way, as long as you don't charge anything for this. If you distribute this utility, you must include all files in the ..."
"diegotemp3player","Diegote MP3 Player","","Windows 98/ME","","DirectX 9","MP3/Music Player","unknown","","","",,,"osr-final","lead","source flag FV (final working version)"
"ding","DING!","msfn-98se=1.05.005","98SE","","","Others","commercial","","proprietary","",,"http://www.southwest.com/cgi-bin/systray?action=download","msfn-98se","excluded","class D; tags ONGD; FREE; service dead"
"directvobsub","DirectVobSub","osr-final=2.39","Windows 98/ME","","","Codecs","open-source","","GPL-2.0-or-later","",,,"osr-final","lead","source flag FV (final working version); class from memory"
"directx","DirectX","msfn-95=8.0","95","","","","commercial","","Microsoft (proprietary)","",,"http://www.oldversion.com/windows/directx-8-0","msfn-95","excluded","status LAST (last version supporting Win95); class from source tag 'FREE'; release date per source: 2000-11-04; from reply by ppgrainbow (page 1), not in opening post list; Microsoft component; class from memory"
"directx9","DirectX 9","","Windows 98/ME","","","Official Microsoft Updates","freeware-unclear","","","",,,"osr-final","excluded","class from memory; Microsoft component (excluded for now)"
"diskeeper","Diskeeper","msfn-95=9; msfn-98se=10","95 OSR2.x; 98SE","","Windows 95 OSR 2.x (superscript 2 in source)","","commercial","","$$$$ (commercial per thread legend)","https://msfn.org/board/topic/176623-last-versions-of-software-for-windows-95/#findComment-1137742",,,"msfn-95 msfn-98se","excluded","status LAST (last version supporting Win95); class from source tag '$$$$'; from reply by ppgrainbow (page 1), not in opening post list || class D; tags LAST; COMM; commercial"
"diskeeperlite","Diskeeper Lite","mdgx-toy=7.0; msfn-98se=7.0 Build 418","98/NT4/2000/ME/XP/2003; 98SE","","none known","System Enhancers / Other Enhancement Tools","freeware-unclear","freeware-unclear / commercial","crippled freeware","https://www.mdgx.com/toy.htm","http://www.diskeeper.com/diskeeper/","http://www1.execsoft.com/dklite.exe","mdgx-toy msfn-98se","lead","class from source tag 'crippled freeware' (entry text) || class D; tags LAST; FREE; "
"diskinternalsntfsreader","DiskInternals NTFS Reader","msfn-98se=2.0","98SE","","unknown","Hard Disk Utilities","commercial","","proprietary","",,"http://www.diskinternals.com/products/ntfs-reader","msfn-98se","excluded","class D?; tags ONGD; FREE; Access NTFS Drives"
"displayset","DisplaySet","mdgx-toy=1.1","9x/NT4/2000/ME","","","System Enhancers / Other Enhancement Tools","unknown","","","","http://www.pcmag.com/article2/0,1895,1556512,00.asp","http://www.wittswallpapers.com/Oldies/displayset.zip","mdgx-toy","lead",""
"divxcodec","DivX Codec","msfn-98se=v5.2.1","98SE","","none known","Media Players + Encoders + Codecs","commercial","","proprietary (DivX)","",,"http://www.free-codecs.com/DivX_Free_download.htm","msfn-98se","excluded","class D; tags LAST; FREE; old codec, publisher does not offer 5.2.1 (memory)"
"dllarchive","DLL Archive","mdgx-toy=1.0","9x/NT4/2000/ME/XP/2003","","","System + Registry Fixers","freeware","","freeware","https://www.mdgx.com/toy.htm","http://www.analogx.com/contents/download/system/dllarch.htm","http://www.analogx.com/files/dllarchi.exe","mdgx-toy","lead","class from source tag 'freeware' (entry text)"
"dllexportviewer","DLL Export Viewer","nirsoft-pad=1.66","Win2000,Win7 x32,Win7 x64,Win98,WinVista,WinVista x64,WinXP","","","Development::Debugging","freeware","","NirSoft freeware (redistribution allowed, unmodified, free of charge)","http://www.nirsoft.net/utils/dll_export_viewer.html","http://www.nirsoft.net/utils/dll_export_viewer.html","http://www.nirsoft.net/utils/dllexp.zip","nirsoft-pad","lead","PAD OS field lists 9x/ME; page says: System Requirements This utility works properly on all 32-bit/64-bit versions of Windows, including Windows 98/ME, Windows NT, Windows 2000, Windows XP, Windows Server 2003, Windows Vista, Windows 7, Windows 8, and Windows 10; PAD Program_Type 'Freeware'; class set per NirSoft license terms; page License: This utility is released as freeware. You are allowed to freely distribute this utility via floppy disk, CD-ROM, Internet, or in any other way, as long as you don't charge anything for this. If you distribute this utility, you must include all files in the ..."
"docpad","DocPad","mdgx-toy=10.0","2000/XP/2003/Vista/2008/7/8/8.1/2012","","","Text Editors","freeware","","freeware","https://www.mdgx.com/toy.htm","http://www.gammadyne.com/docpad.htm","http://www.gammadyne.com/setup-dp.exe","mdgx-toy","lead","class from source tag 'freeware' (entry text)"
"doom3","Doom 3","","Windows 98SE","yes","KernelEx","Games","commercial","","","",,,"msfn-kernelex","excluded","status: working; class from memory"
"dosbox","DOSBox","msfn-95=0.7.4","95","","","","open-source","","GPL-2.0-or-later","",,"http://www.dosbox.com/download.php?main=1","msfn-95","lead","status ???? (unknown if last); class from source tag 'FREE'; release date per source: 2010-05-14; from opening post list; open-source class and SPDX id from memory, not stated by source"
"dotnetframework","DotNET framework","osr-final=2.0","Windows 98/ME","","","Official Microsoft Updates","freeware-unclear","","","",,,"osr-final","excluded","class from memory; Microsoft component (excluded for now)"
"dotnetresourcesextract","DotNetResourcesExtract","nirsoft-pad=1.01","Win98,WinXP","",".NET Framework 2.0","Graphic Apps::Other","freeware","","NirSoft freeware (redistribution allowed, unmodified, free of charge)","http://www.nirsoft.net/utils/dot_net_resources_extract.html","http://www.nirsoft.net/utils/dot_net_resources_extract.html","http://www.nirsoft.net/utils/dotnetresourcesextract.zip","nirsoft-pad","lead","PAD OS field lists 9x/ME; program page does not mention 9x/ME; PAD Program_Type 'Freeware'; class set per NirSoft license terms; page License: This utility is released as freeware. You are allowed to freely distribute this utility via floppy disk, CD-ROM, Internet, or in any other way."
"doublecommander","Double Commander","mdgx-toy=0.6.6","2000/XP/2003/Vista/2008/7/8/8.1/2012/10/2016/2019","","","System Enhancers / File Manager + Windows Explorer / File Explorer Replacement Tools","open-source","","GPL (version not stated by source)","https://www.mdgx.com/toy.htm","http://doublecmd.sourceforge.net/",,"mdgx-toy","lead","class from source tag 'free GPL' (entry text)"
"doubledriver","Double Driver","msfn-98se=2.1.0","98SE","","unknown","Others","freeware-unclear","","freeware, terms unknown","",,"http://www.boozet.org/dd.htm","msfn-98se","lead","class C?; tags ONGD; FREE; "
"downloadmaster","Download Master","osr-kernelex=5.7.5","Windows 98SE; Windows 98/ME","yes","KernelEx","Download Manager/Accelerator","freeware-unclear","","","",,,"msfn-kernelex osr-kernelex","lead","status: working; class from memory || class from memory"
"downtester","DownTester","nirsoft-pad=1.30","Win2000,Win7 x32,Win7 x64,Win98,WinVista,WinVista x64,WinXP","","","Network & Internet::Network Monitoring","freeware","","NirSoft freeware (redistribution allowed, unmodified, free of charge)","http://www.nirsoft.net/utils/download_speed_tester.html","http://www.nirsoft.net/utils/download_speed_tester.html","http://www.nirsoft.net/utils/downtester.zip","nirsoft-pad","lead","PAD OS field lists 9x/ME; page says: System Requirements This utility works with Windows 98,Me,2000,XP,2003,2008,Vista, Windows 7, and Windows 8; PAD Program_Type 'Freeware'; class set per NirSoft license terms; page License: This utility is released as freeware. You are allowed to freely distribute this utility via floppy disk, CD-ROM, Internet, or in any other way, as long as you don't charge anything for this. If you distribute this utility, you must include all files in the ..."
"downthemall","DownThemAll","msfn-kernelex=2.0.x; osr-kernelex=2.0.x","Windows 98SE; Windows 98/ME","yes","KernelEx 4.5","Download Manager/Accelerator","open-source","","","",,,"msfn-kernelex osr-kernelex","lead","status: working; class from memory || class from memory"
"dpashamd2md4md5ripemdcrc32crc16arccrcsha1sha2sha3sha5havaltigergostsapphirepanamawhirlpoolsquaresnefrumultilingualhashcreator","DPASHA MD2, MD4, MD5, RIPEMD, CRC32, CRC16, ARC-CRC, SHA-1, SHA-2, SHA-3, SHA-5, HAVAL, Tiger, GOST, Sapphire, Panama, Whirlpool, Square, Snefru multilingual hash creator","mdgx-toy=1.99","2000/XP/2003/Vista/2008/7/8/8.1/2012","","","Hex Editors / FREE Windows x/NTx Checksum Tools","freeware","","freeware","https://www.mdgx.com/toy.htm","http://www.paehl.de/cms/dpasha/",,"mdgx-toy","lead","class from source tag 'freeware' (entry text)"
"drivecleanupwizard","Drive Cleanup Wizard","mdgx-toy=0.1.0.8","9x/NT4/2000/ME/XP/2003","","","System + Registry Fixers","open-source","","GPL (version not stated by source)","https://www.mdgx.com/toy.htm","http://www.thejackol.com/projects/dclean/","http://www.thejackol.com/projects/dclean/dclean_setup.exe","mdgx-toy","lead","class from source tag 'free GPL' (entry text)"
"drivergeniusprofessionaledition2007","Driver Genius Professional Edition 2007","","Windows 98/ME","","","Driver (Hardware) Backup","commercial","","","",,,"osr-final","excluded","source flag FV (final working version); class from memory"
"dvddecrypter","Dvd Decrypter","","98SE","","","CD/DVD Authoring Programs","commercial","","freeware","",,"http://www.free-codecs.com/DVD_Decrypter_download.htm","msfn-98se","excluded","class D; tags ONGD; FREE; DVD copy; DVD circumvention tool; legal risk"
"dvdfabhddecrypter","DVDFab HD Decrypter","","98SE","","","CD/DVD Authoring Programs","commercial","","freeware","",,"http://www.dvdfab.com/free.htm","msfn-98se","excluded","class D; tags ONGD; FREE; DVD circumvention tool; legal risk"
"dvdshrink","Dvd Shrink","","98SE","","","CD/DVD Authoring Programs","commercial","","freeware","",,"http://www.dvdshrink.org","msfn-98se","excluded","class D; tags ONGD; FREE; DVD copy; DVD circumvention tool; legal risk"
"easportsfifa","EA Sports Fifa","msfn-98se=2005","98SE","","","Games","commercial","","commercial (per thread tag)","",,"http://www.easports.com","msfn-98se","excluded","class D; tags LAST; COMM; commercial"
"easy7zip","Easy 7-Zip","osr-kernelex=0.9.6","Windows 98/ME","yes","KernelEx","File Achieve/Zip Software","open-source","","","",,,"osr-kernelex","lead","class from memory"
"easybcdcommunityedition","EasyBCD Community Edition","mdgx-toy=2.2.0","2000/XP/2003/Vista/2008/7/8/8.1/2012","","","Boot Tweakers","freeware-unclear","","freeware for personal use","https://www.mdgx.com/toy.htm","http://www.neosmart.net/EasyBCD/","http://www.softpedia.com/get/System/OS-Enhancements/EasyBCD.shtml","mdgx-toy","lead","label: EasyBCD; class from source tag 'freeware for personal use' (entry text)"
"easycleaner","EasyCleaner","msfn-98se=2.0","98SE","","unknown","Windows Registry Utilities","freeware-unclear","","freeware, terms unknown","",,"http://personal.inet.fi/business/toniarts/ecleane.htm","msfn-98se","lead","class C?; tags ONGD; FREE; "
"easycleanerbeta2","EasyCleaner BETA #2","mdgx-toy=2.1","9x/NT","","","System + Registry Fixers","freeware","","freeware","https://www.mdgx.com/toy.htm","http://personal.inet.fi/business/toniarts/ecleane.htm","http://personal.inet.fi/business/toniarts/files/ECBeta2.zip","mdgx-toy","lead","class from source tag 'freeware' (entry text)"
"easyduplicatefinder","Easy Duplicate Finder","msfn-98se=1.4.4","98SE","","none known","Windows Utilities","commercial","","commercial now","",,"http://www.easyduplicatefinder.com/","msfn-98se","excluded","class D; tags LAST; FREE;  || class D; tags ONGD; FREE; finds exact duplicate files"
"editbini","EditBINI","mdgx-toy=1.01.1","NT/2000/XP/2003","","","Boot Tweakers","freeware","","freeware","https://www.mdgx.com/toy.htm","http://www.terabyteunlimited.com/downloads-free-software.htm","http://www.terabyteunlimited.com/downloads/editbini.zip","mdgx-toy","lead","class from source tag 'freeware' (entry text)"
"editor2","Editor2","mdgx-toy=2.5.0.5","9x/NT4/2000/ME/XP/2003","","","Text Editors","freeware","","freeware","https://www.mdgx.com/toy.htm","http://www.netez.com/2xExplorer/","http://ftp.sunet.se/pub/simtelnet/win95/editor/editor2.zip","mdgx-toy","lead","class from source tag 'freeware' (entry text)"
"editpadlite","EditPad Lite","mdgx-toy=6.6.0","98/NT4/2000/ME/XP/2003/Vista/2008/7/8/8.1/2012; 98SE","","unknown","Text Editors","freeware-unclear","","free for non-commercial use","","http://www.editpadlite.com/editpadlite.html","http://download.jgsoft.com/editpad/SetupEditPadLite.exe","mdgx-toy msfn-98se","lead","class from memory (Just Great Software EditPad Lite) || class C?; tags ONGD; FREE; "
"edxor","EDXOR","mdgx-toy=1.65","9x/NT4/2000/ME/XP/2003","","","Text Editors","freeware","","freeware","https://www.mdgx.com/toy.htm","http://members.ozemail.com.au/~nulifetv/freezip/freeware/edxor.htm","http://members.ozemail.com.au/~nulifetv/freezip/freeware/edxor_setup.exe","mdgx-toy","lead","class from source tag 'freeware' (entry text)"
"effectivedesktopbuild245","Effective Desktop build 245","mdgx-toy=1.01","9x/NT4/2000/ME/XP","","Windows 95/OSR1/OSR2/NT4 require MS IE 4/5/6 with Active Desktop (View As Web Page) enabled!","System Enhancers / Other Enhancement Tools","freeware","","donationware","https://www.mdgx.com/toy.htm","http://www.majorgeeks.com/download197.html",,"mdgx-toy","lead","class from source tag 'donationware' (entry text); source marks it discontinued"
"emagiclogic","Emagic Logic","msfn-98se=5.5","98SE","","","Others","commercial","","commercial (per thread tag)","",,,"msfn-98se","excluded","class D; tags LAST; COMM; eBay; commercial"
"ensoniqsoundscapevivo90driver","Ensoniq Soundscape VIVO 90 driver","msfn-98se=1.00.08 (from link)","98SE","","","Audio Drivers","commercial","","vendor driver","",,"http://support.gateway.com/support/drivers/getFile.asp?id=14265&dscr=Soundscape%20InstallWizard,%20version%201.00.08","msfn-98se","excluded","class D?; tags LAST; FREE; Gateway page"
"eppiedesktop","Eppie Desktop","mdgx-toy=2.1","9x/ME","","","System Enhancers / Other Enhancement Tools","freeware","","freeware","https://www.mdgx.com/toy.htm","http://www.virtualplastic.org/html/eppie.html","http://www.virtualplastic.net/download/eppie/epsh21.zip","mdgx-toy","lead","class from source tag 'freeware' (entry text); source marks it discontinued"
"epsxe","Epsxe","osr-final=1.9.25","Windows 98/ME","","","Virtualization/Emulation Software","freeware-unclear","","","",,,"osr-final","lead","source reports limitations; class from memory"
"eraser","Eraser","msfn-kernelex=5.8.2 rev. 3; osr-kernelex=5.8.2 rev. 3","98SE; Windows 98SE; Windows 98/ME","yes","unknown; KernelEx; KernelEx 4.5.2","Windows Utilities","open-source","","GPL (memory)","",,"http://sourceforge.net/projects/eraser","msfn-98se msfn-kernelex osr-kernelex","lead","class A; tags ONGD; FREE; secure file erase/move; Eraser 5.x || status: working; class from memory || class from memory"
"esetonlinescanner","Eset Online Scanner","","98SE","","IE6","Online Virus Scanners","commercial","","n/a (online service)","",,"http://www.eset.com/onlinescan","msfn-98se","excluded","class D; tags (untagged; online service); online service listed in post 1 (edited 2010-01-07); service, not packageable; long obsolete"
"eusingfreeregistrycleaner","Eusing Free Registry Cleaner","mdgx-toy=2.5.1; osr-final=3.31","9x/NT4/2000/ME/XP/2003/Vista/2008/7; Windows 98/ME","","","System + Registry Fixers","freeware","freeware / freeware-unclear","freeware","https://www.mdgx.com/toy.htm","http://www.eusing.com/free_registry_cleaner/registry_cleaner.htm","http://www.eusing.com/Download/EFRCSetup.exe","mdgx-toy osr-final","lead","class from source tag 'freeware' (entry text) || source flag FV (final working version); class from memory"
"everesthomeedition","EVEREST Home Edition","msfn-98se=2.20.405","98SE","","none known","System Information","commercial","","proprietary; discontinued","",,"http://www.oldversion.com/Everest-Home-Edition.html","msfn-98se","excluded","class D; tags LAST; FREE; "
"examdiff","ExamDiff","mdgx-toy=1.6k","9x/NT4/2000/ME/XP/2003","","","System Enhancers / Other Enhancement Tools","freeware","","freeware","https://www.mdgx.com/toy.htm","http://www.prestosoft.com/ps.asp?page=edp_examdiff","http://www.prestosoft.com/download/ed16k_setup.zip","mdgx-toy","lead","class from source tag 'freeware' (entry text)"
"exescope","eXeScope","mdgx-toy=6.50","9x/NT4/2000/ME/XP/2003/Vista/2008/7","","","Hex Editors","shareware","","crippled shareware $20 , English","https://www.mdgx.com/toy.htm","http://hp.vector.co.jp/authors/VA003525/emysoft.htm#6","http://hp.vector.co.jp/authors/VA003525/eXeSc650.zip","mdgx-toy","excluded","class from source tag 'crippled shareware $20 , English' (entry text)"
"experiencepack","eXPerience Pack","mdgx-toy=2.5","9x/NT4/2000/ME","","","System Enhancers / Other Enhancement Tools","freeware","","freeware","https://www.mdgx.com/toy.htm","http://www.windowsxlive.net/experience-pack/","http://www.windowsxlive.net/download/xpack.zip","mdgx-toy","lead","class from source tag 'freeware' (entry text)"
"explorer","Explorer","mdgx-toy=1.3.4","XP/2003/Vista/2008/7/8/8.1/2012/10/2016/2019","","","System Enhancers / File Manager + Windows Explorer / File Explorer Replacement Tools","open-source","","free, open source","https://www.mdgx.com/toy.htm","http://www.explorerplusplus.com/","http://www.explorerplusplus.com/software/explorer++_1.3.4_x64.zip","mdgx-toy","lead","class from source tag 'free, open source' (entry text)"
"explorerxp","ExplorerXP","mdgx-toy=1.07","2000/XP/2003","","","System Enhancers / File Manager + Windows Explorer / File Explorer Replacement Tools","freeware","","freeware","https://www.mdgx.com/toy.htm","http://www.explorerxp.com/","http://www.explorerxp.com/explorerxpsetup.exe","mdgx-toy","lead","class from source tag 'freeware' (entry text)"
"extendedcharactermap","Extended Character Map (ECM)","mdgx-toy=1.41","9x/NT4/2000/ME","","","System Enhancers / Other Enhancement Tools","freeware","","freeware","https://www.mdgx.com/toy.htm","http://www.pricelesswarehome.org/WoundedMoon/win32/extendedcharactermap141.html",,"mdgx-toy","lead","class from source tag 'freeware' (entry text)"
"familytreemaker","Family Tree Maker","msfn-98se=2006 16.0.350.0","98SE","","","Genealogy","commercial","","commercial (per thread tag)","",,"http://past.familytreemaker.com/FTM16.aspx","msfn-98se","excluded","class D; tags LAST; COMM; commercial"
"fastmd5md5hashcreator","FastMD5 MD5 hash creator","mdgx-toy=1.5","2000/XP/2003/Vista/2008/7/8/8.1/2012","","","Hex Editors / FREE Windows x/NTx Checksum Tools","freeware","","freeware","https://www.mdgx.com/toy.htm","http://www.paehl.de/cms/fastmd5/",,"mdgx-toy","lead","class from source tag 'freeware' (entry text)"
"fastresolver","FastResolver","nirsoft-pad=1.26","Win98,WinXP","","","Network & Internet::Search/Lookup Tools","freeware","","NirSoft freeware (redistribution allowed, unmodified, free of charge)","http://www.nirsoft.net/utils/fastresolver.html","http://www.nirsoft.net/utils/fastresolver.html","http://www.nirsoft.net/utils/fastresolver.zip","nirsoft-pad","lead","PAD OS field lists 9x/ME; page says: System Requirements Windows operating system: Windows 98/ME/2000/XP/2003 ... Be aware that resolving IP address to host name doesn't work well under Windows 98/ME; CHECK: page mention of 9x/ME may be negative; PAD Program_Type 'Freeware'; class set per NirSoft license terms; page License: This utility is released as freeware. You are allowed to freely distribute this utility via floppy disk, CD-ROM, Internet, or in any other way, as long as you don't charge anything for this. If you distribute this utility, you must include all files in the ..."
"faststoneimageviewer","FastStone Image Viewer","mdgx-toy=5.3; osr-final=5.3; osr-final=6.4","98/2000/ME/XP/2003/Vista/2008/7/8/8.1/2012; Windows 98/ME","","","Graphics Editors","freeware-unclear","","freeware for personal use","https://www.mdgx.com/toy.htm","http://www.faststone.org/FSViewerDetail.htm","http://www.faststone.org/FSViewerDownload.htm","mdgx-toy osr-final","lead","class from source tag 'freeware for personal use' (entry text) || source flag FV (final working version); qualifier: October 24, 2014; class from memory || source flag US (unofficial support); qualifier: September 15, 2017; class from memory"
"favoritesview","FavoritesView","nirsoft-pad=1.32","Win2000,Win7 x32,Win7 x64,Win98,WinVista,WinVista x64,WinXP","","","System Utilities::Other","freeware","","NirSoft freeware (redistribution allowed, unmodified, free of charge)","http://www.nirsoft.net/utils/faview.html","http://www.nirsoft.net/utils/faview.html","http://www.nirsoft.net/utils/faview.zip","nirsoft-pad","lead","PAD OS field lists 9x/ME; program page does not mention 9x/ME; PAD Program_Type 'Freeware'; class set per NirSoft license terms; page License: This utility is released as freeware. You are allowed to freely distribute this utility via floppy disk, CD-ROM, Internet, or in any other way, as long as you don't charge anything for this. If you distribute this utility, you must include all files in the ..."
"ffdshow","ffdshow","msfn-98se=2322; osr-final=rev2322","98SE; Windows 98/ME","","unknown","Media Players + Encoders + Codecs","open-source","","GPL-2.0 (memory)","",,"http://ffdshow-tryout.sourceforge.net/","msfn-98se osr-final","lead","class A; tags LAST; FREE; ffdshow-tryouts rev 2322; 9x build status unverified || source flag FV (final working version); class from memory"
"ffdshowmpeg4videodecoder","FFDShow MPEG-4 Video Decoder","msfn-kernelex=1.1.3943; osr-kernelex=1.1.3943","Windows 98SE; Windows 98/ME","yes","KernelEx 4.5.1; XP mode; KernelEx 4.5.1; XP","Codecs","open-source","","GPL-2.0-or-later","","http://www.free-codecs.com/ffdshow_download.htm",,"msfn-kernelex osr-kernelex","lead","status: working; qualifier: 2011-07-18; thread note: set compatability for installer and ffdshow.ax; class from memory || class from memory"
"filealyzer","FileAlyzer","mdgx-toy=1.5.5","9x/NT4/2000/ME/XP/2003/Vista/2008/7","","","System + Registry Fixers","freeware","","freeware","https://www.mdgx.com/toy.htm","http://www.safer-networking.org/en/filealyzer/","http://www.safer-networking.org/files/filealyz.exe","mdgx-toy","lead","class from source tag 'freeware' (entry text)"
"fileant","FileAnt","mdgx-toy=20070520","98/NT4/2000/ME/XP/2003/Vista/2008/7","","Requires MS IE 4/5/6/newer already installed!","System Enhancers / File Manager + Windows Explorer / File Explorer Replacement Tools","freeware","","freeware","https://www.mdgx.com/toy.htm","http://www.fileant.com/","http://www.fileant.com/fileant.exe","mdgx-toy","lead","class from source tag 'freeware' (entry text)"
"filecompress","FileCompress","mdgx-toy=2.0 RC1","9x/NT4/2000/ME/XP/2003/Vista/2008/7/8/8.1/2012","","","File Shrinkers","freeware","","freeware","https://www.mdgx.com/toy.htm","http://www.softpedia.com/get/Compression-tools/FileCompress.shtml","ftp://ftp.sac.sk/pub/sac/pack/uharc06b.zip","mdgx-toy","lead","class from source tag 'freeware' (entry text); other tags: freeware; freeware; free GPL; free GPL; free, closed source; freeware"
"filehippocomupdatechecker","FileHippo.com Update Checker","msfn-98se=1.035","98SE","","","Updaters","commercial","","proprietary","",,"http://www.filehippo.com/updatechecker/","msfn-98se","excluded","class D; tags ONGD; FREE; service dead"
"filemonforwindows","FileMon for Windows","msfn-98se=v7.04","98SE","","","Windows Utilities","commercial","","Microsoft (Sysinternals)","",,"http://www.microsoft.com/technet/sysinternals/ProcessesAndThreads/Filemon.mspx","msfn-98se","excluded","class D; tags ONGD; FREE; Microsoft"
"filenavigator","File Navigator (FN)","mdgx-toy=1.7.4.606; osr-final=1.7.4","9x/NT4/2000/ME/XP/2003/Vista/2008/7/8/8.1/2012/10/2016/2019; Windows 98/ME","","","System Enhancers / File Manager + Windows Explorer / File Explorer Replacement Tools","freeware","","free","https://www.mdgx.com/toy.htm","http://relaxander.webest.net/fn/","http://relaxander.webest.net/files/fn/fn.zip","mdgx-toy osr-final","lead","class from source tag 'free' (entry text) || qualifier: June 6, 2011"
"fileorganiser","File Organiser","mdgx-toy=1.422","2000/XP/2003/Vista/2008/7","","","System Enhancers / File Manager + Windows Explorer / File Explorer Replacement Tools","open-source","","free, open source","https://www.mdgx.com/toy.htm","http://www.sotdwp.co.uk/fileorganiser/","http://www.sotdwp.co.uk/fileorganiser/download.htm","mdgx-toy","lead","class from source tag 'free, open source' (entry text)"
"filerepaircommandline+frontendguitool","FileRepair command line + front end GUI tool","mdgx-toy=1.3.8","","","","Hex Editors / FREE Windows x/NTx Checksum Tools","open-source","","GPL (version not stated by source)","https://www.mdgx.com/toy.htm","http://filerepair.sourceforge.net/",,"mdgx-toy","lead","class from source tag 'free GPL' (entry text)"
"filetypesman","FileTypesMan","nirsoft-pad=2.01","Win2000,Win7 x32,Win7 x64,WinVista,WinVista x64,WinXP","","","System Utilities::Shell Tools","freeware","","NirSoft freeware (redistribution allowed, unmodified, free of charge)","https://www.nirsoft.net/utils/file_types_manager.html","https://www.nirsoft.net/utils/file_types_manager.html","https://www.nirsoft.net/utils/filetypesman.zip","nirsoft-pad","lead","PAD OS field lists NT-family only; Windows 9x/ME mentioned on program page only; page says: 01 - Fixed critical bug under Windows 98 - Icons disappeared in the 'start' menu; PAD Program_Type 'Freeware'; class set per NirSoft license terms; page License: This utility is released as freeware. You are allowed to freely distribute this utility via floppy disk, CD-ROM, Internet, or in any other way, as long as you don't charge anything for this. If you distribute this utility, you must include all files in the ..."
"filezilla","FileZilla","msfn-95=2.2.18; msfn-98se=2.2.22; msfn-kernelex=2.2.22; osr-kernelex=2.2.22","95; 98SE; Windows 98SE; Windows 98/ME","yes","none known; KernelEx","","open-source","","GPL-2.0-or-later","",,"http://www.oldapps.com/filezilla.php?old_filezilla=46","msfn-95 msfn-98se msfn-kernelex osr-kernelex","lead","status LAST (last version supporting Win95); class from source tag 'FREE'; release date per source: 2005-12-29; from opening post list; open-source class and SPDX id from memory, not stated by source || class A; tags LAST; FREE; FileZilla 2.x || status: working; class from memory"
"filezillaserver","FileZilla Server","msfn-98se=0.9.12c","98SE","","none known","File Sharing and File Downloaders","open-source","","GPL-2.0 (memory)","",,"http://downloads.sourceforge.net/filezilla/FileZilla_Server-0.9.12c.exe","msfn-98se","lead","class A; tags LAST; FREE; "
"filzip","FilZip","mdgx-toy=3.06","9x/NT4/2000/ME/XP/2003","","","File Shrinkers","freeware","","freeware, English","https://www.mdgx.com/toy.htm","http://www.filzip.com/","http://www.filzip.com/fz/release/3.06/fz306.exe","mdgx-toy","lead","class from source tag 'freeware, English' (entry text)"
"findandrunrobot","Find And Run Robot","msfn-98se=2.80.01","98SE","","unknown","Others","freeware-unclear","","freeware, terms unknown","",,"http://www.donationcoder.com/Software/Mouser/findrun/","msfn-98se","lead","class C?; tags ONGD; FREE; "
"firefox","Firefox","osr-kernelex=48.0.2; osr-kernelex=31.8esr; osr-kernelex=3.6.28","Windows 98/ME","yes","KernelEx; KernelEx 4.5.2019.24; KernelEx 4.5.2","Web Browsers","open-source","","","",,"https://mega.nz/file/q9p2iaoK#L6JJss1Get9pvDWyCq430BxvevH3Fpnvw2TjslIDTqk","osr-kernelex","lead","instruction video link given: https://www.youtube.com/watch?v=o-p-R8zxuCQ; class from memory || portable build; class from memory || class from memory"
"firefox24","Firefox 24","","Windows 98/ME","yes","KernelEx","Web Browsers","open-source","","","","https://msfn.org/board/topic/181424-firefox-24-for-me-and-98/",,"osr-kernelex","lead","class from memory"
"firefox9","Firefox 9","","Windows 98/ME","yes","KernelEx 4.5.2","Web Browsers","open-source","","","",,,"osr-kernelex","lead","class from memory"
"fixreg","FixReg","mdgx-toy=2.05","9x","","","System + Registry Fixers","freeware","","freeware","https://www.mdgx.com/toy.htm",,"https://www.mdgx.com/files/FIXREG.ZIP","mdgx-toy","lead","class from source tag 'freeware' (entry text)"
"flashplayer","Flash Player","osr-final=9.0.289.0","Windows 98/ME","","","Runtime Softwares","freeware-unclear","","","","http://www2.zshare.ma/2gunsmzsf63h",,"osr-final","lead","source flag FV (final working version); class from memory"
"flashplayer10","Flash Player 10","","Windows 98/ME","","","Runtime Softwares","freeware-unclear","","","","https://retrosystemsrevival.blogspot.com/2020/04/flash-player-10-windows-98me.html",,"osr-final","lead","source flag FV (final working version); unofficial build/backport per source; class from memory"
"flightgear","FlightGear","","98SE","","OpenGL/3D card","Games","open-source","","GPL-2.0 (memory)","",,"http://www.flightgear.org/Downloads/binary.shtml#windows","msfn-98se","lead","class A; tags ONGD; FREE; Flight Simulator; 9x-capable version unknown"
"flock","Flock","msfn-kernelex=2.5.5; osr-kernelex=3.5.3.4641","Windows 98SE; Windows 98/ME","yes","KernelEx; XP mode; KernelEx","Web Browsers","unknown","","","",,,"msfn-kernelex osr-kernelex","lead","status: working; qualifier: Firefox clone"
"fmlfnstsr","FmLfns TSR","mdgx-toy=1.1","95/98/ME","","","System Enhancers / Other Enhancement Tools","shareware","","once every 15 days nag shareware!","https://www.mdgx.com/toy.htm","http://www.wincorner.com/home/fmlfns.html","http://www.wincorner.com/files/fmlfns95.exe","mdgx-toy","excluded","class from source tag 'once every 15 days nag shareware!' (entry text)"
"foldersreport","FoldersReport","nirsoft-pad=1.21","Win95,Win98,WinME,WinNT 4.x,Windows2000,WinXP","","","System Utilities::File & Disk Management","freeware","","NirSoft freeware (redistribution allowed, unmodified, free of charge)","http://www.nirsoft.net/utils/folrep.html","http://www.nirsoft.net/utils/folrep.html","http://www.nirsoft.net/utils/folrep.zip","nirsoft-pad","lead","PAD OS field lists 9x/ME; page says: System Requirements This utility can work in all 32-bit Windows operating systems: Windows 9x/ME, Windows NT, Windows 2000, and Windows XP ... Know Problems If you scan a remote network NTFS drive of Windows NT/2000 from a Windows 9x/ME machine, the ""Size On Disk"" field may contain wrong values, ...; PAD Program_Type 'Freeware'; class set per NirSoft license terms; page License: This utility is released as freeware. You are allowed to freely distribute this utility via floppy disk, CD-ROM, Internet, or in any other way, as long as you don't charge anything for this. If you distribute this utility, you must include all files in the ..."
"foobar2000","foobar2000","msfn-98se=v0.8.3; msfn-kernelex=0.9.4.x; osr-kernelex=0.9.4.x","9x/NTx; 98SE; Windows 98SE; Windows 98/ME","yes","none known; KernelEx","Media Players + Recorders","open-source","open-source / freeware-unclear","free, open source","https://www.mdgx.com/toy.htm","http://www.foobar2000.org/","http://www.videohelp.com/download/NeroAACCodec-1.5.4.zip","mdgx-toy msfn-98se msfn-kernelex osr-kernelex","lead","class from source tag 'free, open source' (entry text); other tags: free(ware); free(ware) || class C?; tags LAST; FREE; foobar2000 old versions; publisher availability of 0.8.3 unverified || status: working; thread note: Needs setting of [HKEY_LOCAL_MACHINE\Software\Microsoft\Windows NT\CurrentVersion] CurrentVersion key to 5.1 DON'T FORGET to delete it afterwards!; class from memory"
"foxitpdfreader","Foxit PDF Reader","msfn-98se=2.3 build 4015","98SE","","none known","PDF Utilities","commercial","","proprietary freeware","",,"http://www.foxitsoftware.com/pdf/rd_intro.php","msfn-98se","excluded","class D?; tags LAST; FREE; Foxit does not appear to offer 2.3 (memory)"
"foxitreader","Foxit Reader","osr-final=3.0; osr-kernelex=4.3.1; osr-kernelex=5.4.5.0124","Windows 98/ME, Windows NT 4.0; Windows 98/ME","yes","KernelEx 4.5.2; KernelEx 4.5.2; GDIPLUS.dll; MSXML4 SP2","Document Viewer (PDF, Epub, etc.)","freeware-unclear","","","",,,"osr-final osr-kernelex","lead","source flag FV (final working version); unofficial build/backport per source; source reports limitations; class from memory || KernelEx wiki link given: http://kernelex.sourceforge.net/wiki/Foxit_Reader; class from memory || class from memory"
"freebytezip","Freebyte Zip","osr-final=2.3.1","Windows 98/ME","","","File Achieve Software","freeware-unclear","","","",,,"osr-final","lead","source flag FV (final working version); qualifier: 2011; class from memory"
"freecommander","FreeCommander","","9x/NT4/2000/ME/XP/2003/Vista/2008/7/8/8.1/2012/10/2016/2019","","","System Enhancers / File Manager + Windows Explorer / File Explorer Replacement Tools","freeware","","freeware","https://www.mdgx.com/toy.htm","http://www.freecommander.com/","http://www.freecommander.com/FreeCommanderXE_setup.zip","mdgx-toy","lead","class from source tag 'freeware' (entry text)"
"freshdiagnose","Fresh Diagnose","msfn-98se=8.02","98SE","","unknown","System Information","commercial","","proprietary","",,"http://www.freshdevices.com/freshdiag.html","msfn-98se","excluded","class D?; tags ONGD; FREE; "
"frhed","FrHed","mdgx-toy=1.1 Beta 1","9x/NT4/2000/ME/XP/2003","","","Hex Editors","open-source","","GPL (version not stated by source)","https://www.mdgx.com/toy.htm","http://www.kibria.de/frhed.html","http://www.rs.e-technik.tu-darmstadt.de/applets/frhed-v1.1.zip","mdgx-toy","lead","class from source tag 'free GPL' (entry text)"
"fsum+hashcalctools","FSUM + HashCalc tools","","9x/NT4/2000/ME/XP/2003/Vista/2008/7/8/8.1/2012","","","Hex Editors / FREE Windows x/NTx Checksum Tools","freeware","","freeware","https://www.mdgx.com/toy.htm","http://www.slavasoft.com/products.htm",,"mdgx-toy","lead","class from source tag 'freeware' (entry text)"
"futuriximager","FuturixImager","mdgx-toy=5.71","2000/XP/2003","","","Graphics Editors","freeware","","freeware","https://www.mdgx.com/toy.htm","http://www.fxfp.com/software/imager/","http://www.fxfp.com/software/imager/download.php","mdgx-toy","lead","class from source tag 'freeware' (entry text)"
"gacview","GACView","nirsoft-pad=1.11","Win98,WinME,WinNT 4.x,Windows2000,WinXP,Windows2003,Windows Vista Starter,Windows Vista Home Basic,Windows Vista Home Premium,Windows Vista Business,Windows Vista Enterprise,Windows Vista Ultimate","","","System Utilities::System Maintenance","freeware","","NirSoft freeware (redistribution allowed, unmodified, free of charge)","http://www.nirsoft.net/dot_net_tools/gac_viewer.html","http://www.nirsoft.net/dot_net_tools/gac_viewer.html","http://www.nirsoft.net/dot_net_tools/gacview.zip","nirsoft-pad","lead","PAD OS field lists 9x/ME; program page does not mention 9x/ME; PAD Program_Type 'Freeware'; class set per NirSoft license terms; page License: This utility is released as freeware. You are allowed to freely distribute this utility via floppy disk, CD-ROM, Internet, or in any other way, as long as you don't charge anything for this. If you distribute this utility, you must include all files in the ..."
"gamebooster","Game Booster","mdgx-toy=1.51","2000/XP/2003/Vista/2008/7","","","System + Registry Tweakers","freeware","","freeware","https://www.mdgx.com/toy.htm","http://www.iobit.com/gamebooster.html","http://www.majorgeeks.com/download5952.html","mdgx-toy","lead","class from source tag 'freeware' (entry text)"
"gamexp","Game XP","mdgx-toy=1.5.3.20","98/2000/ME/XP/2003","","","System + Registry Tweakers","freeware","","freeware","https://www.mdgx.com/toy.htm","http://www.theorica.net/gamexp.htm","http://www.theorica.net/download/GameXP.zip","mdgx-toy","lead","class from source tag 'freeware' (entry text)"
"generally","GeneRally","msfn-95=1.05","95","","","","freeware","","FREE (Freeware/Open Source per thread legend)","https://msfn.org/board/topic/176623-last-versions-of-software-for-windows-95/#findComment-1137692",,"http://www.planet-generally.de/download.php?view.71","msfn-95","lead","status LAST (last version supporting Win95); class from source tag 'FREE'; release date per source: 2003-12-22; from opening post list"
"geogebra","GeoGebra","osr-final=5.0.0","Windows 98/ME","","","Math Software","freeware-unclear","","","",,,"osr-final","lead","source flag FV (final working version); qualifier: May 12, 2015; class from memory"
"getright","Get Right","","98SE","","","File Sharing and File Downloaders","shareware","","shareware (per thread tag)","",,"http://www.getright.com","msfn-98se","excluded","class D; tags ONGD; SHAR; Download Manager; shareware/trial"
"ghostscript","Ghostscript","osr-final=8.3","Windows 98/ME","","","Document Viewer (PDFs)","unknown","","","",,,"osr-final","lead","source flag FV (final working version)"
"gimp","GIMP (GNU Image Manipulation Program)","msfn-kernelex=2.2.17; osr-kernelex=2.2.17","9x/NTx; Windows 98SE; Windows 98/ME","yes","KernelEx; KernelEx 4.5.2","Graphics Editors","open-source","","GPL (version not stated by source)","https://www.mdgx.com/toy.htm","http://www.gimp.org/","http://www.gimp.org/downloads/","mdgx-toy msfn-kernelex osr-kernelex","lead","label: GIMP; class from source tag 'free GPL' (entry text) || status: working; class from memory || class from memory"
"glonim","Glonim","mdgx-toy=1.42","9x/NT4/2000/ME/XP/2003","","","System Enhancers / Other Enhancement Tools","unknown","","","",,"http://ftp.riken.jp/pc/winsite/winxp/desktop/Glonim.zip","mdgx-toy","lead",""
"goldwave","GoldWave","msfn-98se=5.25; osr-kernelex=5.52","98SE; Windows 98/ME","yes","KernelEx 4.5.2","Media Players + Encoders + Codecs","shareware","","shareware (per thread tag)","",,"http://www.oldapps.com/goldwave.php?old_goldwave=16","msfn-98se osr-kernelex","excluded","class D; tags LAST; SHAR; official last is 4.26; shareware/trial || source reports limitations or untested details; class from memory"
"golly","Golly","msfn-kernelex=1.4","Windows 98SE","yes","KernelEx","Games","open-source","","","","http://sourceforge.net/project/showfiles.php?group_id=139354&package_id=152849&release_id=601847",,"msfn-kernelex","lead","status: working; listed as: a Game of Life simulator; class from memory"
"gomplayer","GOM Player","mdgx-toy=2.1.26; msfn-98se=2; osr-final=2.1.33.5071","98 SE/2000/ME/XP/2003/Vista/2008/7; 98SE; Windows 98/ME","","unknown; codecs","Media Players + Recorders","freeware","freeware / commercial / freeware-unclear","freeware","https://www.mdgx.com/toy.htm","http://www.gomlab.com/eng/GMP_Introduction.html","http://www.gomlab.com/eng/GMP_download.html","mdgx-toy msfn-98se osr-final","lead","class from source tag 'freeware' (entry text) || class D; tags ONGD; FREE; AVI, MPEG, DivX, SWF, FLV and more; duplicate GOM entry || class D; tags ONGD; FREE; GOM; old versions not offered"
"googledeskbar","Google DeskBar","","98 SE/2000/ME/XP/2003","","","System Enhancers / Other Enhancement Tools","commercial","","Microsoft (proprietary)","",,"http://download.microsoft.com/download/2/5/b/25beb199-b5a9-4091-b2d1-2ea6ce558a47/DeskbarSetup_94.exe","mdgx-toy","excluded","class from source tag 'freeware' (entry text); Microsoft component: source tag describes a free download, not redistribution rights; Microsoft component; class from memory"
"googlepicasa3","Google Picasa 3","","Windows 98SE; Windows 98/ME","yes","KernelEx","Image Viewers","freeware-unclear","","","",,,"msfn-kernelex osr-kernelex","lead","status: working; class from memory || class from memory"
"grafx2","GrafX2","msfn-95=2.2.4","95 OSR2.x","","Windows 95 OSR 2.x (superscript 2 in source)","","open-source","","GPL-2.0","","http://pulkomandy.tk/projects/GrafX2/downloads","http://pulkomandy.tk/projects/GrafX2/downloads","msfn-95","lead","status ???? (unknown if last); class from source tag 'FREE'; from opening post list; open-source class and SPDX id from memory, not stated by source"
"graphviz","Graphviz","osr-kernelex=2.28","Windows 98/ME","yes","KernelEx 4.5.2","Other","open-source","","","",,,"osr-kernelex","lead","class from memory"
"greenbrowser","GreenBrowser","msfn-98se=4.9.0111","98SE","","unknown","Internet Browsers","freeware-unclear","","proprietary freeware","",,"http://www.morequick.com/IndexEn.htm","msfn-98se","lead","class C?; tags LAST; FREE; site status unknown"
"greenfishiconeditorpro","Greenfish Icon Editor (GFIE) Pro","mdgx-toy=3.6","2000/XP/2003/Vista/2008/7/8/8.1/2012/10","","","Graphics Editors / FREE Windows 9x/NTx Icon Tools","open-source","","freeware, open source","https://www.mdgx.com/toy.htm","http://www.greenfishsoftware.org/gfie.php","http://www.greenfishsoftware.org/dl/gfie/gfie_setup_3.6.exe","mdgx-toy","lead","class from source tag 'freeware, open source' (entry text)"
"grepwin","grepWin","","9x/NT4/2000/ME/XP/2003/Vista/2008/7/8/8.1/2012","","Requires Microsoft Installer (MSI) for Windows 98 SE/ME or Windows 2000 !","System Enhancers / Other Enhancement Tools","open-source","","GPL (version not stated by source)","https://www.mdgx.com/toy.htm","http://stefanstools.sourceforge.net/grepWin.html","http://downloads.sourceforge.net/project/grepwin/1.6.12/grepWin-1.6.12-x64.msi","mdgx-toy","lead","class from source tag 'free GPL, right-click to save!' (entry text)"
"gxexplorer","GXExplorer","mdgx-toy=0.994","9x/NT4/2000/ME/XP/2003","","Windows 95/OSR1/OSR2/98/98 SP1/NT4 WITHOUT MS IE 5/6 installed require Microsoft Common Control DLL 5.80 Patch !","System Enhancers / File Manager + Windows Explorer / File Explorer Replacement Tools","open-source","","GPL (version not stated by source)","https://www.mdgx.com/toy.htm","http://sourceforge.net/projects/gxexplorer/","http://downloads.sourceforge.net/gxexplorer/gxexplorer0994.zip","mdgx-toy","lead","class from source tag 'free GPL' (entry text); other tags: free"
"h2testw","H2testw","osr-kernelex=1.4","Windows 98/ME","yes","KernelEx 4.5.1","USB Data-Check","freeware-unclear","","","",,,"osr-kernelex","lead","class from memory"
"haalimediasplitter","Haali Media Splitter","osr-kernelex=1.13","Windows 98SE; Windows 98/ME","yes","KernelEx 4.0; KernelEx","Codecs","freeware-unclear","","","",,,"msfn-kernelex osr-kernelex","lead","status: working; class from memory || class from memory"
"haalismediasplitter","Haali's Media Splitter","","98SE","","unknown","Media Players + Encoders + Codecs","freeware-unclear","","freeware, terms unknown","",,"http://www.afterdawn.com/software/video_software/codecs_and_filters/haalimediasplitter.cfm/03_06_2007","msfn-98se","lead","class C?; tags ONGD; FREE; 03-06-2007; Haali splitter; site status unknown"
"hackmanhexeditor","Hackman Hex Editor","mdgx-toy=9.0","9x/NT4/2000/ME/XP/2003","","Requires Microsoft Visual Basic 6 (VB6) Runtime Libraries (free)!","Hex Editors","freeware","","freeware","https://www.mdgx.com/toy.htm","http://www.technologismiki.com/en/hackman/editor.php","http://www.technologismiki.com/en/download/hackman.php","mdgx-toy","lead","class from source tag 'freeware' (entry text)"
"haihaisoftpdfreader","Haihaisoft PDF Reader","msfn-kernelex=1.0.3.0; osr-kernelex=1.5.7.0","Windows 98SE; Windows 98/ME","yes","KernelEx 4.0; KernelEx 4.5.2019.24; XP SP3 Mode","Document Viewer (PDF, Epub, etc.)","freeware-unclear","","","",,,"msfn-kernelex osr-kernelex","lead","status: working; class from memory || class from memory"
"haihaisoftuniversalplayer","Haihaisoft Universal Player","osr-kernelex=1.5.8.0","Windows 98/ME","yes","KernelEx 4.5.2019.24","Media Players","freeware-unclear","","","",,,"osr-kernelex","lead","source reports limitations or untested details; class from memory"
"haihaisoftuniversalplayeren","Haihaisoft Universal-Player-EN","msfn-kernelex=1.4.8.0","Windows 98SE","yes","KernelEx 4.0","Apps","freeware-unclear","","","",,,"msfn-kernelex","lead","status: working; class from memory"
"hashcheckwindowsexplorerrightclickmenushellextension","HashCheck Windows Explorer right-click menu shell extension","","","","","Hex Editors / FREE Windows x/NTx Checksum Tools","open-source","","free, open source","https://www.mdgx.com/toy.htm","http://code.kliu.org/hashcheck/",,"mdgx-toy","lead","class from source tag 'free, open source' (entry text)"
"hashmyfiles","HashMyFiles","nirsoft-pad=2.51","Win2000,Win7 x32,Win7 x64,WinServer,WinVista,WinVista x64,WinXP","","","System Utilities::Other","freeware","","NirSoft freeware (redistribution allowed, unmodified, free of charge)","https://www.nirsoft.net/utils/hash_my_files.html","https://www.nirsoft.net/utils/hash_my_files.html","https://www.nirsoft.net/utils/hashmyfiles.zip","nirsoft-pad","lead","PAD OS field lists NT-family only; Windows 9x/ME mentioned on program page only; page says: com Download HashMyFiles Download HashMyFiles for 64-bit systems Download HashMyFiles - Non-Unicode Version (For Windows 98) HashMyFiles is also available in other languages; PAD Program_Type 'Freeware'; class set per NirSoft license terms; page License: This utility is released as freeware. You are allowed to freely distribute this utility via floppy disk, CD-ROM, Internet, or in any other way, as long as you don't charge anything for this. If you distribute this utility, you must include all files in the ..."
"hashtabwindowsexplorerrightclickpropertiestab","HashTab Windows Explorer right-click Properties tab","","","","","Hex Editors / FREE Windows x/NTx Checksum Tools","freeware","","freeware","https://www.mdgx.com/toy.htm","http://www.beeblebrox.org/hashtab/",,"mdgx-toy","lead","class from source tag 'freeware' (entry text)"
"hdcleaner","HDCleaner","mdgx-toy=2.365","9x/NT4/2000/ME/XP/2003","","","System + Registry Fixers","freeware","","freeware","https://www.mdgx.com/toy.htm","http://www.softpedia.com/get/Security/Secure-cleaning/HDCleaner.shtml",,"mdgx-toy","lead","class from source tag 'freeware' (entry text)"
"hddhealth","HDD Health","msfn-98se=2.1 beta build 159","98SE","","unknown","Hard Disk Utilities","freeware-unclear","","freeware, terms unknown","",,"http://www.panterasoft.com","msfn-98se","lead","class C?; tags LAST; FREE; , build 159; S.M.A.R.T. monitor"
"hexedit","HexEdit","mdgx-toy=2.0 Beta 3","9x/NT4/2000/ME/XP/2003/Vista/2008/7","","","Hex Editors","freeware","","freeware","https://www.mdgx.com/toy.htm","http://www.catch22.net/software/HexEdit/","http://www.catch22.net/sites/default/files/HexEdit2_beta3.zip","mdgx-toy","lead","class from source tag 'freeware' (entry text)"
"hexplorer","Hexplorer","mdgx-toy=2.6","2000/XP/2003/Vista/2008/7/8/8.1/2012","","","Hex Editors","open-source","","GPL (version not stated by source)","https://www.mdgx.com/toy.htm","http://sourceforge.net/projects/hexplorer/","http://downloads.sourceforge.net/project/hexplorer/hexplorer/hexplorer%202.6/hex_setup26.exe","mdgx-toy","lead","class from source tag 'free GPL' (entry text)"
"hmenu","H-Menu","mdgx-toy=6.0","9x/NT4/2000/ME/XP/2003","","","System Enhancers / Other Enhancement Tools","freeware","","freeware","https://www.mdgx.com/toy.htm",,"http://tucows.whc.net/files4/H-Menu60.zip","mdgx-toy","lead","class from source tag 'freeware' (entry text)"
"holmimpulse","HOLMImpulse","","Windows 98SE; Windows 98/ME","yes","KernelEx","Other","unknown","","","","http://www.holmacoustics.com/holmimpulse.php",,"msfn-kernelex osr-kernelex","lead","status: working; listed as: a program for speaker gain and phase response measurement || qualifier: 2013 or older build; source reports limitations or untested details"
"homp3player","Ho MP3 Player","osr-final=2.0","Windows 98/ME","","","MP3/Music Player","unknown","","","",,,"osr-final","lead","source flag FV (final working version)"
"hook99","Hook99","mdgx-toy=1.1.0.41","9x/ME","","","System Enhancers / Other Enhancement Tools","freeware","","freeware","https://www.mdgx.com/toy.htm","http://lbrisar.htmlplanet.com/e_hook.html","http://thunder.prohosting.com/~ladi/hook99.zip","mdgx-toy","lead","class from source tag 'freeware' (entry text)"
"hotcorners","Hot Corners","mdgx-toy=2.2.2.0","2000/XP/2003/Vista/2008/7/8/8.1/2012","","","System Enhancers / Other Enhancement Tools","open-source","","free, open source","https://www.mdgx.com/toy.htm","http://sites.google.com/site/programsforpeers/hotcorners","http://sites.google.com/site/programsforpeers/HC2-2-2-0.exe","mdgx-toy","lead","class from source tag 'free, open source' (entry text)"
"htmlastext","HTMLAsText","nirsoft-pad=1.11","Win95,Win98,WinME,WinNT 4.x,Windows2000,WinXP","","","Web Development::HTML Tools","freeware","","NirSoft freeware (redistribution allowed, unmodified, free of charge)","http://www.nirsoft.net/utils/htmlastext.html","http://www.nirsoft.net/utils/htmlastext.html","http://www.nirsoft.net/utils/htmlastext.zip","nirsoft-pad","lead","PAD OS field lists 9x/ME; program page does not mention 9x/ME; PAD Program_Type 'Freeware'; class set per NirSoft license terms; page License: This utility is released as freeware. You are allowed to freely distribute this utility via floppy disk, CD-ROM, Internet, or in any other way, as long as you don't charge anything for this. If you distribute this utility, you must include all files in the ..."
"hwinfo32","HWiNFO32","msfn-98se=2.38-207","98SE","","unknown","System Information","commercial","","proprietary","",,"http://www.hwinfo.com/download32.html","msfn-98se","excluded","class D?; tags ONGD; FREE; "
"hxdfreewarehexanddiskeditor","HxD Freeware Hex and Disk Editor","mdgx-toy=1.7.6.4","9x/NT4/2000/ME/XP/2003/Vista/2008/7","","","Hex Editors","freeware","","freeware","https://www.mdgx.com/toy.htm","http://www.mh-nexus.de/en/hxd/","http://www.mh-nexus.de/en/downloads.php?product=HxD","mdgx-toy","lead","class from source tag 'freeware' (entry text)"
"i2pdf","I2pdf","msfn-kernelex=1.020; osr-kernelex=1.020","Windows 98SE; Windows 98/ME","yes","KernelEx; XP mode; KernelEx","Document Creator (PDF)","unknown","","","","http://web.newsguy.com/lmgava/i2pdf/index.php",,"msfn-kernelex osr-kernelex","lead","status: working || source reports limitations or untested details"
"iceeccfilechecksumverification+repairtool","ICE ECC file checksum verification + repair tool","","9x/NT4/2000/ME/XP/2003/Vista/2008/7/8/8.1/2012","","","Hex Editors / FREE Windows x/NTx Checksum Tools","freeware","","freeware","https://www.mdgx.com/toy.htm","http://www.ice-graphics.com/ICEECC/IndexE.html",,"mdgx-toy","lead","class from source tag 'freeware' (entry text)"
"iceows","ICEOWS","mdgx-toy=4.20b","9x/NT4/2000/ME/XP/2003","","","File Shrinkers","freeware","","multilanguage, freeware","https://www.mdgx.com/toy.htm","http://www.iceows.com/","http://www.iceows.com/Download.htm","mdgx-toy","lead","class from source tag 'multilanguage, freeware' (entry text)"
"icofolder","IcoFolder","mdgx-toy=3.0","9x/NT4/2000/ME","","","System Enhancers / Other Enhancement Tools","freeware","","freeware","https://www.mdgx.com/toy.htm","http://www.camtech2000.net/Pages/IcoFolder.html","http://ftp.sunet.se/pub/simtelnet/win95/icon/icofl35.zip","mdgx-toy","lead","class from source tag 'freeware' (entry text)"
"icofx","IcoFX","","98/2000","","","Graphics Editors / FREE Windows 9x/NTx Icon Tools","freeware","","freeware","https://www.mdgx.com/toy.htm","http://www.portableapps.com/news/2012-06-20--icofx-portable-1.6.4-rev-2-released/","https://web.archive.org/web/20110127044101/http://www.icofx.ro/files/icofxsetup1.5.1.zip","mdgx-toy","lead","class from source tag 'freeware' (entry text)"
"iconedit32","IconEdit32","mdgx-toy=1.0","9x/NT4/2000/ME/XP/2003","","","Graphics Editors / FREE Windows 9x/NTx Icon Tools","unknown","","","","http://www.pcmag.com/article2/0,2817,1558931,00.asp","http://slosh.nws.noaa.gov/docs/download/iedit32.zip","mdgx-toy","lead",""
"iconlab","IconLab","mdgx-toy=1.0","98/NT4/2000/ME/XP/2003","","","Graphics Editors / FREE Windows 9x/NTx Icon Tools","freeware","","freeware","https://www.mdgx.com/toy.htm","https://web.archive.org/web/20070224185455/http://www.wildfiredesign.net/iconlab/","https://web.archive.org/web/20070224185455/http://www.wildfiredesign.net/downloads/products/iconlab-setup.exe","mdgx-toy","lead","class from source tag 'freeware' (entry text); source marks it discontinued"
"iconmaster","Icon Master","mdgx-toy=1.2d","3.1x/9x/ME","","","Graphics Editors / FREE Windows 9x/NTx Icon Tools","shareware","","nag shareware","https://www.mdgx.com/toy.htm",,"https://www.mdgx.com/files/IMSTR12D.ZIP","mdgx-toy","excluded","class from source tag 'nag shareware' (entry text)"
"iconnectheredialer","iConnectHere Dialer","","98SE","","","Connectivity","commercial","","commercial (per thread tag)","",,,"msfn-98se","excluded","class D; tags ONGD; COMM; PC-to-Phone; commercial"
"iconoid","Iconoid","mdgx-toy=3.3.4","9x/NT4/2000/ME/XP/2003","","Requires Microsoft Visual Basic 5 (VB5) Runtime Libraries !","System Enhancers / Other Enhancement Tools","freeware","","free","https://www.mdgx.com/toy.htm","http://www.sillysot.com/","http://www.sillysot.com/iconoid.zip","mdgx-toy","lead","class from source tag 'free' (entry text)"
"iconsextract","IconsExtract","nirsoft-pad=1.47; osr-final=1.47","Win98,WinXP; Windows 98/ME","","","Graphic Apps::Icon Tools","freeware","","NirSoft freeware (redistribution allowed, unmodified, free of charge)","http://www.nirsoft.net/utils/iconsext.html","http://www.nirsoft.net/utils/iconsext.html","http://www.nirsoft.net/utils/iconsext.zip","nirsoft-pad osr-final","lead","PAD OS field lists 9x/ME; page says: System Requirements Windows operating system: Windows 95/98/ME, Windows NT, Windows 2000, Windows XP, Windows 2003 Server, or Windows Vista/7/2008/8; PAD Program_Type 'Freeware'; class set per NirSoft license terms; page License: This utility is released as freeware. You can freely use and distribute it. If you distribute this utility, you must include all files in the distribution package including the readme.txt, without any modification ! || source flag CS? (concurrent support); class from memory"
"iconshopbuild905","IconShop Build 905","mdgx-toy=1.20 Alpha","9x/NT4/2000/ME/XP/2003","","","Graphics Editors / FREE Windows 9x/NTx Icon Tools","freeware","","freeware","https://www.mdgx.com/toy.htm","http://users.telenet.be/liontech/","http://users.telenet.be/liontech/IconShop.120.Alpha.zip","mdgx-toy","lead","class from source tag 'freeware' (entry text)"
"iconsuite","Icon Suite","mdgx-toy=2.1.12","9x/NT4/2000/ME/XP/2003","","","Graphics Editors / FREE Windows 9x/NTx Icon Tools","freeware","","freeware","https://www.mdgx.com/toy.htm","http://www.bouffler.freeserve.co.uk/icon_edit.htm","http://www.bouffler.freeserve.co.uk/Files/IconSuite.exe","mdgx-toy","lead","class from source tag 'freeware' (entry text)"
"iconviewer","IconViewer","","9x/NT4/2000/ME/XP/2003/Vista/2008/7/8/8.1/2012/10","","","Graphics Editors / FREE Windows 9x/NTx Icon Tools","unknown","","","","http://www.botproductions.com/iconview/download.html",,"mdgx-toy","lead",""
"iecacheview","IECacheView","nirsoft-pad=1.58","Win2000,Win7 x32,Win7 x64,Win98,WinVista,WinVista x64,WinXP","","","Network & Internet::Browser Tools","freeware","","NirSoft freeware (redistribution allowed, unmodified, free of charge)","http://www.nirsoft.net/utils/ie_cache_viewer.html","http://www.nirsoft.net/utils/ie_cache_viewer.html","http://www.nirsoft.net/utils/iecacheview.zip","nirsoft-pad","lead","PAD OS field lists 9x/ME; page says: System Requirements This utility works with all version of Windows, from Windows 98 to Windows 8, with Internet Explorer 6; PAD Program_Type 'Freeware'; class set per NirSoft license terms; page License: This utility is released as freeware. You are allowed to freely distribute this utility via floppy disk, CD-ROM, Internet, or in any other way, as long as you don't charge anything for this. If you distribute this utility, you must include all files in the ..."
"iecookiesview","IECookiesView","nirsoft-pad=1.79","Win2000,Win7 x32,Win7 x64,Win98,WinVista,WinVista x64,WinXP","","","Network & Internet::Browser Tools","freeware","","NirSoft freeware (redistribution allowed, unmodified, free of charge)","http://www.nirsoft.net/utils/iecookies.html","http://www.nirsoft.net/utils/iecookies.html","http://www.nirsoft.net/utils/iecv.zip","nirsoft-pad","lead","PAD OS field lists 9x/ME; page says: System Requirements Windows operating system: Windows 95/98/ME, Windows NT, Windows 2000, Windows XP or Windows Vista; PAD Program_Type 'Freeware'; class set per NirSoft license terms; page License: This utility is released as freeware. You can freely use and distribute it. If you distribute this utility, you must include all files in the distribution package including the readme.txt, without any modification !"
"iedesignmode","IEDesignMode","nirsoft-pad=1.00","Win98,WinME,Windows2000,WinXP,Windows2003,Windows Vista Starter,Windows Vista Home Basic,Windows Vista Home Premium,Windows Vista Business,Windows Vista Enterprise,Windows Vista Ultimate","","","Network & Internet::Browser Tools","freeware","","NirSoft freeware (redistribution allowed, unmodified, free of charge)","http://www.nirsoft.net/utils/ie_design_mode.html","http://www.nirsoft.net/utils/ie_design_mode.html","http://www.nirsoft.net/utils/iedesignmode.zip","nirsoft-pad","lead","PAD OS field lists 9x/ME; page says: System Requirements Windows 98/ME/2000/XP/2003/Vista Internet Explorer 6; PAD Program_Type 'Freeware'; class set per NirSoft license terms; page License: This utility is released as freeware. You are allowed to freely distribute this utility via floppy disk, CD-ROM, Internet, or in any other way, as long as you don't charge anything for this. If you distribute this utility, you must include all files in the ..."
"iehistoryview","IEHistoryView","nirsoft-pad=1.70","Win2000,Win7 x32,Win7 x64,Win98,WinVista,WinVista x64,WinXP","","","Network & Internet::Browser Tools","freeware","","NirSoft freeware (redistribution allowed, unmodified, free of charge)","http://www.nirsoft.net/utils/iehv.html","http://www.nirsoft.net/utils/iehv.html","http://www.nirsoft.net/utils/iehv.zip","nirsoft-pad","lead","PAD OS field lists 9x/ME; page says: On Windows 98, the history folder is located under your Windows directory ... For example: If your Windows 98 is installed under c:\win98, the history folder is c:\win98\history On Windows 2000/XP, the History folder is located inside ""Local Settings"" folder of your user profile; PAD Program_Type 'Freeware'; class set per NirSoft license terms; page License: This utility is released as freeware. You are allowed to freely distribute this utility via floppy disk, CD-ROM, Internet, or in any other way, as long as you don't charge anything for this. If you distribute this utility, you must include all files in the ..."
"iepassview","IE PassView","nirsoft-pad=1.42","Win2000,Win7 x32,Win7 x64,Win98,WinVista,WinVista x64,WinXP","","","Security & Privacy::Other","freeware","","NirSoft freeware (redistribution allowed, unmodified, free of charge)","https://www.nirsoft.net/utils/internet_explorer_password.html","https://www.nirsoft.net/utils/internet_explorer_password.html","https://www.nirsoft.net/toolsdownload/iepv.zip","nirsoft-pad","lead","PAD OS field lists 9x/ME; program page does not mention 9x/ME; PAD Program_Type 'Freeware'; class set per NirSoft license terms; page License: This utility is released as freeware. You are allowed to freely distribute this utility via floppy disk, CD-ROM, Internet, or in any other way, as long as you don't charge anything for this. If you distribute this utility, you must include all files in the ..."
"ieradicator","IEradicator","","95/98/2000/ME","","","System + Registry Fixers","freeware","","freeware","https://www.mdgx.com/toy.htm","http://www.litepc.com/ieradicator.html",,"mdgx-toy","lead","class from source tag 'freeware' (entry text)"
"iespell","ieSpell","msfn-98se=V.2.5.1","98SE","","IE6","Internet Plugins + Utilities","freeware-unclear","","freeware, terms unknown","",,"http://www.iespell.com","msfn-98se","lead","class C?; tags ONGD; FREE; Internet Explorer 6 Spell Checker"
"ifranview","IfranView","osr-kernelex=4.54","Windows 98/ME","yes","KernelEx 4.5.2019.24; XP SP3 Mode","Image Viewers","freeware-unclear","","","",,,"osr-kernelex","lead","portable build; class from memory"
"iico","iICO","mdgx-toy=1.31","98/NT4/2000/ME/XP/2003","","","Graphics Editors / FREE Windows 9x/NTx Icon Tools","freeware","","freeware","https://www.mdgx.com/toy.htm","http://www.mintrasystems.com/products/mintra/product.php?p=iico","http://www.mintrasystems.com/products/mintra/files/setupiico131.exe","mdgx-toy","lead","class from source tag 'freeware' (entry text)"
"imagefolio","Image Folio","osr-final=4.30","Windows 98/ME","","","Digital Art/Illustration/Art Software","unknown","","","",,,"osr-final","lead","source flag FV (final working version)"
"imageglass","ImageGlass","","","","ImageGlass requires Microsoft .Net Framework Redistributable (NFR) 4.0/newer (free)!","Graphics Editors","freeware","","free","https://www.mdgx.com/toy.htm","http://www.imageglass.org/",,"mdgx-toy","lead","class from source tag 'free' (entry text)"
"imageresizer","Image Resizer","","2000/XP/2003/Vista/2008/7","","","System + Registry Tweakers","commercial","","Microsoft (proprietary)","","http://imageresizer.codeplex.com/","http://download.microsoft.com/download/whistler/Install/2/WXP/EN-US/ImageResizerPowertoySetup.exe","mdgx-toy","excluded","class from source tag 'free' (entry text); Microsoft component: source tag describes a free download, not redistribution rights; Microsoft component; class from memory"
"imagine","Imagine","osr-final=1.1.0","Windows 98/ME","","","Image Viewers","freeware-unclear","","","",,"https://filehippo.com/download_imagine/post_download/","osr-final","lead","source flag FV (final working version); qualifier: ANSI Edition; class from memory"
"imgburn","Imgburn","","Windows 98/ME","","","CD Burning Software","freeware-unclear","","","",,,"osr-final","lead","source flag CS (concurrent support); class from memory"
"incontrol5","In Control 5 (InCtrl5)","mdgx-toy=1.0","9x/NT4/2000/ME","","","System Enhancers / Other Enhancement Tools","unknown","","","","http://www.pcmag.com/article2/0,4149,9882,00.asp","http://digilander.libero.it/rareware/inctrl5.zip","mdgx-toy","lead",""
"infozipwiz","Info-ZIP WiZ","mdgx-toy=5.03","9x/NT/2000/ME/XP/2003","","","File Shrinkers","freeware","","free","https://www.mdgx.com/toy.htm","http://www.info-zip.org/WiZ.html","ftp://sunsite.icm.edu.pl/pub/unix/archiving/info-zip/WIN32/wiz503xN.exe","mdgx-toy","lead","class from source tag 'free' (entry text)"
"infrarecorder","Infrarecorder","msfn-kernelex=0.50; osr-kernelex=0.50","Windows 98SE; Windows 98/ME","yes","KernelEx 4.0","Disk/Disc Burning Software","open-source","","","",,,"msfn-kernelex osr-kernelex","lead","status: working; class from memory || class from memory"
"infraview","InfraView","msfn-95=4.4.4","95","","","","freeware","","FREE (Freeware/Open Source per thread legend)","https://msfn.org/board/topic/176623-last-versions-of-software-for-windows-95/#findComment-1137960","http://www.irfanview.com/","http://www.irfanview.com/","msfn-95","lead","status ONGD (ongoing development); class from source tag 'FREE'; release date per source: 2016-12-20; from reply by ppgrainbow (page 2), not in opening post list; caution (from memory): IrfanView: free for non-commercial use"
"injecteddll","InjectedDLL","nirsoft-pad=1.00","Win98,WinME,WinNT 4.x,Windows2000,WinXP,Windows2003","","","System Utilities::Other","freeware","","NirSoft freeware (redistribution allowed, unmodified, free of charge)","http://www.nirsoft.net/utils/injected_dll.html","http://www.nirsoft.net/utils/injected_dll.html","http://www.nirsoft.net/utils/injecteddll.zip","nirsoft-pad","lead","PAD OS field lists 9x/ME; page says: exe System Requirements This utility works on Windows 98/ME, Windows 2000, and Windows XP; PAD Program_Type 'Freeware'; class set per NirSoft license terms; page License: This utility is released as freeware. You are allowed to freely distribute this utility via floppy disk, CD-ROM, Internet, or in any other way, as long as you don't charge anything for this. If you distribute this utility, you must include all files in the ..."
"inkscapevectorgraphicsviewereditor+conversiontool","Inkscape Vector Graphics Viewer, Editor + Conversion Tool","mdgx-toy=1.1","XP/2003/Vista/2008/7/8/8.1/2012/10/2016/2019","","","Graphics Editors","open-source","","GPL (version not stated by source)","https://www.mdgx.com/toy.htm","http://www.inkscape.org/","http://www.inkscape.org/release/","mdgx-toy","lead","label: Inkscape; class from source tag 'free GPL' (entry text)"
"insideclipboard","InsideClipboard","nirsoft-pad=1.30","Win2000,Win7 x32,Win7 x64,Win98,WinVista,WinVista x64,WinXP","","","System Utilities::Clipboard Tools","freeware","","NirSoft freeware (redistribution allowed, unmodified, free of charge)","http://www.nirsoft.net/utils/inside_clipboard.html","http://www.nirsoft.net/utils/inside_clipboard.html","http://www.nirsoft.net/utils/insideclipboard.zip","nirsoft-pad","lead","PAD OS field lists 9x/ME; program page does not mention 9x/ME; PAD Program_Type 'Freeware'; class set per NirSoft license terms; page License: This utility is released as freeware. You are allowed to freely distribute this utility via floppy disk, CD-ROM, Internet, or in any other way, as long as you don't charge anything for this. If you distribute this utility, you must include all files in the ..."
"installedcodec","InstalledCodec","nirsoft-pad=1.30","Win2000,Win7 x32,Win7 x64,WinOther,WinServer,WinVista,WinVista x64,WinXP,Other","","","System Utilities::Other","freeware","","NirSoft freeware (redistribution allowed, unmodified, free of charge)","http://www.nirsoft.net/utils/installed_codec.html","http://www.nirsoft.net/utils/installed_codec.html","http://www.nirsoft.net/utils/installedcodec.zip","nirsoft-pad","lead","PAD OS field lists NT-family only; Windows 9x/ME mentioned on program page only; page says: For older versions of Windows (Windows 98/ME), you can use the old version of this utility - MMCompView Locations In the Registry InstalledCodec extract the info; PAD Program_Type 'Freeware'; class set per NirSoft license terms; page License: This utility is released as freeware. You are allowed to freely distribute this utility via floppy disk, CD-ROM, Internet, or in any other way, as long as you don't charge anything for this. If you distribute this utility, you must include all files in the ..."
"installwatch","InstallWatch","mdgx-toy=2.5c","9x/NT4/2000/ME/XP/2003","","","System Enhancers / Other Enhancement Tools","freeware","","freeware","https://www.mdgx.com/toy.htm","http://www.epsilonsquared.com/","http://www.epsilonsquared.com/anonymous/InstallWatchPro25.exe","mdgx-toy","lead","class from source tag 'freeware' (entry text)"
"intel21143dc21x4decde500driver","Intel 21143/DC21x4/DEC DE500 driver","msfn-98se=5.5","98SE","","","Network Adapter Drivers","freeware-unclear","","vendor driver (proprietary)","",,"http://downloadcenter.intel.com/filter_results.aspx?strTypes=all&ProductID=982&OSFullName=All+Operating+Systems%E2%8C%A9=eng&strOSs=All&submit=Go%21","msfn-98se","lead","class C?; tags LAST; FREE; /DC21x4/DEC DE500 PCI/CardBus 5.5; Used by Virtual PC; driver; vendor availability not checked"
"intelapplicationaccelerator","Intel Application Accelerator","msfn-98se=2.2.2; msfn-98se=2.3","98SE","","","Storage Drivers","freeware-unclear","","vendor driver (proprietary)","",,"http://downloadcenter.intel.com/filter_results.aspx?strTypes=all&ProductID=663&OSFullName=Windows*+98+SE%E2%8C%A9=eng&strOSs=18&submit=Go%21","msfn-98se","lead","class C?; tags LAST; FREE; For Mobile 800 Series Intel Chipsets; driver; vendor availability not checked || class C?; tags LAST; FREE; For Desktop 800 Series Intel Chipsets; driver; vendor availability not checked"
"intelchipsetsoftwareinstallutility","Intel Chipset Software Install Utility","msfn-98se=6.3.0.1007; msfn-98se=3.20.1008","98SE","","","Chipset Drivers","freeware-unclear","","vendor driver (proprietary)","",,"http://downloadcenter.intel.com/filter_results.aspx?strTypes=all&ProductID=816&OSFullName=Windows*+98+SE%E2%8C%A9=eng&strOSs=18&submit=Go%21","msfn-98se","lead","class C?; tags LAST; FREE; Newer 800 Series Chipsets; driver; vendor availability not checked || class C?; tags LAST; FREE; Older 400 Series Chipsets; driver; vendor availability not checked"
"intelchipsvideodriver","Intel CHIPS Video Driver","","98SE","","","Intel Video Drivers","freeware-unclear","","vendor driver (proprietary)","",,"http://downloadcenter.intel.com/filter_results.aspx?strTypes=all&ProductID=78&OSFullName=Windows*+98+SE%E2%8C%A9=eng&strOSs=18&submit=Go%21","msfn-98se","lead","class C?; tags LAST; FREE; For 65xxx, 68xxx, 69xxx; driver; vendor availability not checked"
"inteli740videodriver","Intel i740 Video Driver","msfn-98se=PV40_9","98SE","","","Intel Video Drivers","freeware-unclear","","vendor driver (proprietary)","",,"http://downloadcenter.intel.com/filter_results.aspx?strTypes=all&ProductID=76&OSFullName=Windows*+98+SE%E2%8C%A9=eng&strOSs=18&submit=Go%21","msfn-98se","lead","class C?; tags LAST; FREE; driver; vendor availability not checked"
"intelproseriesnetworkdrivers","Intel PRO Series Network Drivers (without PROSet II)","msfn-98se=10.1; msfn-98se=10.3","98SE","","","Network Adapter Drivers","freeware-unclear","","vendor driver (proprietary)","",,"http://downloadcenter.intel.com/Detail_Desc.aspx?agr=Y&Inst=Yes&ProductID=407&DwnldID=4236&strOSs=18&OSFullName=Windows*%2098%20SE%E2%8C%A9=eng","msfn-98se","lead","class C?; tags LAST; FREE; 10.1 (with PROSet II); driver; vendor availability not checked || class C?; tags LAST; FREE; 10.3 (without PROSet II); driver; vendor availability not checked"
"intelprowireless2011blanpccard","Intel PRO/Wireless 2011B LAN PC Card","msfn-98se=3.1.1.31","98SE","","","Intel Wireless Drivers","freeware-unclear","","vendor driver (proprietary)","",,"http://downloadcenter.intel.com/filter_results.aspx?strTypes=all&ProductID=763&OSFullName=Windows*+98+SE%E2%8C%A9=eng&strOSs=18&submit=Go%21","msfn-98se","lead","class C?; tags LAST; FREE; LAN PC Card 3.1.1.31; driver; vendor availability not checked"
"intelprowireless2011blanpciadapter","Intel PRO/Wireless 2011B LAN PCI Adapter","msfn-98se=1.0","98SE","","","Intel Wireless Drivers","freeware-unclear","","vendor driver (proprietary)","",,"http://downloadcenter.intel.com/filter_results.aspx?strTypes=all&ProductID=819&OSFullName=Windows*+98+SE%E2%8C%A9=eng&strOSs=18&submit=Go%21","msfn-98se","lead","class C?; tags LAST; FREE; LAN PCI Adapter 1.0; driver; vendor availability not checked"
"intelprowireless2011blanusbdevice","Intel PRO/Wireless 2011B LAN USB Device","msfn-98se=1.0","98SE","","","Intel Wireless Drivers","freeware-unclear","","vendor driver (proprietary)","",,"http://downloadcenter.intel.com/filter_results.aspx?strTypes=all&ProductID=791&OSFullName=Windows*+98+SE%E2%8C%A9=eng&strOSs=18&submit=Go%21","msfn-98se","lead","class C?; tags LAST; FREE; LAN USB Device 1.0; driver; vendor availability not checked"
"intelprowireless2011lanpccard","Intel PRO/Wireless 2011 LAN PC Card","msfn-98se=3.1.1.31","98SE","","","Intel Wireless Drivers","freeware-unclear","","vendor driver (proprietary)","",,"http://downloadcenter.intel.com/filter_results.aspx?strTypes=all&ProductID=450&OSFullName=Windows*+98+SE%E2%8C%A9=eng&strOSs=18&submit=Go%21","msfn-98se","lead","class C?; tags LAST; FREE; LAN PC Card 3.1.1.31; driver; vendor availability not checked"
"intelprowireless5000lancardbusadapter","Intel PRO/Wireless 5000 LAN CardBus Adapter","msfn-98se=1.0.1.33","98SE","","","Intel Wireless Drivers","freeware-unclear","","vendor driver (proprietary)","",,"http://downloadcenter.intel.com/filter_results.aspx?strTypes=all&ProductID=809&OSFullName=Windows*+98+SE%E2%8C%A9=eng&strOSs=18&submit=Go%21","msfn-98se","lead","class C?; tags LAST; FREE; LAN CardBus Adapter 1.0.1.33; driver; vendor availability not checked"
"intelprowireless5000lanpciadapter","Intel PRO/Wireless 5000 LAN PCI Adapter","msfn-98se=1.0.1.33","98SE","","","Intel Wireless Drivers","freeware-unclear","","vendor driver (proprietary)","",,"http://downloadcenter.intel.com/filter_results.aspx?strTypes=all&ProductID=860&OSFullName=Windows*+98+SE%E2%8C%A9=eng&strOSs=18&submit=Go%21","msfn-98se","lead","class C?; tags LAST; FREE; LAN PCI Adapter 1.0.1.33; driver; vendor availability not checked"
"intelvideodriver","Intel Video Driver","msfn-98se=13.6.1; msfn-98se=6.7","98SE","","","Intel Video Drivers","freeware-unclear","","vendor driver (proprietary)","",,"http://downloadcenter.intel.com/filter_results.aspx?strTypes=all&ProductID=1044&OSFullName=Windows*+98+SE%E2%8C%A9=eng&strOSs=18&submit=Go%21","msfn-98se","lead","class C?; tags LAST; FREE; For 830M, 845G, 852, 855, 865G; driver; vendor availability not checked || class C?; tags LAST; FREE; For 810, 815; driver; vendor availability not checked"
"intelxircomcreditcardwireless","Intel Xircom CreditCard Wireless","msfn-98se=4.15","98SE","","","Intel Wireless Drivers","freeware-unclear","","vendor driver (proprietary)","",,"http://downloadcenter.intel.com/filter_results.aspx?strTypes=all&ProductID=686&OSFullName=Windows*+98+SE%E2%8C%A9=eng&strOSs=18&submit=Go%21","msfn-98se","lead","class C?; tags LAST; FREE; CWE-1120, CWE-1130; driver; vendor availability not checked"
"internetexplorer","Internet Explorer","msfn-95=5.5 SP2","95","","","","commercial","","Microsoft (proprietary)","",,"http://www.oldversion.com/windows/internet-explorer-5-5-sp2","msfn-95","excluded","status LAST (last version supporting Win95); class from source tag 'FREE'; release date per source: 2000-07-08; from opening post list; Microsoft component; class from memory"
"internetexplorer6sp1","Internet Explorer 6 SP1","","Windows 98/ME","","","Web Browsers","freeware-unclear","","","",,,"osr-final","excluded","source flag FV (final working version); class from memory; Microsoft component (excluded for now)"
"intervideowindvd","Intervideo WinDVD","msfn-98se=6","98SE","","","Media Players + Encoders + Codecs","commercial","","commercial (per thread tag)","",,"http://www.corel.com","msfn-98se","excluded","class D; tags LAST; COMM; 6.0.6.56; now Corel; commercial"
"invisible2000","Invisible! 2000","mdgx-toy=1.7","9x/NT4/2000/ME","","","System Enhancers / Other Enhancement Tools","freeware","","freeware","https://www.mdgx.com/toy.htm","http://www.mindbeat.com/invisi.shtml","http://www.mindbeat.com/programs/invisi.zip","mdgx-toy","lead","class from source tag 'freeware' (entry text)"
"ipinfooffline","IPInfoOffline","nirsoft-pad=1.70","Win2000,Win7 x32,Win7 x64,Win98,WinVista,WinVista x64,WinXP","","","Network & Internet::Other","freeware","","NirSoft freeware (redistribution allowed, unmodified, free of charge)","https://www.nirsoft.net/utils/ip_country_info_offline.html","https://www.nirsoft.net/utils/ip_country_info_offline.html","https://www.nirsoft.net/utils/ipinfooffline.zip","nirsoft-pad","lead","PAD OS field lists 9x/ME; page says: System Requirements This utility works with any version of Windows from Windows 98 to Windows 11; PAD Program_Type 'Freeware'; class set per NirSoft license terms; page License: This utility is released as freeware. You are allowed to freely distribute this utility via floppy disk, CD-ROM, Internet, or in any other way, as long as you don't charge anything for this. If you distribute this utility, you must include all files in the ..."
"ipnetinfo","IPNetInfo","nirsoft-pad=1.95","Win2000,Win7 x32,Win7 x64,Win98,WinVista,WinVista x64,WinXP","","","Network & Internet::Other","freeware","","NirSoft freeware (redistribution allowed, unmodified, free of charge)","https://www.nirsoft.net/utils/ipnetinfo.html","https://www.nirsoft.net/utils/ipnetinfo.html","https://www.nirsoft.net/utils/ipnetinfo.zip","nirsoft-pad","lead","PAD OS field lists 9x/ME; page says: System Requirements Windows operating system: Any version of Windows, starting from Windows 98 and up to Windows 10 Internet connection; PAD Program_Type 'Freeware'; class set per NirSoft license terms; page License: This utility is released as freeware. You are allowed to freely distribute this utility via floppy disk, CD-ROM, Internet, or in any other way, as long as you don't charge anything for this. If you distribute this utility, you must include all files in the ..."
"irfanview","IrfanView","mdgx-toy=4.54; msfn-98se=4.44; osr-final=4.44","9x/NT4/2000/ME/XP/2003/Vista/2008/7/8/8.1/2012/10/2016/2019; 98SE; Windows 98/ME","","none known","Graphics Editors","freeware","freeware / commercial / freeware-unclear","freeware, English","https://www.mdgx.com/toy.htm","http://www.irfanview.com/","http://www.irfanview.com","mdgx-toy msfn-98se osr-final","lead","class from source tag 'freeware, English' (entry text) || class D?; tags LAST; FREE; FAQ confirms 4.44 is last for 9x (verified) but gives no official download for it; would be C if irfanview.com serves 4.44 || source flag FV (final working version); class from memory"
"irfanviewkadmosocrplugin","IrfanView Kadmos OCR plugin","","Windows 98SE; Windows 98/ME","yes","KernelEx; Win2k mode; KernelEx","Other","freeware-unclear","","","",,,"msfn-kernelex osr-kernelex","lead","status: partially working; thread note: Displays some error messages but conversion works.; class from memory || class from memory"
"ivtbluesoleil","IVT BlueSoleil","msfn-98se=2.1.0.0","98SE","","","Connectivity","commercial","","commercial (per thread tag)","",,,"msfn-98se","excluded","class D; tags LAST; COMM; EDR Release 051216; Bluetooth Software; commercial"
"izarc","IZArc","mdgx-toy=4.2","2000/XP/2003/Vista/2008/7/8/8.1/2012/10","","","File Shrinkers","freeware","","freeware","https://www.mdgx.com/toy.htm","http://www.izarc.org/","http://www.izarc.org/download.html","mdgx-toy","lead","class from source tag 'freeware' (entry text)"
"jamsoftwarefilelist","JAM Software FileList","msfn-98se=1.6","98SE","","unknown","Windows Utilities","freeware-unclear","","freeware, terms unknown","",,"http://www.freeware-archiv.de/FileList-CSV.htm","msfn-98se","lead","class C?; tags LAST; FREE; "
"jamsoftwareheavyload","JAM Software HeavyLoad","msfn-98se=2.3","98SE","","unknown","Windows Utilities","commercial","","proprietary freeware","",,"http://www.jam-software.com/freeware/index.shtml","msfn-98se","excluded","class D?; tags ONGD; FREE; "
"jamsoftwaretreesizefree","JAM Software TreeSize Free","msfn-98se=2.1","98SE","","unknown","Windows Utilities","commercial","","proprietary freeware","",,"http://www.jam-software.com/freeware/index.shtml","msfn-98se","excluded","class D?; tags ONGD; FREE; "
"jarte","Jarte","mdgx-toy=4.1","98/NT4/2000/ME/XP/2003/Vista/2008/7/8/8.1/2012","","","Text Editors","freeware","","freeware","https://www.mdgx.com/toy.htm","http://www.jarte.com/","http://www.jarte.com/downloads/jarte_41_setup.exe","mdgx-toy","lead","class from source tag 'freeware' (entry text)"
"jascpaintshoppro","JASC Paint Shop Pro","msfn-95=7.04; msfn-98se=9","95; 98SE","","","","shareware","shareware / commercial","SHAR (Shareware per thread legend)","https://msfn.org/board/topic/176623-last-versions-of-software-for-windows-95/#findComment-1137735",,,"msfn-95 msfn-98se","excluded","status LAST (last version supporting Win95); class from source tag 'SHAR'; from reply by ppgrainbow (page 1), not in opening post list || class D; tags LAST; COMM; eBay; commercial"
"java6u7","Java 6u7","","Windows 95/98/ME","","","Runtime Softwares","freeware-unclear","","","",,"http://www.mdgx.com/files/JAVA_6U7.MSI","osr-final","lead","source flag FV (final working version); class from memory"
"javadeveloperkit6","Java Developer Kit 6","","Windows 98SE","yes","KernelEx","Apps","freeware-unclear","","","",,,"msfn-kernelex","lead","status: working; class from memory"
"javaruntimeenvironment","Java Runtime Environment","msfn-95=1.5.0 Update 5; msfn-98se=5.0 Update 22; msfn-kernelex=6 update 31; osr-kernelex=6 update 31","95; 98SE; Windows 98SE; Windows 98/ME","yes","none known; KernelEx 4.5.2","","freeware","freeware / commercial / freeware-unclear","FREE (Freeware/Open Source per thread legend)","https://msfn.org/board/topic/176623-last-versions-of-software-for-windows-95/#findComment-1137692",,"http://www.oldapps.com/java.php?old_java=20","msfn-95 msfn-98se msfn-kernelex osr-kernelex","lead","status LAST (last version supporting Win95); class from source tag 'FREE'; release date per source: 2005-09-18; from opening post list; caution (from memory): Sun Binary Code License: redistribution only under its conditions || class D; tags LAST; FREE; 1.6.0.07 works || status: working; class from memory"
"javascriptanimatorexpress","JavaScript Animator Express","nirsoft-pad=1.10","Win98,WinME,WinNT 4.x,Windows2000,WinXP","","","Graphic Apps::Animation Tools","freeware","","NirSoft freeware (redistribution allowed, unmodified, free of charge)","http://www.nirsoft.net/utils/jsae.html","http://www.nirsoft.net/utils/jsae.html","http://www.nirsoft.net/utils/jsae.zip","nirsoft-pad","lead","PAD OS field lists 9x/ME; page says: System Requirements 32-bit Windows operating system: Windows 9x/ME, Windows NT, Windows 2000, or Windows XP; PAD Program_Type 'Freeware'; class set per NirSoft license terms; page License: This utility is released as freeware for personal and non-commercial use. You are allowed to freely distribute this utility via floppy disk, CD-ROM, Internet, or in any other way, as long as you don't charge anything for this. If you distribute this utility...; page limits use to personal/non-commercial"
"jdk","JDK","osr-final=1.6.0","Windows 98/ME","","","Runtime Softwares","open-source","","GPL-2.0-only WITH Classpath-exception-2.0","",,"https://bitbucket.org/alexkasko/openjdk-unofficial-builds/downloads/openjdk-1.6.0-unofficial-b31-windows-i586-image.zip","osr-final","lead","source flag FV (final working version); qualifier: unofficial backport Win98; unofficial build/backport per source; class from memory"
"jeditprogrammerstexteditor","jEdit Programmer's Text Editor","mdgx-toy=4.3.1","9x/NT4/2000/ME/XP/2003/Vista/2008/7/8/8.1/2012","","Requires Oracle (Sun) Java Runtime Environment (JRE) Standard Edition (Java SE/J2SE) (free).","Text Editors","open-source","","GPL (version not stated by source)","https://www.mdgx.com/toy.htm","http://www.jedit.org/","http://www.jedit.org/?page=download","mdgx-toy","lead","class from source tag 'free GPL' (entry text); other tags: free"
"jetaudiobasic","JetAudio Basic","mdgx-toy=8.0.16","2000/XP/2003/Vista/2008/7","","Requires Microsoft DirectX 8/9 , DirectShow + WMP 7/8/9/10/11 APIs already installed!","Media Players + Recorders","freeware-unclear","","crippled freeware","https://www.mdgx.com/toy.htm","http://www.jetaudio.com/products/jetaudio/","http://www.jetaudio.com/download/","mdgx-toy","lead","class from source tag 'crippled freeware' (entry text)"
"jetico","Jetico","msfn-98se=1.0.1.61","98SE","","unknown","Firewalls","freeware-unclear","","proprietary freeware","",,"http://www.jetico.com/jpfirewall.htm","msfn-98se","lead","class C?; tags LAST; FREE; Jetico legacy availability unknown"
"jexplorer","JExplorer","mdgx-toy=1.8.0.1","9x/NT4/2000/ME/XP/2003","","","System Enhancers / File Manager + Windows Explorer / File Explorer Replacement Tools","freeware","","freeware","https://www.mdgx.com/toy.htm","http://home.megapass.co.kr/~woosjung/","http://home.megapass.co.kr/~woosjung/Files/JEX1801.exe","mdgx-toy","lead","class from source tag 'freeware' (entry text)"
"jnes","JNES","","Windows 98SE","yes","KernelEx; Win2k+ mode","Games","freeware-unclear","","","","http://jabosoft.com/?articleid=96",,"msfn-kernelex","lead","status: working; class from memory"
"jpegview","JPEGView","","","","","Graphics Editors","open-source","","free, open source","https://www.mdgx.com/toy.htm","http://github.com/sylikc/jpegview/",,"mdgx-toy","lead","class from source tag 'free, open source' (entry text)"
"jrview","JRView","nirsoft-pad=1.00","Win98,WinME,WinNT 4.x,Windows2000,WinXP,Windows2003","","","System Utilities::Other","freeware","","NirSoft freeware (redistribution allowed, unmodified, free of charge)","http://www.nirsoft.net/utils/jrview.html","http://www.nirsoft.net/utils/jrview.html","http://www.nirsoft.net/utils/jrview.zip","nirsoft-pad","lead","PAD OS field lists 9x/ME; program page does not mention 9x/ME; PAD Program_Type 'Freeware'; class set per NirSoft license terms; page License: This utility is released as freeware. You are allowed to freely distribute this utility via floppy disk, CD-ROM, Internet, or in any other way, as long as you don't charge anything for this. If you distribute this utility, you must include all files in the ..."
"juke","Juke","mdgx-toy=3.9","98/NT4/2000/ME/XP/2003/Vista","","","Media Players + Recorders","freeware","","freeware","https://www.mdgx.com/toy.htm","http://www.wolosoft.com/en/juke/","http://www.wolosoft.com/files/Juke-3.9.exe","mdgx-toy","lead","class from source tag 'freeware' (entry text)"
"jv16powertools","jv16 Power Tools","mdgx-toy=1.3.0.195","9x/NT4/2000/ME/XP/2003; 98SE","","","System + Registry Fixers","freeware","freeware / commercial","freeware","https://www.mdgx.com/toy.htm","http://www.321download.com/LastFreeware/#jv16","http://digilander.libero.it/rareware/jv16pt_setup.zip","mdgx-toy msfn-98se","lead","class from source tag 'freeware' (entry text); source marks it discontinued || class D; tags ONGD; COMM; 1.3.0.195 last Freeware; commercial"
"jv16regcleaner","jv16 RegCleaner","mdgx-toy=4.3.0.780","9x/NT4/2000/ME/XP/2003","","","System + Registry Fixers","freeware","","freeware","https://www.mdgx.com/toy.htm","http://www.321download.com/LastFreeware/#RegCleaner",,"mdgx-toy","lead","class from source tag 'freeware' (entry text); source marks it discontinued"
"jwpce","JWPce","msfn-98se=1.50","98SE","","none known","Office Programs","open-source","","GPL (memory, unverified)","",,"http://www.physics.ucla.edu/~grosenth/jwpce.html","msfn-98se","lead","class A?; tags LAST; FREE; Japanese Word Processor"
"jzip","jZip","mdgx-toy=1.3","2000/XP/2003/Vista/2008/7","","","File Shrinkers","freeware","","freeware","https://www.mdgx.com/toy.htm","http://www.jzip.com/","http://download.jzip.com/jZipV1.exe","mdgx-toy","lead","class from source tag 'freeware' (entry text)"
"kantaris","Kantaris","mdgx-toy=0.6.5","2000/XP/2003/Vista/2008/7","","","Media Players + Recorders","open-source","","GPL (version not stated by source)","https://www.mdgx.com/toy.htm","http://www.kantaris.org/","http://kantaris.googlecode.com/files/Kantaris_0.6.5_setup.exe","mdgx-toy","lead","class from source tag 'free GPL' (entry text)"
"kasperskyantiviruspersonal","Kaspersky Anti-Virus Personal","msfn-98se=5.0","98SE","","","Virus and Spyware Scanners + Privacy and Security Tools","commercial","","commercial (per thread tag)","",,"ftp://d5y.kaspersky-labs.com/beta/kav50/Personal/English/","msfn-98se","excluded","class D; tags LAST; COMM; 5.0.712 BETA; commercial"
"kbmediaplayer","KbMedia Player","msfn-98se=2.42 beta4","98SE","","unknown","Media Players + Encoders + Codecs","freeware-unclear","","freeware, terms unknown","",,"http://home7.highway.ne.jp/Kobarin/","msfn-98se","lead","class C?; tags LAST; FREE; 2.42 beta4, English patcher available for Version 2.41; Japanese freeware; English patch separate"
"keepvid","KeepVid","","98SE","","","Media Players + Encoders + Codecs","commercial","","n/a (web service)","",,"http://keepvid.com/","msfn-98se","excluded","class D; tags ONGD; FREE; Saves embedded videos from net; website, not software"
"kensingtonmouseworkssoftware","Kensington MouseWorks Software","msfn-98se=Version 6.11","98SE","","","Mouse Drivers","freeware-unclear","","vendor driver (proprietary)","",,"http://us.kensington.com/html/1466.html#mw611","msfn-98se","lead","class C?; tags ONGD; FREE; driver; vendor availability not checked"
"keriopersonalfirewall","Kerio Personal Firewall","msfn-98se=2.1.5","98SE","","none known","Firewalls","commercial","","proprietary","",,"http://www.freeware-guide.com/dir/util/firewall.html","msfn-98se","excluded","class D; tags LAST; FREE; last freeware version"
"kerkythea","Kerkythea","","Windows 98SE; Windows 98/ME","yes","KernelEx","Digital Art Software","freeware-unclear","","","","http://www.kerkythea.net/joomla/",,"msfn-kernelex osr-kernelex","lead","status: working; listed as: a free state of the art 3D renderer with some features you won't even find in most high end 3D packages; class from memory || qualifier: 2013 or earlier build; source reports limitations or untested details; class from memory"
"kernelex","KernelEx","osr-final=4.5.2; osr-kernelex=4.5.2","Windows 98/ME","yes","","KernelEx (settings used by source)","open-source","","GPL-2.0-only","","http://kernelex.sourceforge.net/",,"msfn-kernelex osr-final osr-kernelex","lead","row added: first post links the KernelEx wiki (http://kernelex.sourceforge.net/wiki/Category:Compatible_applications); thread entries cite KX 4.0rc2 to 4.5.2; version not stated for KernelEx itself; class from memory || source flag CS (concurrent support); class from memory || row added: named in the source settings list; no download link on page; class from memory"
"kernelexdllspack","KernelEx DLLs pack (OSR KernelEx Extensions Plus)","","Windows 98/ME","yes","KernelEx Updates","KernelEx (settings used by source)","unknown","","","","https://retrosystemsrevival.blogspot.com/p/kernelex-extensions-plus.html","https://anonfile.com/z4m4ucmco7/KernelEx_DLLs_zip","osr-kernelex","lead","row added from linked tutorial page; pack mixes Windows 2000/XP and ReactOS DLLs plus a third-party kernel32 per source: not redistributable as-is; source states its links are currently broken; mirror: http://s000.tinyupload.com/index.php?file_id=51012747454284019014"
"kernelexupdates","KernelEx Updates (community, by Jumper)","","Windows 98/ME","yes","KernelEx 4.5.2","KernelEx (settings used by source)","unknown","","","","https://retrosystemsrevival.blogspot.com/p/kernelex-extensions-plus.html",,"osr-kernelex","lead","row added: source settings list names 'KernelEx 24 Updates'; app rows cite KernelEx 4.5.2019.24; version not stated as such; link is the source's tutorial page"
"keyfinder","Keyfinder","mdgx-toy=2.01","9x/NT4/2000/ME/XP/2003/Vista/2008/7","","","System + Registry Fixers","open-source","","GPL (version not stated by source)","https://www.mdgx.com/toy.htm","http://www.magicaljellybean.com/keyfinder/","http://downloads.sourceforge.net/keyfinder/keyfinder.2.0.1.zip","mdgx-toy","lead","class from source tag 'free GPL' (entry text)"
"keyfinderthing","Keyfinder Thing","mdgx-toy=3.1.6","98/2000/ME/XP/2003","","Requires Microsoft .Net Framework Redistributable (NFR) 2.0 (free)!","System + Registry Fixers","freeware","","freeware","https://www.mdgx.com/toy.htm","http://www.ychatsharp.com/kft/","http://www.ychatsharp.com/keyfinderthing3.zip","mdgx-toy","lead","class from source tag 'freeware' (entry text)"
"kingsoftpresentation","Kingsoft Presentation","osr-kernelex=8.1.0.3030","Windows 98/ME","yes","KernelEx 4.5.2","Office Suite","freeware-unclear","","","",,,"osr-kernelex","lead","class from memory"
"klitecodecpack","K-Lite Codec Pack","osr-kernelex=5.9.0","Windows 98SE; Windows 98/ME","yes","KernelEx; KernelEx 4.5.2; XP SP2 Mode","Codecs","freeware-unclear","","","",,,"msfn-kernelex osr-kernelex","lead","status: working; thread note: Dont't let it to ""correct the registry"", and i prefer to just use KMPlayer.; class from memory || class from memory"
"kmelon","K-Melon","msfn-98se=1.5.4","98SE","","none known (memory)","Internet Browsers","open-source","","GPL-2.0 (memory)","",,"http://kmeleon.sourceforge.net","msfn-98se","lead","class A; tags LAST; FREE; K-Meleon 1.5.4 (Gecko 1.8.1); site cert problems during check"
"kmplayer","KMPlayer (KMP)","mdgx-toy=3.0.0; osr-kernelex=4.0.4.6","2000/XP/2003/Vista/2008/7; Windows 98/ME","yes","KernelEx 4.5.2; XP","Media Players + Recorders","open-source","open-source / freeware-unclear","GPL (version not stated by source)","https://www.mdgx.com/toy.htm","http://www.kmplayer.com/forums/","http://www.kmplayer.com/forums/forumdisplay.php?f=25","mdgx-toy osr-kernelex","lead","class from source tag 'free GPL' (entry text); other tags: freeware || class from memory"
"knobmanandskinman","KnobMan and SkinMan","","Windows 98SE; Windows 98/ME","yes","KernelEx","Other","unknown","","","","http://www.g200kg.com/en/software/index.html",,"msfn-kernelex osr-kernelex","lead","status: working; listed as: two applications for creating knobs and skins for VST plugins || qualifier: 2013 or older build"
"kobarin","Kobarin","osr-final=2.63a","Windows 98/ME","","Asian language support","MP3/Music Player","freeware-unclear","","","","http://web.archive.org/web/20160317163933/http://hwm5.gyao.ne.jp:80/kobarin/",,"osr-final","lead","source flag FV (final working version); Japanese language; class from memory"
"koolplaya","Kool Playa","","Windows 98/ME","yes","KernelEx 4.5.2","Media Players","unknown","","","",,,"osr-kernelex","lead","qualifier: early 2014 or older build; source reports limitations or untested details"
"kstub822","Kstub822","","Windows 98/ME","yes","KernelEx","KernelEx (settings used by source)","unknown","","","",,,"osr-kernelex","lead","row added: source settings list names 'Kstub822' (KernelEx stub pack); name as stated; whether 822 is a version is not verified; no link on page"
"l3codecax","L3codec.ax","osr-final=1.5.0.50","Windows 98/ME","","","Codecs","unknown","","","",,,"osr-final","lead","source flag FV (final working version)"
"launchkey","LaunchKey","","98SE","","unknown","Others","freeware-unclear","","freeware, terms unknown","",,"http://www.splinterware.com/products/launchkey.htm","msfn-98se","lead","class C?; tags ONGD; FREE; "
"lavasoftadawaresepersonal","Lavasoft Ad-Aware SE Personal","msfn-98se=1.06r1","98SE","","none known","Virus and Spyware Scanners + Privacy and Security Tools","commercial","","proprietary (Lavasoft)","",,"http://www.softpedia.com%2Fget%2FInternet%...-Personal.shtml","msfn-98se","excluded","class D; tags LAST; FREE; "
"lavfilters","LAVFilters","osr-kernelex=0.66.0-10","Windows 98/ME","yes","KernelEx 4.5.2019.24; XP SP3 Mode","Codecs","open-source","","GPL-2.0-or-later","",,,"osr-kernelex","lead","class from memory"
"leadertaskpersonalorganizer","LeaderTask personal organizer","","Windows 98SE; Windows 98/ME","yes","KernelEx","Other","shareware","","","",,,"msfn-kernelex osr-kernelex","excluded","status: working; class from memory || qualifier: 2013 or older build; class from memory"
"leechftp","Leech FTP","msfn-98se=1.3","98SE","","none known","FTP Clients","commercial","","freeware, terms unknown","",,"http://www.download.com/3000-2356-10122208.html","msfn-98se","excluded","class D; tags LAST; FREE; publisher gone"
"legacyfamilytreedeluxeedition","Legacy Family Tree Deluxe Edition","msfn-98se=6.0","98SE","","","Genealogy","commercial","","commercial (per thread tag)","",,"http://www.legacyfamilytreestore.com/SearchResults.asp?Cat=1","msfn-98se","excluded","class D; tags ONGD; COMM; Deluxe Edition; commercial"
"legacyfamilytreestandardedition","Legacy Family Tree Standard Edition","msfn-98se=6.0","98SE","","unknown","Genealogy","commercial","","proprietary","",,"http://www.legacyfamilytree.com/DownloadLegacy.asp","msfn-98se","excluded","class D?; tags ONGD; FREE; "
"letterassigner","Letter Assigner","mdgx-toy=1.2.0","9x/ME","","","System + Registry Tweakers","freeware","","freeware","https://www.mdgx.com/toy.htm","http://www.smallvoid.com/article/win9x-letter-assigner.html","https://web.archive.org/web/20040813141855/http://www.v72735.f2s.com/LetAssig/Download.html","mdgx-toy","lead","class from source tag 'freeware' (entry text); source marks it discontinued"
"lightalloy","Light Alloy","mdgx-toy=4.7.1","XP/2003/Vista/2008/7/8/8.1/2012","","","Media Players + Recorders","freeware","","freeware","https://www.mdgx.com/toy.htm","http://www.light-alloy.ru/lang/en/","http://www.light-alloy.ru/download/","mdgx-toy","lead","class from source tag 'freeware' (entry text)"
"lightningdownload","Lightning Download","","98SE","","","File Sharing and File Downloaders","shareware","","shareware (per thread tag)","",,"http://www.lightningdownload.com","msfn-98se","excluded","class D; tags ONGD; SHAR; Download accelerator; shareware/trial"
"limewire","LimeWire","msfn-98se=4.14","98SE","","unknown","File Sharing and File Downloaders","commercial","","GPL (memory)","",,"http://www.limewire.com","msfn-98se","excluded","class D; tags ONGD; FREE; project shut down by court injunction (memory); network dead"
"liquidresize","Liquid Resize","msfn-kernelex=0.67; osr-kernelex=0.67","Windows 98SE; Windows 98/ME","yes","KernelEx","Image Resizer","unknown","","","",,"http://www.thegedanken.com/retarget/0.67_Retarget_win.zip","msfn-kernelex osr-kernelex","lead","status: working; listed as: a seam carving application"
"litepcwindows9x2000mexp+msinternetexplorer3456uninstallers","litePC Windows 9x/2000/ME/XP + MS Internet Explorer 3/4/5/6 Uninstallers","","9x/2000/ME/XP","","","System + Registry Fixers","unknown","","","","http://www.litepc.com/products.html",,"mdgx-toy","lead",""
"longfilenames","Long File Names (LFNs)","mdgx-toy=4.02","3.1x/95/OSR1/OSR2","","","System Enhancers / Other Enhancement Tools","shareware","","abandoned shareware","https://www.mdgx.com/toy.htm",,"https://www.mdgx.com/files/LFN402.ZIP","mdgx-toy","excluded","class from source tag 'abandoned shareware' (entry text); source marks it discontinued"
"macaddressview","MACAddressView","nirsoft-pad=1.55","Win2000,Win7 x32,Win7 x64,Win98,WinVista,WinVista x64,WinXP","","","Network & Internet::Search/Lookup Tools","freeware","","NirSoft freeware (redistribution allowed, unmodified, free of charge)","https://www.nirsoft.net/utils/mac_address_lookup_find.html","https://www.nirsoft.net/utils/mac_address_lookup_find.html","https://www.nirsoft.net/utils/macaddressview.zip","nirsoft-pad","lead","PAD OS field lists 9x/ME; page says: System Requirements This utility can be used in any version of Windows, from Windows 98 and up to Windows 11; PAD Program_Type 'Freeware'; class set per NirSoft license terms; page License: This utility is released as freeware. You are allowed to freely distribute this utility via floppy disk, CD-ROM, Internet, or in any other way, as long as you don't charge anything for this. If you distribute this utility, you must include all files in the ..."
"macromediaflashplayer","Macromedia Flash Player","msfn-95=7.0.73","95","","","","freeware","","FREE (Freeware/Open Source per thread legend)","https://msfn.org/board/topic/176623-last-versions-of-software-for-windows-95/#findComment-1137735",,"http://sdfox7.com/win95/flashplayer7r73_win.exe","msfn-95","lead","status LAST (last version supporting Win95); class from source tag 'FREE'; from reply by ppgrainbow (page 1), not in opening post list; caution (from memory): Flash Player redistribution needed a Macromedia/Adobe distribution license"
"mailpassview","Mail PassView","nirsoft-pad=1.93","Win2000,Win7 x32,Win7 x64,Win98,WinVista,WinVista x64,WinXP","","","Security & Privacy::Other","freeware","","NirSoft freeware (redistribution allowed, unmodified, free of charge)","https://www.nirsoft.net/utils/mailpv.html","https://www.nirsoft.net/utils/mailpv.html","https://www.nirsoft.net/toolsdownload/mailpv.zip","nirsoft-pad","lead","PAD OS field lists 9x/ME; page says: Reporting Issues to Antivirus Vendors System Requrements This utility works with any version of Windows, starting from Windows 98 and up to Windows 10; PAD Program_Type 'Freeware'; class set per NirSoft license terms; page License: This utility is released as freeware. You are allowed to freely use it at your home or in your company. However, you are not allowed to make profit from this software or to charge your customers for recovering their passwords with this software, unless you ..."
"makezip","Make Zip","osr-final=1.29","Windows 98/ME","","","File Achieve Software","unknown","","","",,,"osr-final","lead","source flag FV (final working version)"
"mameui32","MameUI32","","98SE","","unknown","Emulators and Utilities","freeware","","old MAME licence allowed free non-commercial redistribution (memory, unverified); MAME is GPL-2.0+ since 2016","",,"http://mame32qa.classicgaming.gamespy.com/","msfn-98se","lead","class B; tags ONGD; FREE; Multiple Arcade Machine Emulator; ROMs not included"
"mangastudio3","Manga Studio 3","","Windows 98/ME","","","Digital Art/Illustration/Art Software","commercial","","","",,,"osr-final","excluded","source marks $$$ (commercial); source flag FV (final working version)"
"mattsoftbootmanagermultiboottool","MATTsoft Boot Manager multi-boot tool","mdgx-toy=1.19g","","","","Boot Tweakers","freeware-unclear","","freeware for personal use","https://www.mdgx.com/toy.htm","http://martin.hinner.info/mbtmgr/","http://martin.hinner.info/mbtmgr/download.html","mdgx-toy","lead","class from source tag 'freeware for personal use' (entry text)"
"maximusdecimnativeusb","Maximus Decim Native USB","msfn-98se=3.3","98SE","","","USB Drivers","commercial","","unofficial patch (contains repackaged Microsoft files, memory)","",,"https://msfn.org/board/Maximum-Decim-Native-USB-t43605.html","msfn-98se","excluded","class D; tags ONGD; FREE; for USB flash disks and more; unofficial system patch"
"maxthon","Maxthon","msfn-98se=3.5.2.1000","98SE","yes","unknown (possibly KernelEx; unverified)","Internet Browsers","commercial","","proprietary","",,"http://www.maxthon.com","msfn-98se","excluded","class D; tags LAST; FREE; not offered by publisher (memory)"
"mcafeefreescan","McAfee Free Scan","","98SE","","IE6","Online Virus Scanners","commercial","","n/a (online service)","",,"http://home.mcafee.com/Downloads/FreeScanDownload.aspx","msfn-98se","excluded","class D; tags (untagged; online service); online service listed in post 1 (edited 2010-01-07); service, not packageable; long obsolete"
"mcafeestinger","McAfee Stinger","msfn-98se=v10.0.1.688","98SE","","none known","Virus and Spyware Scanners + Privacy and Security Tools","commercial","","proprietary (McAfee/Trellix)","",,"http://vil.nai.com/vil/stinger","msfn-98se","excluded","class D; tags ONGD; FREE; A stand alone Virus Removal Tool that removes over 1000 viruses"
"mcafeevirusscan2006","McAfee VirusScan 2006","msfn-98se=10.0","98SE","","","Virus and Spyware Scanners + Privacy and Security Tools","commercial","","commercial (per thread tag)","",,"http://www.mcafee.com","msfn-98se","excluded","class D; tags LAST; COMM; commercial"
"mcafeevirusscancorporate","McAfee VirusScan Corporate","msfn-98se=4.5.1 SP1","98SE","","","Virus and Spyware Scanners + Privacy and Security Tools","commercial","","commercial (per thread tag)","",,,"msfn-98se","excluded","class D; tags LAST; COMM; (2005 Build; 4.5.1306.0); commercial"
"mcneelrhino","McNeel Rhino","msfn-98se=3.0","98SE","","","CAD + CAM + Design & Drafting Software","commercial","","commercial (per thread tag)","",,"http://www.rhino3d.com","msfn-98se","excluded","class D; tags LAST; COMM; NURBS Modelling; commercial"
"md5checkertools","Md5Checker tools","","9x/NT4/2000/ME/XP/2003/Vista/2008/7/8/8.1/2012","","","Hex Editors / FREE Windows x/NTx Checksum Tools","freeware","","freeware","https://www.mdgx.com/toy.htm","http://www.getmd5checker.com/",,"mdgx-toy","lead","class from source tag 'freeware' (entry text)"
"md5shahashes+pgpauthenticationsignaturestools","MD5/SHA Hashes + PGP Authentication Signatures tools","","9x/NT4/2000/ME/XP/2003/Vista/2008/7/8/8.1/2012","","","Hex Editors / FREE Windows x/NTx Checksum Tools","freeware","","freeware","https://www.mdgx.com/toy.htm","http://www.sdean12.org/Download.htm",,"mdgx-toy","lead","class from source tag 'freeware' (entry text)"
"md5summermd5checksumgenerator","MD5summer MD5 checksum generator","","9x/NT4/2000/ME/XP/2003/Vista/2008/7/8/8.1/2012","","","Hex Editors / FREE Windows x/NTx Checksum Tools","freeware","","freeware","https://www.mdgx.com/toy.htm","http://www.md5summer.org/",,"mdgx-toy","lead","class from source tag 'freeware' (entry text)"
"mediaplayerclassic","Media Player Classic","msfn-98se=6.4.9.1","98SE","","none known","Media Players + Encoders + Codecs","open-source","","GPL-2.0 (memory)","",,"http://www.free-codecs.com/download/Media_Player_Classic.htm","msfn-98se","lead","class A; tags ONGD; FREE; MPC 6.4.9.1 classic build; good 9x player"
"mediaplayerclassicblackeditionfrontendgui+commandlinetool","Media Player Classic Black Edition (MPC-BE) front end GUI + command line tool","","XP","","Media Player Classic Black Edition (MPC-BE) : Media Player Classic Black Edition (MPC-BE) front end GUI + command line tool 32-bit + 64-bit (also here ) stand alone multimedia Audio/Video/DVD/HD player improved Microsoft Windows Media Player (WMP) 6/7/8/9/1...","Media Players + Recorders","open-source","","GPL (version not stated by source)","https://www.mdgx.com/toy.htm","http://sourceforge.net/projects/mpcbe/","http://downloads.sourceforge.net/project/mpcbe/MPC-BE/MPC-BE%20x64/MPC-BE%20x64%201.4.2/MPC-BE.1.4.2.x64-installer.zip","mdgx-toy","lead","label: Media Player Classic Black Edition (MPC-BE); class from source tag 'free GPL' (entry text)"
"mediaplayerclassichomecinema","Media Player Classic Home Cinema","osr-kernelex=1.5.0.2827","Windows 98/ME","yes","KernelEx 4.5.2019.24; Enhanced Bases; codecs","Media Players","open-source","","GPL-2.0-or-later","",,,"osr-kernelex","lead","class from memory"
"mediaplayerclassichomecinemafrontendgui+commandlinetool","Media Player Classic Home Cinema (MPC-HC) front end GUI + command line tool","","XP","","Media Player Classic Home Cinema (MPC-HC) : Media Player Classic Home Cinema (MPC-HC) front end GUI + command line tool 32-bit + 64-bit (also here ) stand alone multimedia Audio/Video/DVD/HD/UHD player improved Microsoft Windows Media Player (WMP) replaceme... | Windows XP + 2003 require Windows Media Player 11.0 (WMP11) Media Format (WMF11) Codecs or Windows Media Player 11.0 (WMP11) already installed. | Windows 2000 requires Windows Media Player 9.0 (WMP9) already installed.","Media Players + Recorders","open-source","","GPL (version not stated by source)","https://www.mdgx.com/toy.htm","http://github.com/clsid2/mpc-hc/","http://files2.codecguide.com/K-Lite_Codec_Pack_1383_Mega.exe","mdgx-toy","lead","label: Media Player Classic Home Cinema (MPC-HC); class from source tag 'free GPL' (entry text); other tags: free GPL; freeware; freeware + ADWARE!"
"mediaplayerclassicunicode","Media Player Classic Unicode","msfn-kernelex=6.4.9.1","Windows 98SE","yes","KernelEx","Apps","open-source","","GPL-2.0-or-later","",,,"msfn-kernelex","lead","status: working; thread note: Works with the exclusion of the program itself from kexver.ini; class from memory"
"mediaplayerclassicunicodehomecinema","Media Player Classic Unicode [HomeCinema]","msfn-kernelex=1.3.1249.0","Windows 98SE","yes","KernelEx 4.0","Apps","open-source","","GPL-2.0-or-later","",,,"msfn-kernelex","lead","status: working; class from memory"
"meedio","Meedio","","Windows 98SE","yes","KernelEx","Apps","unknown","","","",,,"msfn-kernelex","lead","status: working"
"meesoftcommander","Meesoft Commander","osr-final=1.36","Windows 98/ME","","GDIPLUS.dll","Windows Shells","freeware-unclear","","","",,,"osr-final","lead","class from memory"
"memstatus","MemStatus","msfn-kernelex=2.65","Windows 98SE","yes","KernelEx; mfc80.dll","Apps","unknown","","","","http://nuclearplayground.com/NuclearPlayground",,"msfn-kernelex","lead","status: working; thread note: Requires mfc80.dll"
"mesa3d","Mesa3D","","Windows 98/ME","","","OpenGL Wrapper","open-source","","MIT","",,,"osr-final","lead","qualifier: get version; class from memory"
"meshx","Meshx","osr-final=2.4","Windows 98/ME","","","3D Modelling Software","unknown","","","",,,"osr-final","lead","source flag FV (final working version)"
"messenpass","MessenPass","nirsoft-pad=1.42","Win2000,Win7 x32,Win98,WinVista,WinXP","","","Security & Privacy::Other","freeware","","NirSoft freeware (redistribution allowed, unmodified, free of charge)","http://www.nirsoft.net/utils/mspass.html","http://www.nirsoft.net/utils/mspass.html","http://www.nirsoft.net/toolsdownload/mspass.zip","nirsoft-pad","lead","PAD OS field lists 9x/ME; program page does not mention 9x/ME; PAD Program_Type 'Freeware'; class set per NirSoft license terms; page License: This utility is released as freeware. You are allowed to freely use it at your home or in your company. However, you are not allowed to make profit from this software or to charge your customers for recovering their passwords with this software, unless you ..."
"metapad","MetaPad","mdgx-toy=3.6; osr-final=3.6","9x/NT4/2000/ME/XP/2003/Vista/2008/7/8/8.1/2012; 98SE; Windows 98/ME","","none (verified: site says 95/98/NT/XP)","Text Editors","freeware","freeware / open-source","freeware","https://www.mdgx.com/toy.htm","http://www.liquidninja.com/metapad/","http://www.liquidninja.com/metapad/downloads/metapad36.zip","mdgx-toy msfn-98se osr-final","lead","class from source tag 'freeware' (entry text) || class A; tags ONGD; FREE; 3.6 is latest (2011); older versions listed on site (verified) || source flag CS? (concurrent support); qualifier: May 2011"
"metarweather","MetarWeather","nirsoft-pad=1.80","Win2000,Win7 x32,Win7 x64,Win98,WinOther,WinServer,WinVista,WinVista x64,WinXP,Other","","","Home & Hobby::Other","freeware","","NirSoft freeware (redistribution allowed, unmodified, free of charge)","https://www.nirsoft.net/utils/mweather.html","https://www.nirsoft.net/utils/mweather.html","https://www.nirsoft.net/utils/mweather.zip","nirsoft-pad","lead","PAD OS field lists 9x/ME; page says: exe /loadmetars System Requirements This utility can work in all 32-bit Windows operating systems: Windows 9x/ME, Windows NT, Windows 2000, and Windows XP ... On very old systems (Windows 95 or Windows NT), version 3; PAD Program_Type 'Freeware'; class set per NirSoft license terms; page License: This utility is released as freeware. You are allowed to freely distribute this utility via floppy disk, CD-ROM, Internet, or in any other way, as long as you don't charge anything for this. If you distribute this utility, you must include all files in the ..."
"microsoftactivesync","Microsoft ActiveSync","msfn-98se=3.8","98SE","","","Connectivity","commercial","","Microsoft","",,"http://www.hpcfactor.com/support/syncsoft/activesync/","msfn-98se","excluded","class D; tags LAST; FREE; 3.8.0.5004; not posted at MS...; Microsoft"
"microsoftbootcodeupdateconsolecommandlinetoolsbcupdateforwindowsnt4sp6a+bcupdate2","Microsoft Boot Code Update console command line tools: BCUpdate (BCUPDATE.EXE) for Windows NT4 SP6a + BCUpdate2 v1.3 (BCUPDATE2.EXE) for Windows 2000 SP4/XP/2003","mdgx-toy=1.1","NT4 SP6a","","","Boot Tweakers","commercial","","Microsoft (proprietary)","","http://xperiencexp.blogspot.com/2005/11/bcupdate2exe.html","http://www.autourdupc.com/Logiciel/WIN2000/Softs/bcupdate2.exe","mdgx-toy","excluded","label: BCUpdate; class from source tag 'free' (entry text); Microsoft component: source tag describes a free download, not redistribution rights; Microsoft component; class from memory"
"microsoftcompatibilitypackforoffice2007systemwithwindows98supportbypasaf","Microsoft Compatibility Pack for Office 2007 system with Windows 98 support by PASAf","","Windows 98SE","yes","KernelEx 4.5.2","Apps","freeware-unclear","","","","http://www.mediafire.com/download.php?acavcyv96awz75y",,"msfn-kernelex","excluded","status: working; qualifier: Eng; class from memory; Microsoft component (excluded for now)"
"microsoftdataaccesscomponents","Microsoft Data Access Components","msfn-98se=2.8 SP1","98SE","","","Windows Components","commercial","","Microsoft","",,"http://www.microsoft.com/downloads/details.aspx?familyid=78cac895-efc2-4f8e-a9e0-3a1afbd5922e&displaylang=en","msfn-98se","excluded","class D; tags LAST; FREE; MDAC; Microsoft"
"microsoftdirectx","Microsoft DirectX","msfn-98se=9.0c","98SE","","","Windows Components","commercial","","Microsoft","",,"http://download.microsoft.com/download/8/c/9/8c968ecc-8402-49f3-aacb-dc4c5d230a9a/directx_dec2006_redist.exe","msfn-98se","excluded","class D; tags LAST; FREE; December 2006; Microsoft"
"microsoftexcel97viewer","Microsoft Excel 97 Viewer","msfn-98se=97-2003","98SE","","","Office Programs","commercial","","Microsoft","",,"http://downloads.pcworld.com/pub/new/business/add_ins_and_patches/xlviewer.exe","msfn-98se","excluded","class D; tags LAST; FREE; Viewer; 97-2003; Microsoft"
"microsoftfilechecksumintegrityverifier","Microsoft File Checksum Integrity Verifier","","98SE","","","Others","commercial","","Microsoft","",,"https://msfn.org/board/ipb_seo.php?url=http%3A%2F%2Fwww.microsoft.com%2Fdownloads%2Fdetails.aspx%3FFamilyID%3DB3C93558-31B7-47E2-A663-7365C1686C08%26displaylang%3Den","msfn-98se","excluded","class D; tags LAST; FREE; Microsoft"
"microsoftfixitprograminstallanduninstalltroubleshooter","Microsoft FixIt Program Install and Uninstall Troubleshooter (PIUT)","","2000/XP/2003/Vista/2008/7/8/8.1/2012","","","System + Registry Fixers","commercial","","Microsoft (proprietary)","","http://support.microsoft.com/mats/Program_Install_and_Uninstall/",,"mdgx-toy","excluded","class from source tag 'free' (entry text); Microsoft component: source tag describes a free download, not redistribution rights; Microsoft component; class from memory"
"microsoftflightsimulator2000","Microsoft Flight Simulator 2000","","95","","","","commercial","","Microsoft (proprietary)","",,,"msfn-95","excluded","status LAST (last version supporting Win95); class from source tag '$$$$'; release date per source: late 1999; from reply by ppgrainbow (page 1), not in opening post list; Microsoft component; class from memory"
"microsoftfontpropertiesextension","Microsoft Font properties extension","msfn-98se=2.1","98SE","","","Windows Components","commercial","","Microsoft","",,"http://download.microsoft.com%2Fdownload%2...bf%2Fttfext.exe","msfn-98se","excluded","class D; tags LAST; FREE; Microsoft"
"microsoftintellimouse","Microsoft IntelliMouse","","95","","","","commercial","","Microsoft (proprietary)","",,"http://priede.bf.lu.lv/ftp/pub/OS/peles/Microsoft/IntelliMouse/IP4_0EngALLMsi.exe","msfn-95","excluded","status LAST (last version supporting Win95); class from source tag 'FREE'; release date per source: 2003-11-11; from reply by ppgrainbow (page 2), not in opening post list; Microsoft component; class from memory"
"microsoftintellipoint","Microsoft IntelliPoint","msfn-98se=4.12","98SE","","","Mouse Drivers","commercial","","Microsoft","",,"http://download.microsoft.com%2Fdownload%2...12EngALLMsi.exe","msfn-98se","excluded","class D; tags LAST; FREE; 4.10.851.0; Microsoft"
"microsoftintellitype","Microsoft IntelliType","msfn-98se=2.22","98SE","","","Mouse Drivers","commercial","","Microsoft","",,"http://download.microsoft.com%2Fdownload%2...22EngALLMsi.exe","msfn-98se","excluded","class D; tags LAST; FREE; 2.20.448.0; Microsoft"
"microsoftinternetexplorer","Microsoft Internet Explorer","msfn-98se=6 SP1","98SE","","","Internet Browsers","commercial","","Microsoft","",,"http://www.microsoft.com/downloads/details.aspx?FamilyID=1e1550cb-5e5d-48f5-b02b-20b602228de6&DisplayLang=en","msfn-98se","excluded","class D; tags LAST; FREE; Microsoft component"
"microsoftkerneltoysset","Microsoft Kernel Toys Set","","95/OSR1/OSR2","","","System + Registry Tweakers","commercial","","Microsoft (proprietary)","","http://www.astonisher.com/archives/bugnet/database/readme/readme_kernal_toys.html","https://web.archive.org/web/20070320222146/http://download.microsoft.com/download/c/1/a/c1a2a8d9-e2e0-4b94-8e47-61583e71b837/W95KRNLTOYS.EXE","mdgx-toy","excluded","label: Kernel Power Toys; class from source tag 'free, unsupported' (entry text); Microsoft component: source tag describes a free download, not redistribution rights; Microsoft component; class from memory; source says unsupported"
"microsoftmsnmessenger","Microsoft MSN Messenger","msfn-98se=7.0.0820","98SE","","","Instant Messaging","commercial","","Microsoft","",,"http://www.microsoft.com/downloads/details.aspx?familyid=CF49C56C-8B3E-4EAE-9904-9505F47BED45&displaylang=en","msfn-98se","excluded","class D; tags LAST; FREE; service dead"
"microsoftnetframework","Microsoft .NET Framework","msfn-98se=2.0","98SE","","","Windows Components","commercial","","Microsoft","",,"http://download.microsoft.com/download/5/6/7/567758a3-759e-473e-bf8f-52154438565a/dotnetfx.exe","msfn-98se","excluded","class D; tags LAST; FREE; Microsoft"
"microsoftoffice2000","Microsoft Office 2000","","95","","","","commercial","","Microsoft (proprietary)","",,,"msfn-95","excluded","status LAST (last version supporting Win95); class from source tag '$$$$'; release date per source: 1999-06-07; from reply by ppgrainbow (page 1), not in opening post list; Microsoft component; class from memory"
"microsoftofficeconverterpack","Microsoft Office Converter Pack","msfn-98se=97-2003","98SE","","","Office Programs","commercial","","Microsoft","",,"http://www.microsoft.com/downloads/details.aspx?FamilyID=cf196df0-70e5-4595-8a98-370278f40c57&DisplayLang=en","msfn-98se","excluded","class D; tags LAST; FREE; Microsoft"
"microsoftofficexp","Microsoft Office XP","","98SE","","","Office Programs","commercial","","commercial (per thread tag)","",,,"msfn-98se","excluded","class D; tags LAST; COMM; commercial"
"microsoftorca","Microsoft Orca","msfn-98se=2.0.3790.0","98SE","","","Programming","commercial","","Microsoft","",,,"msfn-98se","excluded","class D; tags LAST; FREE; Microsoft"
"microsoftoutlookexpress","Microsoft Outlook Express","msfn-98se=6","98SE","","","Email Clients","commercial","","Microsoft","",,,"msfn-98se","excluded","class D; tags LAST; FREE; Part of IE6 SP1; Microsoft component"
"microsoftpartnerpack","Microsoft Partner Pack","","98 SE/2000/ME/XP/2003","","Requires an Internet connection for downloading and up to 70 MB of disk space depending on selected programs. | Download separate programs: Some of these programs require Microsoft Installer (MSI) for Windows 98 SE/ME or Windows 2000 !","System Enhancers / Other Enhancement Tools","commercial","","Microsoft (proprietary)","",,"http://download.microsoft.com/download/8/A/3/8A34A4A3-28B2-4E36-AC51-9C2E1607EF17/MicrosoftPartnerPackPrerequisites.exe","mdgx-toy","excluded","class from source tag 'free' (entry text); Microsoft component: source tag describes a free download, not redistribution rights; Microsoft component; class from memory"
"microsoftplatformsdkforwindowsserver2003r2","Microsoft Platform SDK for Windows Server 2003 R2","","98SE","","","Programming","commercial","","Microsoft","",,"http://www.microsoft.com%2Fdownloads%2Fdet...isplayLang%3Den","msfn-98se","excluded","class D; tags LAST; FREE; Microsoft"
"microsoftplusforwindows9898sp198sezipfoldersdunzip32dll","Microsoft Plus! for Windows 98/98 SP1/98 SE ZIP Folders DUNZIP32.DLL 3.00.18, DZIP32.DLL 3.00.18 + ZIPFLDR.DLL 5.0.531.0 Security Vulnerability Fix","","98/98 SP1/98 SE","","","Windows 98 SE Updates + Fixes","commercial","","Microsoft (proprietary)","","http://technet.microsoft.com/library/security/ms02-054.aspx","http://download.microsoft.com/download/WIN98/UPDATE/25556/W98/EN-US/329048USA8.EXE","mdgx-web","excluded","Microsoft component; class from memory"
"microsoftpowerpoint2003viewer","Microsoft PowerPoint 2003 Viewer","msfn-98se=2003","98SE","","","Office Programs","commercial","","Microsoft","",,"http://www.microsoft.com/downloads/details.aspx?FamilyID=428d5727-43ab-4f24-90b7-a94784af71a4&DisplayLang=en","msfn-98se","excluded","class D; tags LAST; FREE; Viewer; 97-2003; Microsoft"
"microsoftpowertoys95set","Microsoft Power Toys 95 Set","","95/OSR1/OSR2/NT4","","","System + Registry Tweakers","commercial","","Microsoft (proprietary)","","ftp://ftp.microsoft.com/peropsys/win_news/FreeSoftware/Powertoy.txt","https://web.archive.org/web/20120206031214/http://download.microsoft.com/download/5/2/e/52e8fd68-e528-4995-abe2-5644583536e1/W95powertoy.exe","mdgx-toy","excluded","label: Power Toys 95; class from source tag 'final release, free, unsupported' (entry text); Microsoft component: source tag describes a free download, not redistribution rights; Microsoft component; class from memory; source says unsupported"
"microsoftreader","Microsoft Reader","osr-final=2.1.1","Windows 98/ME","","","Document Viewer (PDFs)","freeware-unclear","","","",,,"osr-final","excluded","source flag FV (final working version); class from memory; Microsoft component (excluded for now)"
"microsoftregcleanbuild","Microsoft RegClean build 7364.1","mdgx-toy=4.1a","9x/NT/2000/ME","","","System + Registry Fixers","commercial","","Microsoft (proprietary)","","http://www.createwindow.com/wininfo/regclean.htm","ftp://ftp.swcp.com/pub/pc/win95/regclean.exe","mdgx-toy","excluded","class from source tag 'free, unsupported' (entry text); Microsoft component: source tag describes a free download, not redistribution rights; Microsoft component; class from memory; source marks it discontinued; source says unsupported"
"microsoftregmaid","Microsoft RegMaid","mdgx-toy=1.1","9x/NT/2000/ME/XP/2003","","","System + Registry Fixers","commercial","","Microsoft (proprietary)","","http://support.microsoft.com/help/156078","http://download.microsoft.com/download/vb60ent/samp5/1/WIN98/EN-US/RegMaid.exe","mdgx-toy","excluded","class from source tag 'free, unsupported' (entry text); Microsoft component: source tag describes a free download, not redistribution rights; Microsoft component; class from memory; source says unsupported"
"microsoftremotedesktopconnectionsoftwarexpsp2","Microsoft Remote Desktop Connection Software XPSP2","msfn-98se=5.1.2600.2180","98SE","","","Connectivity","commercial","","Microsoft","",,"http://www.microsoft.com/downloads/details.aspx?FamilyID=80111f21-d48d-426e-96c2-08aa2bd23a49%26DisplayLang%3Den","msfn-98se","excluded","class D; tags LAST; FREE; Microsoft"
"microsoftremotedesktopwebconnectionxpsp2","Microsoft Remote Desktop Web Connection XPSP2","msfn-98se=5.1.2600.2180","98SE","","","Connectivity","commercial","","Microsoft","",,"http://www.microsoft.com/downloads/details.aspx?FamilyID=469eee3a-45b4-4b40-b695-b678646a728b%26DisplayLang%3Den","msfn-98se","excluded","class D; tags LAST; FREE; Microsoft"
"microsoftshrdll","Microsoft ShrDll","mdgx-toy=1.0.8035.0","9x/ME","","","System + Registry Fixers","commercial","","Microsoft (proprietary)","","http://support.microsoft.com/help/217165","http://download.microsoft.com/download/vstudio60pro/Utility/1/WIN98/EN-US/Sharedll.exe","mdgx-toy","excluded","class from source tag 'free, unsupported' (entry text); Microsoft component: source tag describes a free download, not redistribution rights; Microsoft component; class from memory; source marks it discontinued; source says unsupported"
"microsoftspeechsdk","Microsoft Speech SDK","osr-final=5.1","Windows 98/ME","","","Text-to-Speech Software","freeware-unclear","","","",,,"osr-final","excluded","source flag FV (final working version); qualifier: Microsoft Sam/Mike/Mary; class from memory; Microsoft component (excluded for now)"
"microsofttweakui","Microsoft TweakUI","msfn-98se=1.33","98SE","","","Windows Utilities","commercial","","Microsoft","",,"http://www.download.com/3000-2341-2830963.html","msfn-98se","excluded","class D; tags LAST; FREE; Microsoft"
"microsoftusbflashdrivemanager","Microsoft USB Flash Drive Manager","","XP","","","System Enhancers / Other Enhancement Tools","commercial","","Microsoft (proprietary)","",,"http://download.microsoft.com/download/D/8/3/D8342425-FAEE-4786-A98D-A2BA5B4D7DD8/UFDSetupWizard.msi","mdgx-toy","excluded","class from source tag 'free, right-click to save!' (entry text); Microsoft component: source tag describes a free download, not redistribution rights; Microsoft component; class from memory"
"microsoftvisio2002viewer","Microsoft Visio 2002 Viewer","msfn-98se=2002","98SE","","","Office Programs","commercial","","Microsoft","",,"http://www.microsoft.com/downloads/details.aspx?FamilyID=8fad9237-c0a7-4b80-a5df-46ce54dad2df&DisplayLang=en","msfn-98se","excluded","class D; tags LAST; FREE; Viewer; 5-2002; Microsoft"
"microsoftvisualstudio","Microsoft Visual Studio","msfn-98se=6.0","98SE","","","Programming","commercial","","commercial (per thread tag)","",,,"msfn-98se","excluded","class D; tags LAST; COMM; commercial"
"microsoftwindiff","Microsoft WinDiff","msfn-98se=6.0.6000.16384","98SE","","","Windows Utilities","commercial","","Microsoft","",,,"msfn-98se","excluded","class D; tags ONGD; FREE; 6.0.6000.16384; Microsoft SDK tool"
"microsoftwindows9595aosr195bosr","Microsoft Windows 95/95a OSR1/95B OSR 2.0/2.1 UNC Share SHELL32.DLL 4.00.955 Fix","","95/95a OSR1/95B OSR 2.0","","","Windows 95 Updates + Fixes","commercial","","Microsoft (proprietary)","","http://support.microsoft.com/help/160807","https://www.mdgx.com/files/SHELLUPD.EXE","mdgx-web","excluded","Microsoft component; class from memory"
"microsoftwindows9595aosr1smartesdi506pdr","Microsoft Windows 95/95a OSR1 S.M.A.R.T. ESDI_506.PDR 4.00.1116, SMARTVSD.VXD 4.00.1111 + VOLTRACK.VXD 4.00.954 Update","","95/95a OSR1","","","Windows 95 Updates + Fixes","commercial","","Microsoft (proprietary)","","http://support.microsoft.com/help/252215/","https://www.mdgx.com/files/Q252215.EXE","mdgx-web","excluded","Microsoft component; class from memory"
"microsoftwindows95aosr195b95cosr2xdatafaxvoicemodemsunimodem","Microsoft Windows 95a OSR1/95B/95C OSR2.x Data/Fax/Voice Modems Unimodem V 4.10.1343 Update","","95a OSR1/95B/95C OSR2.x","","","Windows 95 Updates + Fixes","commercial","","Microsoft (proprietary)","","http://www.microsoft.com/whdc/archive/directions.mspx","http://www.soft-haus.com/vsoft/files/a5582.zip","mdgx-web","excluded","Microsoft component; class from memory"
"microsoftwindows95b95cosr","Microsoft Windows 95B/95C OSR 2.0/2.1/2.5 USB Service Update Packs MUST be installed in this EXACT order","","95B/95C OSR 2.0","","Microsoft Windows 95B/95C OSR 2.0/2.1/2.5 USB Service Update Packs MUST be installed in this EXACT order (English): USBMan OSR 2.x USB Service Packs install Guide .","Windows 95B/95C OSR2 Updates + Fixes","commercial","","Microsoft (proprietary)","","http://www.usbman.com/Win95%20USB%20Guide.htm","http://www.usbman.com/WebDrivers/Intel%20USB%20System%20Check/USBREADY.EXE","mdgx-web","excluded","class from source tag 'freeware' (entry text); Microsoft component: source tag describes a free download, not redistribution rights; Microsoft component; class from memory"
"microsoftwindows95b95cosr298ipferrornwnp32dll","Microsoft Windows 95B/95C OSR2/98 IPF Error NWNP32.DLL 4.10.2000 Fix","","95B/95C OSR2/98","","Requires Microsoft Client for Netware Networks or Novell Netware Client 3.x/4.x already installed!","WINDOWS 98 ESSENTIAL FREE UPGRADES + FIXES","commercial","","Microsoft (proprietary)","","http://support.microsoft.com/help/192249","http://download.microsoft.com/download/win98/update/2/w98/en-us/nwnp32.exe","mdgx-web","excluded","Microsoft component; class from memory"
"microsoftwindows95b95cosr2x8gbnonmsdospartitionerrorsfdiskexefix","Microsoft Windows 95B/95C OSR 2.x 8 GB Non-MS-DOS Partition Errors FDISK.EXE Fix","","95B/95C OSR 2.x","","","Windows 95B/95C OSR2 Updates + Fixes","commercial","","Microsoft (proprietary)","","http://support.microsoft.com/help/245213","https://www.mdgx.com/files/Q245213.EXE","mdgx-web","excluded","Microsoft component; class from memory"
"microsoftwindows95b95cosr2xamdcpus350mhzprotectionerrorntkernvxdesdi506pdrhsfloppdrscsiportpdrcdfsvxddisktsdvxdint13vxdiosvxd+vfbackupvxdfix","Microsoft Windows 95B/95C OSR 2.x AMD CPUs > 350 MHz Protection Error NTKERN.VXD ( OSR 2.1 ONLY! ), ESDI_506.PDR, HSFLOP.PDR, SCSIPORT.PDR, CDFS.VXD, DISKTSD.VXD, INT13.VXD, IOS.VXD + VFBACKUP.VXD Fix","","95B/95C OSR 2.x","","Requires 90 MHz or faster x86 CPU + minimum 32 MB RAM!","Windows 95B/95C OSR2 Updates + Fixes","commercial","","Microsoft (proprietary)","","http://support.microsoft.com/help/192841","http://download.microsoft.com/download/win95upg/patch/1.2/w95/en-us/amdk6upd.exe","mdgx-web","excluded","Microsoft component; class from memory"
"microsoftwindows95b95cosr2xatapicdromchangerminiporterrorsatapchngvxd","Microsoft Windows 95B/95C OSR 2.x ATAPI CD-ROM Changer Miniport Errors ATAPCHNG.VXD 4.00.1112 Fix","","95B/95C OSR 2.x","","","Windows 95B/95C OSR2 Updates + Fixes","commercial","","Microsoft (proprietary)","","http://support.microsoft.com/help/194936","https://www.mdgx.com/files/ATAPCUPD.EXE","mdgx-web","excluded","Microsoft component; class from memory"
"microsoftwindows95b95cosr2xcardbusadapterlockupvmmvxd","Microsoft Windows 95B/95C OSR 2.x CardBus Adapter Lockup VMM.VXD 4.03.1217 Fix","","95B/95C OSR 2.x","","Requires USB Service Update Pack (USBSUP) already installed!","Windows 95B/95C OSR2 Updates + Fixes","commercial","","Microsoft (proprietary)","","http://support.microsoft.com/help/247965","https://www.mdgx.com/files/Q247965.EXE","mdgx-web","excluded","Microsoft component; class from memory"
"microsoftwindows95b95cosr2xcddvddriveerrorscdvsdvxd","Microsoft Windows 95B/95C OSR 2.x CD/DVD Drive Errors CDVSD.VXD 4.00.1113 Fix","","95B/95C OSR 2.x","","","Windows 95B/95C OSR2 Updates + Fixes","commercial","","Microsoft (proprietary)","",,"https://www.mdgx.com/files/CDVSDUPD.EXE","mdgx-web","excluded","Microsoft component; class from memory"
"microsoftwindows95b95cosr2xcompatibilitymodewithlargeharddiskesdi506pdr","Microsoft Windows 95B/95C OSR 2.x Compatibility Mode With Large Hard Disk ESDI_506.PDR 4.00.1119 Fix","","95B/95C OSR 2.x","","","Windows 95B/95C OSR2 Updates + Fixes","commercial","","Microsoft (proprietary)","","http://support.microsoft.com/help/175629","https://www.mdgx.com/files/Q175629.EXE","mdgx-web","excluded","Microsoft component; class from memory"
"microsoftwindows95b95cosr2xdriverupdateerrorssysdmcpl","Microsoft Windows 95B/95C OSR 2.x Driver Update Errors SYSDM.CPL 4.00.1112 Fix","","95B/95C OSR 2.x","","","Windows 95B/95C OSR2 Updates + Fixes","commercial","","Microsoft (proprietary)","","http://support.microsoft.com/help/170325","https://www.mdgx.com/files/SYSDMUPD.EXE","mdgx-web","excluded","Microsoft component; class from memory"
"microsoftwindows95b95cosr2xgpfipferrorsmsgsrv32exe","Microsoft Windows 95B/95C OSR 2.x GPF/IPF Errors MSGSRV32.EXE 4.00.1112 Fix","","95B/95C OSR 2.x","","","Windows 95B/95C OSR2 Updates + Fixes","commercial","","Microsoft (proprietary)","","http://support.microsoft.com/help/188803","https://www.mdgx.com/files/MSGSRVUP.ZIP","mdgx-web","excluded","Microsoft component; class from memory"
"microsoftwindows95b95cosr2xls120portablecomputerundockerrorsiosvxd","Microsoft Windows 95B/95C OSR 2.x LS-120 Portable Computer Undock Errors IOS.VXD 4.00.1114 Fix","","95B/95C OSR 2.x","","Requires AMD CPUs Fix above already installed!","Windows 95B/95C OSR2 Updates + Fixes","commercial","","Microsoft (proprietary)","","http://support.microsoft.com/help/231942","https://www.mdgx.com/files/Q231942.EXE","mdgx-web","excluded","Microsoft component; class from memory"
"microsoftwindows95b95cosr2xoptifirestarchipsetnotrecognizedpcimppci","Microsoft Windows 95B/95C OSR 2.x OPTi FireStar Chipset Not Recognized PCIMP.PCI 4.00.1113 + MACHINE.INF Fix","","95B/95C OSR 2.x","","","Windows 95B/95C OSR2 Updates + Fixes","commercial","","Microsoft (proprietary)","","http://support.microsoft.com/help/174733","https://www.mdgx.com/files/PCIMPUPD.EXE","mdgx-web","excluded","Microsoft component; class from memory"
"microsoftwindows95b95cosr2xpccardpcivxd","Microsoft Windows 95B/95C OSR 2.x PC Card PCI.VXD 4.00.1122 Fix","","95B/95C OSR 2.x","","","Windows 95B/95C OSR2 Updates + Fixes","commercial","","Microsoft (proprietary)","","http://support.microsoft.com/help/192067","ftp://ftp.toshiba.ca/models/p3440/p3k4e5pc.exe","mdgx-web","excluded","Microsoft component; class from memory"
"microsoftwindows95b95cosr2xscsidevicesunassigneddrivelettersiosvxd","Microsoft Windows 95B/95C OSR 2.x SCSI Devices Unassigned Drive Letters IOS.VXD 4.00.1115 + CONFIGMG.VXD 4.00.1114 Fix","","95B/95C OSR 2.x","","","Windows 95B/95C OSR2 Updates + Fixes","commercial","","Microsoft (proprietary)","","http://support.microsoft.com/help/282901","https://www.mdgx.com/files/Q282901J.EXE","mdgx-web","excluded","Microsoft component; class from memory"
"microsoftwindows95b95cosr2xsmsremotecontrollockupgdi32dll+gdiexe","Microsoft Windows 95B/95C OSR 2.x SMS Remote Control Lockup GDI32.DLL + GDI.EXE 4.00.955 Fix","","95B/95C OSR 2.x","","","Windows 95B/95C OSR2 Updates + Fixes","commercial","","Microsoft (proprietary)","","http://support.microsoft.com/help/247578","https://www.mdgx.com/files/Q247578.EXE","mdgx-web","excluded","Microsoft component; class from memory"
"microsoftwindows95b95cosr2xstandbyresumeerrorvpowerdvxd","Microsoft Windows 95B/95C OSR 2.x Standby Resume Error VPOWERD.VXD 4.00.1112 Fix","","95B/95C OSR 2.x","","","Windows 95B/95C OSR2 Updates + Fixes","commercial","","Microsoft (proprietary)","","http://support.microsoft.com/help/162052","https://www.mdgx.com/files/VPWRUPD.EXE","mdgx-web","excluded","Microsoft component; class from memory"
"microsoftwindows95bosr","Microsoft Windows 95B OSR 2.0/2.1 International (other than U.S. English) Memory Leak IO.SYS Patches","","95B OSR 2.0","","","Windows 95B/95C OSR2 Updates + Fixes","commercial","","Microsoft (proprietary)","","http://www.microsoft.com/windows95/downloads/contents/wurecommended/s_wuservicepacks/pccard/","http://download.microsoft.com/download/win95/Update/5503/W95/EN-US/PCCARDUPD.EXE","mdgx-web","excluded","Microsoft component; class from memory"
"microsoftwindows95bosr2xzoomedvideocardmpegplaybacknoisesocketsvvxd","Microsoft Windows 95B OSR 2.x Zoomed Video Card MPEG Playback Noise SOCKETSV.VXD 4.00.1112 Fix","","95B OSR 2.x","","","Windows 95B/95C OSR2 Updates + Fixes","commercial","","Microsoft (proprietary)","","http://support.microsoft.com/help/161992","https://www.mdgx.com/files/SOCKSVUP.EXE","mdgx-web","excluded","Microsoft component; class from memory"
"microsoftwindows95osr1backuptoolbackupexefix","Microsoft Windows 95/OSR1 Backup Tool BACKUP.EXE Fix","","95/OSR1","","","Windows 95 Updates + Fixes","commercial","","Microsoft (proprietary)","","http://www.microsoft.com/windows95/downloads/contents/wurecommended/s_wuservicepacks/w95backupUpdate/","http://download.microsoft.com/download/7/1/B/71B10E42-7971-46D3-827B-56012E3F6E6A/W95BACKUPD2.EXE","mdgx-web","excluded","Microsoft component; class from memory"
"microsoftwindows95osr1cdromchangerdriveserroratapchngvxd","Microsoft Windows 95/OSR1 CD-ROM Changer Drives Error ATAPCHNG.VXD 4.00.951, CDVSD.VXD 4.00.952, SCSI1HLP.VXD 4.00.953, TORISAN3.VXD 4.00.952 + VOLTRACK.VXD 4.00.952 Fix","","95/OSR1","","","Windows 95 Updates + Fixes","commercial","","Microsoft (proprietary)","","http://support.microsoft.com/help/140510","http://download.microsoft.com/download/win95upg/cdrom_a/1.0/w95/en-us/cdchnger.exe","mdgx-web","excluded","Microsoft component; class from memory"
"microsoftwindows95osr1datafaxvoicemodemsunimodem","Microsoft Windows 95/OSR1 Data/Fax/Voice Modems Unimodem V 4.10.431 Update","","95/OSR1","","","Windows 95 Updates + Fixes","commercial","","Microsoft (proprietary)","","http://support.microsoft.com/help/139383","http://download.microsoft.com/download/win95upg/unimodem/1/W95/EN-US/unimodv.exe","mdgx-web","excluded","Microsoft component; class from memory"
"microsoftwindows95osr1floppydiskdriveserrorsesdi506pdr","Microsoft Windows 95/OSR1 Floppy Disk Drives Errors ESDI_506.PDR 4.00.1118, HSFLOP.PDR 4.00.1113, SCSIPORT.PDR 4.00.951, CDFS.VXD 4.00.952, DISKTSD.VXD 4.00.953, INT13.VXD 4.00.1112, IOS.VXD 4.00.1113 + VFBACKUP.VXD 4.00.1114 Fix","","95/OSR1","","Requires 90 MHz or faster x86 CPU + minimum 32 MB RAM!","Windows 95 Updates + Fixes","commercial","","Microsoft (proprietary)","","http://support.microsoft.com/help/159153","https://www.mdgx.com/files/FLOPUPD5.EXE","mdgx-web","excluded","Microsoft component; class from memory"
"microsoftwindows95osr1floppydriverhsfloppdr","Microsoft Windows 95/OSR1 Floppy Driver HSFLOP.PDR 4.00.951 Fix","","95/OSR1","","","Windows 95 Updates + Fixes","commercial","","Microsoft (proprietary)","","http://support.microsoft.com/help/145760","http://cdgenp01.csd.toshiba.com/content/support/downloads/hsflop.exe","mdgx-web","excluded","Microsoft component; class from memory"
"microsoftwindows95osr1hd+cddriveiosvxd","Microsoft Windows 95/OSR1 HD + CD Drive IOS.VXD 4.00.953 Fix","","95/OSR1","","","Windows 95 Updates + Fixes","commercial","","Microsoft (proprietary)","","http://support.microsoft.com/help/149563","http://download.microsoft.com/download/win95upg/tool_k/1.0/W95/EN-US/Iosupd.exe","mdgx-web","excluded","Microsoft component; class from memory"
"microsoftwindows95osr1infraredcommunicationsdriver","Microsoft Windows 95/OSR1 Infrared (IRDA) Communications Driver","mdgx-web=2.0 Update","95/OSR1","","","Windows 95 Updates + Fixes","commercial","","Microsoft (proprietary)","","http://support.microsoft.com/help/139445","http://download.microsoft.com/download/win95upg/w95util/1.0/W95/EN-US/w95ir.exe","mdgx-web","excluded","Microsoft component; class from memory"
"microsoftwindows95osr1lbaandint13ideharddiskdatalossdisktsdvxd","Microsoft Windows 95/OSR1 LBA and INT13 IDE Hard Disk Data Loss DISKTSD.VXD 4.00.952 Fix","","95/OSR1","","","Windows 95 Updates + Fixes","commercial","","Microsoft (proprietary)","","http://support.microsoft.com/help/148821","http://download.microsoft.com/download/win95upg/update/2/w95/EN-US/Dsktsupd.exe","mdgx-web","excluded","Microsoft component; class from memory"
"microsoftwindows95osr1openglglu32dll+opengl32dllfix","Microsoft Windows 95/OSR1 OpenGL GLU32.DLL + OPENGL32.DLL Fix","mdgx-web=1.1","95/OSR1","","","Windows 95 Updates + Fixes","commercial","","Microsoft (proprietary)","","http://support.microsoft.com/help/154877","http://download.microsoft.com/download/win95upg/info/1/w95/en-us/opengl95.exe","mdgx-web","excluded","Microsoft component; class from memory"
"microsoftwindows95osr1osr28levelsdeepfoldercddvdcopyerrorcdfsvxdfix","Microsoft Windows 95/OSR1/OSR2 8 Levels Deep Folder CD/DVD Copy Error CDFS.VXD (4.00.952 for Win95/95a OSR1 + 4.00.1113 for Win95B/95C OSR2) Fix","","95/OSR1/OSR2","","","Windows 95 Updates + Fixes","commercial","","Microsoft (proprietary)","","http://support.microsoft.com/help/274175","https://www.mdgx.com/files/Q274175.EXE","mdgx-web","excluded","Microsoft component; class from memory"
"microsoftwindows95osr1osr2cacheddomainpasswordmsnp32dll","Microsoft Windows 95/OSR1/OSR2 Cached Domain Password MSNP32.DLL 4.00.957 Security Vulnerability Fix","","95/OSR1/OSR2","","","Windows 95 Updates + Fixes","commercial","","Microsoft (proprietary)","","http://technet.microsoft.com/library/security/ms99-052.aspx","https://www.mdgx.com/files/KB168115.EXE","mdgx-web","excluded","Microsoft component; class from memory"
"microsoftwindows95osr1osr2cannotloadwindowsntuserprofilessyncengdll","Microsoft Windows 95/OSR1/OSR2 Cannot Load Windows NT User Profiles SYNCENG.DLL 4.00.951 Fix","","95/OSR1/OSR2","","","Windows 95 Updates + Fixes","commercial","","Microsoft (proprietary)","","http://support.microsoft.com/help/146867","https://www.mdgx.com/files/SYNCEUPD.EXE","mdgx-web","excluded","Microsoft component; class from memory"
"microsoftwindows95osr1osr2computerhangsafter","Microsoft Windows 95/OSR1/OSR2 Computer Hangs After 49.7 Days VTDAPI.VXD 4.00.950 Fix","","95/OSR1/OSR2","","","Windows 95 Updates + Fixes","commercial","","Microsoft (proprietary)","","http://support.microsoft.com/help/216641","http://download.microsoft.com/download/win95upg/update5/1/w95/EN-US/vtdapi95.exe","mdgx-web","excluded","Microsoft component; class from memory"
"microsoftwindows95osr1osr2dialupnetworkingupgrade","Microsoft Windows 95/OSR1/OSR2 Dial-Up Networking (DUN) Upgrade","mdgx-web=1.4","95/OSR1/OSR2","","","Windows 95 Updates + Fixes","commercial","","Microsoft (proprietary)","","https://web.archive.org/web/20050316085327/http://support.microsoft.com/help/285189","http://download.microsoft.com/download/win95/Update/17648/W95/EN-US/dun14-95.exe","mdgx-web","excluded","Microsoft component; class from memory"
"microsoftwindows95osr1osr2dosdeviceinpathnameifsmgrvxd","Microsoft Windows 95/OSR1/OSR2 DOS Device in Path Name IFSMGR.VXD 4.00.1116 Security Vulnerability Fix","","95/OSR1/OSR2","","","Windows 95 Updates + Fixes","commercial","","Microsoft (proprietary)","","http://support.microsoft.com/help/256015/","https://www.mdgx.com/files/KB256015.EXE","mdgx-web","excluded","Microsoft component; class from memory"
"microsoftwindows95osr1osr2duncannotdiallocalareacodetapi32dll","Microsoft Windows 95/OSR1/OSR2 DUN Cannot Dial Local Area Code TAPI32.DLL 4.10.1688 Fix","","95/OSR1/OSR2","","Requires TAPI 2.1 Update already installed!","Windows 95 Updates + Fixes","commercial","","Microsoft (proprietary)","","http://support.microsoft.com/help/180906","https://www.mdgx.com/files/TAPIUPD.EXE","mdgx-web","excluded","Microsoft component; class from memory"
"microsoftwindows95osr1osr2ecpportlptvxd","Microsoft Windows 95/OSR1/OSR2 ECP Port LPT.VXD 4.00.955 Fix","","95/OSR1/OSR2","","","Windows 95 Updates + Fixes","commercial","","Microsoft (proprietary)","","http://support.microsoft.com/help/137152","https://www.mdgx.com/files/PRNT5UPD.EXE","mdgx-web","excluded","Microsoft component; class from memory"
"microsoftwindows95osr1osr2grouppolicieserroronwindowsntdomaingrouppoldllfix","Microsoft Windows 95/OSR1/OSR2 Group Policies Error On Windows NT Domain GROUPPOL.DLL Fix","","95/OSR1/OSR2","","","Windows 95 Updates + Fixes","commercial","","Microsoft (proprietary)","","http://support.microsoft.com/help/150687","https://www.mdgx.com/files/GROUPUPD.EXE","mdgx-web","excluded","Microsoft component; class from memory"
"microsoftwindows95osr1osr2hardwareprofileerrorsiosysfix","Microsoft Windows 95/OSR1/OSR2 Hardware Profile Errors IO.SYS Fix","","95/OSR1/OSR2","","","Windows 95 Updates + Fixes","commercial","","Microsoft (proprietary)","","http://support.microsoft.com/help/185301","https://www.mdgx.com/files/IOSYSUPD.EXE","mdgx-web","excluded","Microsoft component; class from memory"
"microsoftwindows95osr1osr2idedriveresdi506pdr","Microsoft Windows 95/OSR1/OSR2 IDE Driver ESDI_506.PDR 4.00.1116 + VOLTRACK.VXD (4.00.954 for Win95/OSR1 + 4.00.1112 for Win95B/95C OSR2) Fix","","95/OSR1/OSR2","","","Windows 95 Updates + Fixes","commercial","","Microsoft (proprietary)","","http://support.microsoft.com/help/171353","https://www.mdgx.com/files/Q273468.EXE","mdgx-web","excluded","Microsoft component; class from memory"
"microsoftwindows95osr1osr2infrareddatatransfer","Microsoft Windows 95/OSR1/OSR2 Infrared (IRDA) Data Transfer","mdgx-web=1.0 Update","95/OSR1/OSR2","","","Windows 95 Updates + Fixes","commercial","","Microsoft (proprietary)","","http://www.microsoft.com/windows95/downloads/contents/wurecommended/s_wucommunications/w95infraredtrnsf/","http://download.microsoft.com/download/B/5/7/B57268BA-CD00-43A9-A0D4-1C1DA1C3E001/W95irxfer.exe","mdgx-web","excluded","Microsoft component; class from memory"
"microsoftwindows95osr1osr2iosfailedtoinitializermmpdr","Microsoft Windows 95/OSR1/OSR2 IOS Failed to Initialize RMM.PDR 4.00.1112 Fix","","95/OSR1/OSR2","","","Windows 95 Updates + Fixes","commercial","","Microsoft (proprietary)","","http://support.microsoft.com/help/157924","https://www.mdgx.com/files/IOSFIX.EXE","mdgx-web","excluded","Microsoft component; class from memory"
"microsoftwindows95osr1osr2malformedipxnmpipacketnwlinkvxd+vservervxdsecurityvulnerabilityfix","Microsoft Windows 95/OSR1/OSR2 Malformed IPX NMPI Packet NWLINK.VXD + VSERVER.VXD Security Vulnerability Fix","","95/OSR1/OSR2","","","Windows 95 Updates + Fixes","commercial","","Microsoft (proprietary)","","http://technet.microsoft.com/library/security/ms00-073.aspx","http://download.microsoft.com/download/win95/Update/11974/W95/EN-US/273727USA5.EXE","mdgx-web","excluded","Microsoft component; class from memory"
"microsoftwindows95osr1osr2malformedtelnetargumenttelnetexesecurityvulnerabilityfix","Microsoft Windows 95/OSR1/OSR2 Malformed Telnet Argument TELNET.EXE Security Vulnerability Fix","","95/OSR1/OSR2","","","Windows 95 Updates + Fixes","commercial","","Microsoft (proprietary)","","http://technet.microsoft.com/library/security/ms99-033.aspx","http://download.microsoft.com/download/win95upg/Update/10/W95/EN-US/telnet95.exe","mdgx-web","excluded","Microsoft component; class from memory"
"microsoftwindows95osr1osr2memorymanagementerrorswithpentiumcpusvmmvxdfix","Microsoft Windows 95/OSR1/OSR2 Memory Management Errors With Pentium CPUs VMM.VXD (4.00.1113 for Win95/95a OSR1 + 4.03.1216 for Win95B/95C OSR 2.0/2.5) Fix","","95/OSR1/OSR2","","","Windows 95 Updates + Fixes","commercial","","Microsoft (proprietary)","","http://support.microsoft.com/help/179897","https://www.mdgx.com/files/VMM2XUPD.EXE","mdgx-web","excluded","Microsoft component; class from memory"
"microsoftwindows95osr1osr2ncpfileerrornwredirvxd","Microsoft Windows 95/OSR1/OSR2 NCP File Error NWREDIR.VXD 4.00.1114 Fix","","95/OSR1/OSR2","","","Windows 95 Updates + Fixes","commercial","","Microsoft (proprietary)","","http://support.microsoft.com/help/242194","https://www.mdgx.com/files/Q242193.EXE","mdgx-web","excluded","Microsoft component; class from memory"
"microsoftwindows95osr1osr2ndiserrorsdlcvxd","Microsoft Windows 95/OSR1/OSR2 NDIS Errors DLC.VXD 4.10.996 Fix","","95/OSR1/OSR2","","","Windows 95 Updates + Fixes","commercial","","Microsoft (proprietary)","","http://support.microsoft.com/help/239918","https://www.mdgx.com/files/Q239918.EXE","mdgx-web","excluded","Microsoft component; class from memory"
"microsoftwindows95osr1osr2netbiosipxspxwithdialupnetworkingerrorsnwnblinkvxd","Microsoft Windows 95/OSR1/OSR2 NetBIOS IPX/SPX With Dial-Up Networking (DUN) Errors NWNBLINK.VXD 4.00.952 Fix","","95/OSR1/OSR2","","","Windows 95 Updates + Fixes","commercial","","Microsoft (proprietary)","","http://support.microsoft.com/help/175055","https://www.mdgx.com/files/NWNBLUPD.EXE","mdgx-web","excluded","Microsoft component; class from memory"
"microsoftwindows95osr1osr2netwareserversdelaysvcachevxdfix","Microsoft Windows 95/OSR1/OSR2 NetWare Servers Delays VCACHE.VXD (4.00.950 for Win95/95a OSR1 + 4.00.1111 for Win95B/95C OSR2) Fix","","95/OSR1/OSR2","","","Windows 95 Updates + Fixes","commercial","","Microsoft (proprietary)","","http://support.microsoft.com/help/194827","https://www.mdgx.com/files/Q194827.EXE","mdgx-web","excluded","Microsoft component; class from memory"
"microsoftwindows95osr1osr2networkneighborhooderrorsvredirvxd","Microsoft Windows 95/OSR1/OSR2 Network Neighborhood Errors VREDIR.VXD 4.00.1122 Fix","","95/OSR1/OSR2","","","Windows 95 Updates + Fixes","commercial","","Microsoft (proprietary)","","http://support.microsoft.com/help/238853","https://www.mdgx.com/files/Q238853.EXE","mdgx-web","excluded","Microsoft component; class from memory"
"microsoftwindows95osr1osr2nofindpolicyerrorexplorerexe","Microsoft Windows 95/OSR1/OSR2 NoFind Policy Error EXPLORER.EXE 4.00.952 Fix","","95/OSR1/OSR2","","","Windows 95 Updates + Fixes","commercial","","Microsoft (proprietary)","","http://support.microsoft.com/help/172648","https://www.mdgx.com/files/EXPLUPD.EXE","mdgx-web","excluded","Microsoft component; class from memory"
"microsoftwindows95osr1osr2passwordmprservdllfix","Microsoft Windows 95/OSR1/OSR2 Password MPRSERV.DLL Fix","","95/OSR1/OSR2","","","Windows 95 Updates + Fixes","commercial","","Microsoft (proprietary)","","http://support.microsoft.com/help/241052","http://wireless.cisbg.com/soft/Cisco_Aironet/Utilities/Windows/acuv415015hotfix.zip","mdgx-web","excluded","Microsoft component; class from memory"
"microsoftwindows95osr1osr2passwordmprservdllnwnet32dllnwredirvxdpppmacvxdrasapi32dllvnetsupvxd+vredirvxdsecurityvulnerabilityfix","Microsoft Windows 95/OSR1/OSR2 Password MPRSERV.DLL, NWNET32.DLL, NWREDIR.VXD, PPPMAC.VXD, RASAPI32.DLL, VNETSUP.VXD + VREDIR.VXD Security Vulnerability Fix","","95/OSR1/OSR2","","","Windows 95 Updates + Fixes","commercial","","Microsoft (proprietary)","","http://support.microsoft.com/help/165402","http://download.microsoft.com/download/win95upg/osr1/1/W95/EN-US/secupd.exe","mdgx-web","excluded","Microsoft component; class from memory"
"microsoftwindows95osr1osr2pnpserialdevicesprinterinstallerrorserenumvxd","Microsoft Windows 95/OSR1/OSR2 PnP Serial Devices Printer Install Error SERENUM.VXD 4.10.2222 Fix","","95/OSR1/OSR2","","","Windows 95 Updates + Fixes","commercial","","Microsoft (proprietary)","","http://support.microsoft.com/help/242941","https://www.mdgx.com/files/Q242941.EXE","mdgx-web","excluded","Microsoft component; class from memory"
"microsoftwindows95osr1osr2postscriptprinterskipsblankpagespscriptdrv","Microsoft Windows 95/OSR1/OSR2 PostScript Printer Skips Blank Pages PSCRIPT.DRV 4.00.952 Fix","","95/OSR1/OSR2","","","Windows 95 Updates + Fixes","commercial","","Microsoft (proprietary)","","http://support.microsoft.com/help/153461","https://www.mdgx.com/files/PRNTUPD.EXE","mdgx-web","excluded","Microsoft component; class from memory"
"microsoftwindows95osr1osr2printqueueerrorsnwpp32dll","Microsoft Windows 95/OSR1/OSR2 Print Queue Errors NWPP32.DLL 4.00.956 Fix","","95/OSR1/OSR2","","","Windows 95 Updates + Fixes","commercial","","Microsoft (proprietary)","","http://support.microsoft.com/help/250876","https://www.mdgx.com/files/KB250876.EXE","mdgx-web","excluded","Microsoft component; class from memory"
"microsoftwindows95osr1osr2profiles+briefcaseerrorslinkinfodll","Microsoft Windows 95/OSR1/OSR2 Profiles + Briefcase Errors LINKINFO.DLL 4.00.951 Fix","","95/OSR1/OSR2","","","Windows 95 Updates + Fixes","commercial","","Microsoft (proprietary)","","http://support.microsoft.com/help/160808","https://www.mdgx.com/files/LINKIUPD.EXE","mdgx-web","excluded","Microsoft component; class from memory"
"microsoftwindows95osr1osr2regionalsettingserrorskernel32dll+mprservdll","Microsoft Windows 95/OSR1/OSR2 Regional Settings Errors KERNEL32.DLL (4.00.952 for Win95/95a OSR1, 4.00.1112 for Win95B OSR 2.0 + 4.03.1216 for Win95B/95C OSR 2.1/2.5) + MPRSERV.DLL 4.00.962 Fix","","95/OSR1/OSR2","","","Windows 95 Updates + Fixes","commercial","","Microsoft (proprietary)","","http://support.microsoft.com/help/175086","https://www.mdgx.com/files/Q175086.EXE","mdgx-web","excluded","Microsoft component; class from memory"
"microsoftwindows95osr1osr2screensaverpasswordvulnerabilitypasswordcpl","Microsoft Windows 95/OSR1/OSR2 Screen Saver Password Vulnerability PASSWORD.CPL 4.00.954 Fix","","95/OSR1/OSR2","","","Windows 95 Updates + Fixes","commercial","","Microsoft (proprietary)","","http://support.microsoft.com/help/237956","https://www.mdgx.com/files/Q237956.EXE","mdgx-web","excluded","Microsoft component; class from memory"
"microsoftwindows95osr1osr2shelluncheckedbufferarbitrarycodeexecutionshell32dll","Microsoft Windows 95/OSR1/OSR2 Shell Unchecked Buffer Arbitrary Code Execution SHELL32.DLL 4.72.3812.600 Security Vulnerability Fix","","95/OSR1/OSR2","","Requires MS IE 5.5 SP2 already installed with Active Desktop (View As Web Page) enabled!","Windows 95 Updates + Fixes","commercial","","Microsoft (proprietary)","","http://technet.microsoft.com/library/security/ms02-014.aspx","http://download.microsoft.com/download/ie4095/actdesk/4.01_sp2/W9XNT4/EN-US/q313829.exe","mdgx-web","excluded","Microsoft component; class from memory"
"microsoftwindows95osr1osr2shutdownlockupuser32dll+userexe","Microsoft Windows 95/OSR1/OSR2 Shutdown Lockup USER32.DLL + USER.EXE 4.00.954 Fix","","95/OSR1/OSR2","","","Windows 95 Updates + Fixes","commercial","","Microsoft (proprietary)","","http://support.microsoft.com/help/242934","https://www.mdgx.com/files/Q242934.EXE","mdgx-web","excluded","Microsoft component; class from memory"
"microsoftwindows95osr1osr2supportassistantselfhelphelpfiles","Microsoft Windows 95/OSR1/OSR2 Support Assistant Self-Help Help Files","","95/OSR1/OSR2","","","Windows 95 Updates + Fixes","commercial","","Microsoft (proprietary)","","http://support.microsoft.com/help/134363","http://download.microsoft.com/download/win95upg/Utility/2/W9X/EN-US/assist.exe","mdgx-web","excluded","Microsoft component; class from memory"
"microsoftwindows95osr1osr2systemdateerrortimedatecpl","Microsoft Windows 95/OSR1/OSR2 System Date Error TIMEDATE.CPL 4.00.955 Fix","","95/OSR1/OSR2","","","Windows 95 Updates + Fixes","commercial","","Microsoft (proprietary)","","http://support.microsoft.com/help/237493","https://www.mdgx.com/files/Q237493.EXE","mdgx-web","excluded","Microsoft component; class from memory"
"microsoftwindows95osr1osr2tapi","Microsoft Windows 95/OSR1/OSR2 TAPI","mdgx-web=2.1 Update","95/OSR1/OSR2","","","Windows 95 Updates + Fixes","commercial","","Microsoft (proprietary)","",,"ftp://ftp.microsoft.com/developr/tapi/tapi2195.zip","mdgx-web","excluded","Microsoft component; class from memory"
"microsoftwindows95osr1osr2tcpipprematurelytransmittedpacketsvtcp386","Microsoft Windows 95/OSR1/OSR2 TCP/IP Prematurely Transmitted Packets VTCP.386 4.10.1658 Fix","","95/OSR1/OSR2","","","Windows 95 Updates + Fixes","commercial","","Microsoft (proprietary)","","http://support.microsoft.com/help/236926","http://download.microsoft.com/download/win95/update/3111/w95/en-us/236926usa5.exe","mdgx-web","excluded","Microsoft component; class from memory"
"microsoftwindows95osr1osr2tdinetworkprotocolproblemsvtdi386","Microsoft Windows 95/OSR1/OSR2 TDI Network Protocol Problems VTDI.386 4.00.951 Fix","","95/OSR1/OSR2","","","Windows 95 Updates + Fixes","commercial","","Microsoft (proprietary)","","http://support.microsoft.com/help/142254","https://www.mdgx.com/files/VTDIUPD.EXE","mdgx-web","excluded","Microsoft component; class from memory"
"microsoftwindows95osr1osr2tokenringservererrorsnetexefix","Microsoft Windows 95/OSR1/OSR2 Token Ring Server Errors NET.EXE Fix","","95/OSR1/OSR2","","","Windows 95 Updates + Fixes","commercial","","Microsoft (proprietary)","","http://support.microsoft.com/help/154684","https://www.mdgx.com/files/Q154684.EXE","mdgx-web","excluded","Microsoft component; class from memory"
"microsoftwindows95osr1osr2uncnameerrormprdll","Microsoft Windows 95/OSR1/OSR2 UNC Name Error MPR.DLL 4.00.951 + MPRSERV.DLL 4.00.964 Fix","","95/OSR1/OSR2","","","Windows 95 Updates + Fixes","commercial","","Microsoft (proprietary)","","http://support.microsoft.com/help/259110","https://www.mdgx.com/files/Q259110.EXE","mdgx-web","excluded","Microsoft component; class from memory"
"microsoftwindows95osr1osr2windows2000domainuserslisterrormsab32dll","Microsoft Windows 95/OSR1/OSR2 Windows 2000 Domain Users List Error MSAB32.DLL 4.00.950 Fix","","95/OSR1/OSR2","","","Windows 95 Updates + Fixes","commercial","","Microsoft (proprietary)","","http://support.microsoft.com/help/283032","https://www.mdgx.com/files/Q283032.EXE","mdgx-web","excluded","Microsoft component; class from memory"
"microsoftwindows95osr1osr2winsock","Microsoft Windows 95/OSR1/OSR2 Winsock 2.0 Error RNR20.DLL 4.10.1662 Fix","","95/OSR1/OSR2","","Requires Winsock Upgrade 2.0 already installed!","Windows 95 Updates + Fixes","commercial","","Microsoft (proprietary)","","http://support.microsoft.com/help/216470","https://www.mdgx.com/files/RNR20UPD.EXE","mdgx-web","excluded","Microsoft component; class from memory"
"microsoftwindows95osr1osr2winsockerrorsmswsockdll+rnr20dll","Microsoft Windows 95/OSR1/OSR2 Winsock Errors MSWSOCK.DLL + RNR20.DLL 4.10.1657 Fix","","95/OSR1/OSR2","","Requires Winsock Upgrade 2.0 already installed!","Windows 95 Updates + Fixes","commercial","","Microsoft (proprietary)","","http://support.microsoft.com/help/182644","https://www.mdgx.com/files/MSWS2UPD.EXE","mdgx-web","excluded","Microsoft component; class from memory"
"microsoftwindows95osr1osr2winsockoverspxerrorswsipxvxd","Microsoft Windows 95/OSR1/OSR2 WinSock Over SPX Errors WSIPX.VXD 4.00.956 Fix","","95/OSR1/OSR2","","","Windows 95 Updates + Fixes","commercial","","Microsoft (proprietary)","","http://support.microsoft.com/help/171352","https://www.mdgx.com/files/WSIPXUPD.EXE","mdgx-web","excluded","Microsoft component; class from memory"
"microsoftwindows95osr1osr2winsockupgrade","Microsoft Windows 95/OSR1/OSR2 Winsock (Windows Sockets) Upgrade","mdgx-web=2.0","95/OSR1/OSR2","","","Windows 95 Updates + Fixes","commercial","","Microsoft (proprietary)","","https://web.archive.org/web/20110302085642/http://support.microsoft.com/help/182108","https://web.archive.org/web/20110302085642/http://download.microsoft.com/download/0/e/0/0e05231b-6bd1-4def-a216-c656fbd22b4e/w95ws2setup.exe","mdgx-web","excluded","Microsoft component; class from memory"
"microsoftwindows95osr1osr2year2000updatevdhcp386commandcomtimedatecplcfgmgr32dllcomctl32dllmfc40dllmsvcrt40dllsetupapidllshell32dlldialerexewinfileexe+xcopyexefixes","Microsoft Windows 95/OSR1/OSR2 Year 2000 (Y2K) Update VDHCP.386, COMMAND.COM, TIMEDATE.CPL, CFGMGR32.DLL, COMCTL32.DLL, MFC40.DLL, MSVCRT40.DLL, SETUPAPI.DLL, SHELL32.DLL, DIALER.EXE, WINFILE.EXE + XCOPY(32).EXE Fixes","","95/OSR1/OSR2","","","Windows 95 Updates + Fixes","commercial","","Microsoft (proprietary)","","http://support.microsoft.com/help/225050","https://www.mdgx.com/files/W95Y2K.EXE","mdgx-web","excluded","Microsoft component; class from memory"
"microsoftwindows95osr1passwordcacheencryptionmspwl32dll+netexefix","Microsoft Windows 95/OSR1 Password Cache Encryption MSPWL32.DLL + NET.EXE Fix","","95/OSR1","","","Windows 95 Updates + Fixes","commercial","","Microsoft (proprietary)","","http://support.microsoft.com/help/132807","http://download.microsoft.com/download/win95/Update/95/w95/EN-US/mspwlupd.exe","mdgx-web","excluded","Microsoft component; class from memory"
"microsoftwindows95osr1printererrorsunidrvdll","Microsoft Windows 95/OSR1 Printer Errors UNIDRV.DLL 4.00.951 Fix","","95/OSR1","","","Windows 95 Updates + Fixes","commercial","","Microsoft (proprietary)","","http://support.microsoft.com/help/130508","https://www.mdgx.com/files/UNIDRUPD.EXE","mdgx-web","excluded","Microsoft component; class from memory"
"microsoftwindows95osr1scsiminiporterrorsscsiportpdr","Microsoft Windows 95/OSR1 SCSI Miniport Errors SCSIPORT.PDR 4.00.951 Fix","","95/OSR1","","","Windows 95 Updates + Fixes","commercial","","Microsoft (proprietary)","","http://support.microsoft.com/help/160667","https://www.mdgx.com/files/SCSIPUPD.EXE","mdgx-web","excluded","Microsoft component; class from memory"
"microsoftwindows95osr1socketkernel32dll","Microsoft Windows 95/OSR1 Socket KERNEL32.DLL 4.00.951 Fix","","95/OSR1","","","Windows 95 Updates + Fixes","commercial","","Microsoft (proprietary)","","http://www.microsoft.com/windows95/downloads/contents/wuadmintools/s_wunetworkingtools/w95kernel32/","http://download.microsoft.com/download/0/9/4/094ED635-18BD-4FC5-BC29-8EDB661857B9/w95krnlupd.exe","mdgx-web","excluded","Microsoft component; class from memory"
"microsoftwindows95osr1spoolerspoolssdll","Microsoft Windows 95/OSR1 Spooler SPOOLSS.DLL 4.00.953 Fix","","95/OSR1","","","Windows 95 Updates + Fixes","commercial","","Microsoft (proprietary)","","http://support.microsoft.com/help/167775","https://www.mdgx.com/files/SPOOLUPD.EXE","mdgx-web","excluded","Microsoft component; class from memory"
"microsoftwindows95osr1systemchecktool","Microsoft Windows 95/OSR1 System Check Tool (W95CHECK.EXE)","","95/OSR1","","","Windows 95 Updates + Fixes","commercial","","Microsoft (proprietary)","","http://support.microsoft.com/help/137047","http://download.microsoft.com/download/win95upg/utility1/1/w95/EN-US/ww1247.exe","mdgx-web","excluded","Microsoft component; class from memory"
"microsoftwindows95servicepack1upgradeswindows95standardeditiontowindows95aoemservicerelease1","Microsoft Windows 95 Service Pack 1 (SP1) upgrades Windows 95 Standard Edition to Windows 95a OEM Service Release 1 (OSR1)","","95","","","Windows 95 Service Pack 1 (SP1)","commercial","","Microsoft (proprietary)","","https://web.archive.org/web/20050205061307/http://support.microsoft.com/?kbid=142794","https://web.archive.org/web/20070222193927/http://download.microsoft.com/download/2/5/2/252f6ada-3c1b-4707-bbbe-41d8c20dc798/W95setup.exe","mdgx-web","excluded","label: 95 SP1; Microsoft component; class from memory"
"microsoftwindows9898sp1+98seupdates","Microsoft Windows 98, 98 SP1 + 98 SE Updates","","98","","","WINDOWS 98 SECOND EDITION (SE) ESSENTIAL FREE UPGRADES + FIXES","commercial","","Microsoft (proprietary)","","http://windowsupdate.microsoft.com/",,"mdgx-web","excluded","Microsoft component; class from memory"
"microsoftwindows9898sp198se+icsupnpuncheckedbuffersystemcompromisessdpapidllupnpdll+ssdpsrvexe","Microsoft Windows 98/98 SP1/98 SE + ICS UPnP Unchecked Buffer System Compromise SSDPAPI.DLL, UPNP.DLL + SSDPSRV.EXE 4.90.3003 Security Vulnerability Fix","","98/98 SP1/98 SE","","Requires Windows XP ICS client already installed!","Windows 98 SE Updates + Fixes","commercial","","Microsoft (proprietary)","","http://technet.microsoft.com/library/security/ms01-059.aspx","http://download.microsoft.com/download/win98SE/Patch/Q314941/W98/EN-US/314941USA8.EXE","mdgx-web","excluded","Microsoft component; class from memory"
"microsoftwindows9898sp198se8levelsdeepfoldercddvdcopyerrorcdfsvxd","Microsoft Windows 98/98 SP1/98 SE 8 Levels Deep Folder CD/DVD Copy Error CDFS.VXD 4.10.1999 Fix","","98/98 SP1/98 SE","","","Windows 98 SE Updates + Fixes","commercial","","Microsoft (proprietary)","","http://support.microsoft.com/help/274175","http://ftp.isu.edu.tw/pub/CPatch/msupdate/win98se-nsrc/backup/274175usa8.exe","mdgx-web","excluded","Microsoft component; class from memory"
"microsoftwindows9898sp198seaccessdeniederrorvfatvxd","Microsoft Windows 98/98 SP1/98 SE Access Denied Error VFAT.VXD 4.10.2223 Fix","","98/98 SP1/98 SE","","","Windows 98 SE Updates + Fixes","commercial","","Microsoft (proprietary)","","http://support.microsoft.com/help/277628","https://www.mdgx.com/files/Q277628.EXE","mdgx-web","excluded","Microsoft component; class from memory"
"microsoftwindows9898sp198seacpienabledlaptoperrorconfigmgvxd+iosysfix","Microsoft Windows 98/98 SP1/98 SE ACPI Enabled Laptop Error CONFIGMG.VXD (4.10.2103 for Win98/98 SP1 + 4.10.2223 for Win98 SE) + IO.SYS Fix","","98/98 SP1/98 SE","","","Windows 98 SE Updates + Fixes","commercial","","Microsoft (proprietary)","","http://support.microsoft.com/help/239697","http://www.autourdupc.com/Logiciel/WIN98/Softs/98SE/239697USA8.EXE","mdgx-web","excluded","Microsoft component; class from memory"
"microsoftwindows9898sp198secertificateflawdeletionxenrolldllsecurityvulnerabilityfix","Microsoft Windows 98/98 SP1/98 SE Certificate Flaw Deletion XENROLL.DLL Security Vulnerability Fix","","98/98 SP1/98 SE","","","Windows 98 SE Updates + Fixes","commercial","","Microsoft (proprietary)","","http://technet.microsoft.com/library/security/ms02-048.aspx","http://download.microsoft.com/download/WIN98/PATCH/24421/W98/EN-US/323172USA8.EXE","mdgx-web","excluded","Microsoft component; class from memory"
"microsoftwindows9898sp198secomputerhangsuser32dll+userexefix","Microsoft Windows 98/98 SP1/98 SE Computer Hangs USER32.DLL + USER.EXE (4.10.2001 for Win98/98 SP1 + 4.10.2231 for Win98 SE) Fix","","98/98 SP1/98 SE","","","Windows 98 SE Updates + Fixes","commercial","","Microsoft (proprietary)","","http://support.microsoft.com/help/291362","https://web.archive.org/web/20061111001126/http://ftp.isu.edu.tw/pub/CPatch/msupdate/win98se-nsrc/backup/291362usa8.exe","mdgx-web","excluded","Microsoft component; class from memory"
"microsoftwindows9898sp198sedigitalcdaudioerrorcdvsdvxdfix","Microsoft Windows 98/98 SP1/98 SE Digital CD Audio Error CDVSD.VXD (4.10.2186 for Win98/98 SP1 + 4.10.2226 for Win98 SE) Fix","","98/98 SP1/98 SE","","","Windows 98 SE Updates + Fixes","commercial","","Microsoft (proprietary)","","http://support.microsoft.com/help/274370","http://www.autourdupc.com/Logiciel/WIN98/Softs/98ETSE/274370usa8.exe","mdgx-web","excluded","Microsoft component; class from memory"
"microsoftwindows9898sp198sedirectsounderrordsounddll","Microsoft Windows 98/98 SP1/98 SE DirectSound Error DSOUND.DLL 4.07.00.0725 Fix","","98/98 SP1/98 SE","","","Windows 98 SE Updates + Fixes","commercial","","Microsoft (proprietary)","","http://support.microsoft.com/help/269604","https://www.mdgx.com/files/Q269604.EXE","mdgx-web","excluded","Microsoft component; class from memory"
"microsoftwindows9898sp198seharddisks64gbfdiskexefix","Microsoft Windows 98/98 SP1/98 SE Hard Disks > 64 GB FDISK.EXE Fix","","98/98 SP1/98 SE","","","Windows 98 SE Updates + Fixes","commercial","","Microsoft (proprietary)","","http://support.microsoft.com/help/263044","http://download.microsoft.com/download/Win98/Update/8266R/W98/EN-US/263044USA8.EXE","mdgx-web","excluded","Microsoft component; class from memory"
"microsoftwindows9898sp198sehyperterminalbufferoverflowhticonsdllhypertrmdll+hypertrmexesecurityvulnerabilityfix","Microsoft Windows 98/98 SP1/98 SE HyperTerminal Buffer Overflow HTICONS.DLL, HYPERTRM.DLL + HYPERTRM.EXE Security Vulnerability Fix","","98/98 SP1/98 SE","","","Windows 98 SE Updates + Fixes","commercial","","Microsoft (proprietary)","","http://technet.microsoft.com/library/security/ms00-079.aspx","http://download.microsoft.com/download/win98/Update/12395/W98/EN-US/274548USA8.EXE","mdgx-web","excluded","Microsoft component; class from memory"
"microsoftwindows9898sp198seicmdisplaycolormatchinggdi32dll+gdiexefix","Microsoft Windows 98/98 SP1/98 SE ICM Display Color Matching GDI32.DLL + GDI.EXE (4.10.2002 for Win98/98 SP1 + 4.10.2225 for Win98 SE) Fix","","98/98 SP1/98 SE","","","Windows 98 SE Updates + Fixes","commercial","","Microsoft (proprietary)","","http://support.microsoft.com/help/289635","http://ftp.isu.edu.tw/pub/CPatch/msupdate/win98se-nsrc/backup/289635usa8.exe","mdgx-web","excluded","Microsoft component; class from memory"
"microsoftwindows9898sp198seieee1394audiovideodevicehangohci1394sys","Microsoft Windows 98/98 SP1/98 SE IEEE 1394 (FireWire) Audio/Video Device Hang OHCI1394.SYS 4.10.2228 Fix","","98/98 SP1/98 SE","","","Windows 98 SE Updates + Fixes","commercial","","Microsoft (proprietary)","","http://support.microsoft.com/help/284837","http://ftp.isu.edu.tw/pub/CPatch/msupdate/win98se-nsrc/backup/284837usa8.exe","mdgx-web","excluded","Microsoft component; class from memory"
"microsoftwindows9898sp198seincorrectlyidentifiedintelcpusysdmcplfix","Microsoft Windows 98/98 SP1/98 SE Incorrectly Identified Intel CPU SYSDM.CPL (4.10.1999 for Win98/98 SP1 + 4.10.2223 for Win98 SE) Fix","","98/98 SP1/98 SE","","","Windows 98 SE Updates + Fixes","commercial","","Microsoft (proprietary)","","http://support.microsoft.com/help/216204","https://www.mdgx.com/files/Q216204.EXE","mdgx-web","excluded","Microsoft component; class from memory"
"microsoftwindows9898sp198seinfraredcommunicationlockupnscirdasys","Microsoft Windows 98/98 SP1/98 SE Infrared Communication Lockup NSCIRDA.SYS 4.10.1999 Fix","","98/98 SP1/98 SE","","","Windows 98 SE Updates + Fixes","commercial","","Microsoft (proprietary)","","http://support.microsoft.com/help/323708","https://www.mdgx.com/files/Q323708.EXE","mdgx-web","excluded","Microsoft component; class from memory"
"microsoftwindows9898sp198seinfraredfaxmodeminstallerrorirenumvxd","Microsoft Windows 98/98 SP1/98 SE Infrared Fax Modem Install Error IRENUM.VXD 4.10.2224 Fix","","98/98 SP1/98 SE","","","Windows 98 SE Updates + Fixes","commercial","","Microsoft (proprietary)","","http://support.microsoft.com/help/309081","http://ftp.isu.edu.tw/pub/CPatch/msupdate/win98se-nsrc/backup/309081usa8.exe","mdgx-web","excluded","Microsoft component; class from memory"
"microsoftwindows9898sp198seintellipointmousedrivervmousevxd","Microsoft Windows 98/98 SP1/98 SE IntelliPoint Mouse Driver VMOUSE.VXD 4.10.2225 Fix","","98/98 SP1/98 SE","","","Windows 98 SE Updates + Fixes","commercial","","Microsoft (proprietary)","",,"https://www.mdgx.com/files/Q318307.EXE","mdgx-web","excluded","Microsoft component; class from memory"
"microsoftwindows9898sp198sekerberosnetworkwinsock","Microsoft Windows 98/98 SP1/98 SE Kerberos Network Winsock 2.0 Error RNR20.DLL (4.10.2003 for Win98/98 SP1 + 4.10.2223 for Win98 SE) Fix","","98/98 SP1/98 SE","","","Windows 98 SE Updates + Fixes","commercial","","Microsoft (proprietary)","","http://support.microsoft.com/help/192425","https://www.mdgx.com/files/Q192425.EXE","mdgx-web","excluded","Microsoft component; class from memory"
"microsoftwindows9898sp198selongnamesgrouppolicyerrorgrouppoldllfix","Microsoft Windows 98/98 SP1/98 SE Long Names Group Policy Error GROUPPOL.DLL Fix","","98/98 SP1/98 SE","","","Windows 98 SE Updates + Fixes","commercial","","Microsoft (proprietary)","","http://support.microsoft.com/help/307004","http://ftp.isu.edu.tw/pub/CPatch/msupdate/win98se-nsrc/backup/307004usa8.exe","mdgx-web","excluded","Microsoft component; class from memory"
"microsoftwindows9898sp198semalformedipxnmpipacketnwlinkvxd+vservervxdsecurityvulnerabilityfix","Microsoft Windows 98/98 SP1/98 SE Malformed IPX NMPI Packet NWLINK.VXD + VSERVER.VXD Security Vulnerability Fix","","98/98 SP1/98 SE","","","Windows 98 SE Updates + Fixes","commercial","","Microsoft (proprietary)","","http://technet.microsoft.com/library/security/ms00-073.aspx","http://download.microsoft.com/download/win98/Update/11974/W98/EN-US/273727USA8.EXE","mdgx-web","excluded","Microsoft component; class from memory"
"microsoftwindows9898sp198semalformedtelnetargumenttelnetexesecurityvulnerabilityfix","Microsoft Windows 98/98 SP1/98 SE Malformed Telnet Argument TELNET.EXE Security Vulnerability Fix","","98/98 SP1/98 SE","","","Windows 98 SE Updates + Fixes","commercial","","Microsoft (proprietary)","","http://technet.microsoft.com/library/security/ms99-033.aspx","http://download.microsoft.com/download/e/9/6/e96ff524-06fe-40b0-b98b-eb45e070d5d0/TelnetUp.EXE","mdgx-web","excluded","Microsoft component; class from memory"
"microsoftwindows9898sp198sememoryleakatmunisys","Microsoft Windows 98/98 SP1/98 SE Memory Leak ATMUNI.SYS 5.0.1931.1 Fix","","98/98 SP1/98 SE","","","Windows 98 SE Updates + Fixes","commercial","","Microsoft (proprietary)","","http://support.microsoft.com/help/278368","http://ftp.isu.edu.tw/pub/CPatch/msupdate/win98se-nsrc/backup/278368usa8.exe","mdgx-web","excluded","Microsoft component; class from memory"
"microsoftwindows9898sp198semsdosharddiskerrorsiosysfix","Microsoft Windows 98/98 SP1/98 SE MS-DOS Hard Disk Errors IO.SYS Fix","","98/98 SP1/98 SE","","","Windows 98 SE Updates + Fixes","commercial","","Microsoft (proprietary)","","http://support.microsoft.com/help/311561","http://download.microsoft.com/download/Win98/Patch/22527/W98/EN-US/311561USA8.EXE","mdgx-web","excluded","Microsoft component; class from memory"
"microsoftwindows9898sp198semulticastpacketswithttl0tcpiperrorsvip386ndisvxd+pppmacvxdfix","Microsoft Windows 98/98 SP1/98 SE Multicast Packets With TTL=0 TCP/IP Errors VIP.386 (4.10.2004 for Win98/98 SP1 + 4.10.2228 for Win98 SE), NDIS.VXD (4.10.2001 for Win98/98 SP1 + 4.10.2226 for Win98 SE) + PPPMAC.VXD (4.10.2003 for Win98/98 SP1 + 4.10.2223 for Win98 SE) Fix","","98/98 SP1/98 SE","","Microsoft Windows 98/98 SP1/98 SE Multicast Packets With TTL=0 TCP/IP Errors VIP.386 (4.10.2004 for Win98/98 SP1 + 4.10.2228 for Win98 SE), NDIS.VXD (4.10.2001 for Win98/98 SP1 + 4.10.2226 for Win98 SE) + PPPMAC.VXD (4.10.2003 for Win98/98 SP1 + 4.10.2223 f...","Windows 98 SE Updates + Fixes","commercial","","Microsoft (proprietary)","","http://support.microsoft.com/help/301453","https://www.mdgx.com/files/Q301453.EXE","mdgx-web","excluded","Microsoft component; class from memory"
"microsoftwindows9898sp198sencpfileerrornwredirvxd","Microsoft Windows 98/98 SP1/98 SE NCP File Error NWREDIR.VXD 4.10.2225 Fix","","98/98 SP1/98 SE","","","Windows 98 SE Updates + Fixes","commercial","","Microsoft (proprietary)","","http://support.microsoft.com/help/242193","http://ftp.isu.edu.tw/pub/CPatch/msupdate/win98se-nsrc/backup/242193usa8.exe","mdgx-web","excluded","Microsoft component; class from memory"
"microsoftwindows9898sp198senetbiosspoofingvnbt386securityvulnerabilityfix","Microsoft Windows 98/98 SP1/98 SE NetBIOS Spoofing VNBT.386 (4.10.1721 for Win98/98 SP1 + 4.10.2149 for Win98 SE) Security Vulnerability Fix","","98/98 SP1/98 SE","","","Windows 98 SE Updates + Fixes","commercial","","Microsoft (proprietary)","","http://technet.microsoft.com/library/security/ms00-047.aspx","http://ftp.isu.edu.tw/pub/CPatch/msupdate/win98se-nsrc/backup/264650usa8.exe","mdgx-web","excluded","Microsoft component; class from memory"
"microsoftwindows9898sp198seopenglipferroropengl32dll","Microsoft Windows 98/98 SP1/98 SE OpenGL IPF Error OPENGL32.DLL 4.1.1381.7035 Fix","mdgx-web=4.00","98/98 SP1/98 SE","","","Windows 98 SE Updates + Fixes","commercial","","Microsoft (proprietary)","","http://support.microsoft.com/help/240896","https://www.mdgx.com/files/Q240896.EXE","mdgx-web","excluded","Microsoft component; class from memory"
"microsoftwindows9898sp198sepasswordmprservdllfix","Microsoft Windows 98/98 SP1/98 SE Password MPRSERV.DLL Fix","","98/98 SP1/98 SE","","","Windows 98 SE Updates + Fixes","commercial","","Microsoft (proprietary)","","http://support.microsoft.com/help/241052","http://ftp.isu.edu.tw/pub/CPatch/msupdate/win98se-nsrc/backup/241052usa8.exe","mdgx-web","excluded","Microsoft component; class from memory"
"microsoftwindows9898sp198sepowermanagementtroubleshooterpmtshootexe","Microsoft Windows 98/98 SP1/98 SE Power Management Troubleshooter PMTSHOOT.EXE 1.30 + PMTSHOOT.VXD 1.10.0001 Update","","98/98 SP1/98 SE","","","Windows 98 SE Updates + Fixes","commercial","","Microsoft (proprietary)","","http://support.microsoft.com/help/185949","http://download.microsoft.com/download/win98se/utility/1/w98/EN-US/pmtshoot.exe","mdgx-web","excluded","Microsoft component; class from memory"
"microsoftwindows9898sp198seprintqueueerrorsnwpp32dllfix","Microsoft Windows 98/98 SP1/98 SE Print Queue Errors NWPP32.DLL (4.10.1999 for Win98/98 SP1 + 4.10.2224 for Win98 SE) Fix","","98/98 SP1/98 SE","","","Windows 98 SE Updates + Fixes","commercial","","Microsoft (proprietary)","","http://support.microsoft.com/help/250876","https://www.mdgx.com/files/Q250876.EXE","mdgx-web","excluded","Microsoft component; class from memory"
"microsoftwindows9898sp198seremoteupdateerrorwithwindows2000serverupdatemoderegfix","Microsoft Windows 98/98 SP1/98 SE Remote Update Error With Windows 2000 Server UpdateMode REG Fix","","98/98 SP1/98 SE","","","Windows 98 SE Updates + Fixes","commercial","","Microsoft (proprietary)","","http://support.microsoft.com/help/258765","https://www.mdgx.com/files/Q258765.EXE","mdgx-web","excluded","Microsoft component; class from memory"
"microsoftwindows9898sp198seresourcekittaskpadsscriptingsecurityvulnerabilityfix","Microsoft Windows 98/98 SP1/98 SE Resource Kit (RK) Taskpads Scripting Security Vulnerability Fix","","98/98 SP1/98 SE","","","Windows 98 SE Updates + Fixes","commercial","","Microsoft (proprietary)","","http://technet.microsoft.com/library/security/ms99-007.aspx","ftp://ftp.microsoft.com/reskit/win98/taskpads/tmcpatch.exe","mdgx-web","excluded","Microsoft component; class from memory"
"microsoftwindows9898sp198sescandiskerrorswithideharddisks32gbesdi506pdrfix","Microsoft Windows 98/98 SP1/98 SE ScanDisk Errors With (E)IDE Hard Disks > 32 GB ESDI_506.PDR (4.10.2186 for Win98/98 SP1 + 4.10.2225 for Win98 SE) Fix","","98/98 SP1/98 SE","","","Windows 98 SE Updates + Fixes","commercial","","Microsoft (proprietary)","","http://support.microsoft.com/help/243450","http://download.microsoft.com/download/win98SE/Update/5638-6151/W98/EN-US/243450USA8.EXE","mdgx-web","excluded","Microsoft component; class from memory"
"microsoftwindows9898sp198seshelluncheckedbufferarbitrarycodeexecutionshell32dll","Microsoft Windows 98/98 SP1/98 SE Shell Unchecked Buffer Arbitrary Code Execution SHELL32.DLL 4.72.3812.600 Security Vulnerability Fix","","98/98 SP1/98 SE","","","Windows 98 SE Updates + Fixes","commercial","","Microsoft (proprietary)","","http://technet.microsoft.com/library/security/ms02-014.aspx","http://download.microsoft.com/download/ie4095/actdesk/4.01_sp2/W9XNT4/EN-US/q313829.exe","mdgx-web","excluded","Microsoft component; class from memory"
"microsoftwindows9898sp198seslowofficedocs+koreanhtmlpageskernel32dllfix","Microsoft Windows 98/98 SP1/98 SE Slow Office DOCs + Korean HTML Pages KERNEL32.DLL (4.10.2001 for Win98/98 SP1 + 4.10.2225 for Win98 SE) Fix","","98/98 SP1/98 SE","","","Windows 98 SE Updates + Fixes","commercial","","Microsoft (proprietary)","","http://support.microsoft.com/help/320798","https://www.mdgx.com/files/Q320798.EXE","mdgx-web","excluded","Microsoft component; class from memory"
"microsoftwindows9898sp198sesystemdateerrortimedatecplfix","Microsoft Windows 98/98 SP1/98 SE System Date Error TIMEDATE.CPL (4.10.2006 for Win98/98 SP1 + 4.10.2225 for Win98 SE) Fix","","98/98 SP1/98 SE","","","Windows 98 SE Updates + Fixes","commercial","","Microsoft (proprietary)","","http://support.microsoft.com/help/237493","http://ftp.isu.edu.tw/pub/CPatch/msupdate/win98se-nsrc/backup/237493usa8.exe","mdgx-web","excluded","Microsoft component; class from memory"
"microsoftwindows9898sp198setcpipprematurelytransmittedpacketsvtcp386","Microsoft Windows 98/98 SP1/98 SE TCP/IP Prematurely Transmitted Packets VTCP.386 4.10.2223 Fix","","98/98 SP1/98 SE","","","Windows 98 SE Updates + Fixes","commercial","","Microsoft (proprietary)","","http://support.microsoft.com/help/236926","http://download.microsoft.com/download/win98/Update/3111/W98/EN-US/236926USA8.EXE","mdgx-web","excluded","Microsoft component; class from memory"
"microsoftwindows9898sp198setroubleshooterhtmlhelptshootocx","Microsoft Windows 98/98 SP1/98 SE Troubleshooter HTML Help TSHOOT.OCX 1.0.1.2123 + TSHOOT98.CHM Update","","98/98 SP1/98 SE","","","Windows 98 SE Updates + Fixes","commercial","","Microsoft (proprietary)","","http://support.microsoft.com/support/windows/tshoot/","https://www.mdgx.com/files/TSHOOT98.ZIP","mdgx-web","excluded","Microsoft component; class from memory"
"microsoftwindows9898sp198seunrecognizedfourth+fifthmousebuttonsmouhidvxdmsmousevxd+vmousevxd","Microsoft Windows 98/98 SP1/98 SE Unrecognized Fourth + Fifth Mouse Buttons MOUHID.VXD, MSMOUSE.VXD + VMOUSE.VXD 4.10.2223 Fix","","98/98 SP1/98 SE","","","Windows 98 SE Updates + Fixes","commercial","","Microsoft (proprietary)","","http://support.microsoft.com/help/254660","https://www.mdgx.com/files/Q254660.EXE","mdgx-web","excluded","Microsoft component; class from memory"
"microsoftwindows9898sp198seusbdrivertrap14errorusbdsys","Microsoft Windows 98/98 SP1/98 SE USB Driver Trap 14 Error USBD.SYS 4.10.2226 Fix","","98/98 SP1/98 SE","","","Windows 98 SE Updates + Fixes","commercial","","Microsoft (proprietary)","","http://support.microsoft.com/help/281533","http://ftp.isu.edu.tw/pub/CPatch/msupdate/win98se-nsrc/backup/281533usa8.exe","mdgx-web","excluded","Microsoft component; class from memory"
"microsoftwindows9898sp198sevredirerrorsvredirvxdfix","Microsoft Windows 98/98 SP1/98 SE Vredir Errors VREDIR.VXD (4.10.2154 for Win98/98 SP1 + 4.10.2229 for Win98 SE) Fix","","98/98 SP1/98 SE","","","Windows 98 SE Updates + Fixes","commercial","","Microsoft (proprietary)","","http://support.microsoft.com/help/283261","https://www.mdgx.com/files/Q278456.EXE","mdgx-web","excluded","Microsoft component; class from memory"
"microsoftwindows9898sp198sewebtvdenialofserviceannclistexesecurityvulnerabilityfix","Microsoft Windows 98/98 SP1/98 SE WebTV Denial of Service ANNCLIST.EXE Security Vulnerability Fix","","98/98 SP1/98 SE","","","Windows 98 SE Updates + Fixes","commercial","","Microsoft (proprietary)","","http://technet.microsoft.com/library/security/ms00-074.aspx","http://download.microsoft.com/download/win98SE/Update/12278/W98/EN-US/274113USA8.EXE","mdgx-web","excluded","Microsoft component; class from memory"
"microsoftwindows9898sp198sewindows2000domainuserslisterrormsab32dllfix","Microsoft Windows 98/98 SP1/98 SE Windows 2000 Domain Users List Error MSAB32.DLL (4.10.1999 for Win98/98 SP1 + 4.10.2223 for Win98 SE) Fix","","98/98 SP1/98 SE","","","Windows 98 SE Updates + Fixes","commercial","","Microsoft (proprietary)","","http://support.microsoft.com/help/283032","http://ftp.isu.edu.tw/pub/CPatch/msupdate/win98se-nsrc/backup/283032usa8.exe","mdgx-web","excluded","Microsoft component; class from memory"
"microsoftwindows9898sp198sewinsocktimeouterrormsafddll+mswsospdllfix","Microsoft Windows 98/98 SP1/98 SE Winsock Time-Out Error MSAFD.DLL + MSWSOSP.DLL (4.10.2000 for Win98/98 SP1 + 4.10.2223 for Win98 SE) Fix","","98/98 SP1/98 SE","","","Windows 98 SE Updates + Fixes","commercial","","Microsoft (proprietary)","","http://support.microsoft.com/help/257821","https://www.mdgx.com/files/Q257821.EXE","mdgx-web","excluded","Microsoft component; class from memory"
"microsoftwindows9898sp1dialupnetworkingupgrade","Microsoft Windows 98/98 SP1 Dial-Up Networking (DUN) Upgrade","mdgx-web=1.4","98/98 SP1","","","WINDOWS 98 ESSENTIAL FREE UPGRADES + FIXES","commercial","","Microsoft (proprietary)","","https://web.archive.org/web/20050316085327/http://support.microsoft.com/help/285189","http://www.am.net/lib/TOOLS/Microsoft/Win98/dun14-98.exe","mdgx-web","excluded","Microsoft component; class from memory"
"microsoftwindows98acpisleepbuttondisabledntkernvxd","Microsoft Windows 98 ACPI Sleep Button Disabled NTKERN.VXD 4.10.2103 Fix","","98","","","WINDOWS 98 ESSENTIAL FREE UPGRADES + FIXES","commercial","","Microsoft (proprietary)","","http://support.microsoft.com/help/222902","https://www.mdgx.com/files/Q222903.EXE","mdgx-web","excluded","Microsoft component; class from memory"
"microsoftwindows98acpistandbyerrorconfigmgvxd","Microsoft Windows 98 ACPI Standby Error CONFIGMG.VXD 4.10.2101, NTKERN.VXD 4.10.2102 + VPOWERD.VXD 4.10.2101 Fix","","98","","","WINDOWS 98 ESSENTIAL FREE UPGRADES + FIXES","commercial","","Microsoft (proprietary)","","http://support.microsoft.com/help/190715","https://www.mdgx.com/files/Q190715.EXE","mdgx-web","excluded","Microsoft component; class from memory"
"microsoftwindows98agphangsaftersuspendstandbypcimppci+pcivxd","Microsoft Windows 98 AGP Hangs After Suspend/Standby PCIMP.PCI + PCI.VXD 4.10.2017 Fix","","98","","","WINDOWS 98 ESSENTIAL FREE UPGRADES + FIXES","commercial","","Microsoft (proprietary)","","http://support.microsoft.com/help/195564","https://www.mdgx.com/files/Q195564.EXE","mdgx-web","excluded","Microsoft component; class from memory"
"microsoftwindows98cacheddomainpasswordmsnp32dll","Microsoft Windows 98 Cached Domain Password MSNP32.DLL 4.10.2000 Security Vulnerability Fix","","98","","","WINDOWS 98 ESSENTIAL FREE UPGRADES + FIXES","commercial","","Microsoft (proprietary)","","http://technet.microsoft.com/library/security/ms99-052.aspx","http://download.microsoft.com/download/win98/update/168115/w98/en-us/168115us8.exe","mdgx-web","excluded","Microsoft component; class from memory"
"microsoftwindows98cardbusti14xxor44xxcardcontrollerspcivxd","Microsoft Windows 98 CardBus TI 14xx or 44xx Card Controllers PCI.VXD 4.10.2018 Fix","","98","","","WINDOWS 98 ESSENTIAL FREE UPGRADES + FIXES","commercial","","Microsoft (proprietary)","","http://support.microsoft.com/help/233017","http://public.office.iway.be/microsoft/Windows%209x/Flash%20ATA%20Hotfix/233017UP.EXE","mdgx-web","excluded","Microsoft component; class from memory"
"microsoftwindows98clearregistrationwizardupdate","Microsoft Windows 98 Clear Registration Wizard (CRWID.EXE) Update","","98","","","WINDOWS 98 ESSENTIAL FREE UPGRADES + FIXES","commercial","","Microsoft (proprietary)","","http://support.microsoft.com/help/226364","http://download.windowsupdate.com/msdownload/update/v3-19990518/cabpool/CRWID_72A80C72EF06E6D5F50912701D75305E3D70F389.cab","mdgx-web","excluded","Microsoft component; class from memory"
"microsoftwindows98clippedscreendvdmoviedvdplayexefix","Microsoft Windows 98 Clipped Screen DVD Movie DVDPLAY.EXE Fix","","98","","","WINDOWS 98 ESSENTIAL FREE UPGRADES + FIXES","commercial","","Microsoft (proprietary)","","http://support.microsoft.com/help/196527","https://www.mdgx.com/files/Q196527.EXE","mdgx-web","excluded","Microsoft component; class from memory"
"microsoftwindows98computerhangsafter","Microsoft Windows 98 Computer Hangs After 49.7 Days VTDAPI.VXD 4.10.2012 Fix","","98","","","WINDOWS 98 ESSENTIAL FREE UPGRADES + FIXES","commercial","","Microsoft (proprietary)","","http://support.microsoft.com/help/216641","http://download.microsoft.com/download/win95upg/Update/8/W95/EN-US/216641up.exe","mdgx-web","excluded","Microsoft component; class from memory"
"microsoftwindows98dnssettingsnotsavedfrombatchsetupmstcpdll","Microsoft Windows 98 DNS Settings Not Saved From Batch Setup MSTCP.DLL 4.10.2012 Fix","","98","","","WINDOWS 98 ESSENTIAL FREE UPGRADES + FIXES","commercial","","Microsoft (proprietary)","","http://support.microsoft.com/help/192117","https://www.mdgx.com/files/Q192117.EXE","mdgx-web","excluded","Microsoft component; class from memory"
"microsoftwindows98dosdeviceinpathnameifsmgrvxd","Microsoft Windows 98 DOS Device in Path Name IFSMGR.VXD 4.10.2001 Security Vulnerability Fix","","98","","","WINDOWS 98 ESSENTIAL FREE UPGRADES + FIXES","commercial","","Microsoft (proprietary)","","http://support.microsoft.com/help/256015","https://www.mdgx.com/files/Q256015.EXE","mdgx-web","excluded","Microsoft component; class from memory"
"microsoftwindows98gpfipfduringsetupdblbuffsysfix","Microsoft Windows 98 GPF/IPF During Setup DBLBUFF.SYS Fix","","98","","","WINDOWS 98 ESSENTIAL FREE UPGRADES + FIXES","commercial","","Microsoft (proprietary)","","http://support.microsoft.com/help/209321","https://www.mdgx.com/files/Q209321.EXE","mdgx-web","excluded","Microsoft component; class from memory"
"microsoftwindows98ibmthinkpadlaptopsacpistandbyerrorwithidedmaharddiskesdi506pdr","Microsoft Windows 98 IBM ThinkPad Laptops ACPI Standby Error With IDE DMA Hard Disk ESDI_506.PDR 4.10.2001 + IOS.VXD 4.10.2001 Fix","","98","","","WINDOWS 98 ESSENTIAL FREE UPGRADES + FIXES","commercial","","Microsoft (proprietary)","","http://support.microsoft.com/help/193473","https://www.mdgx.com/files/Q193473.EXE","mdgx-web","excluded","Microsoft component; class from memory"
"microsoftwindows98ibmunimodemapmerrorunimdmtsp","Microsoft Windows 98 IBM Unimodem APM Error UNIMDM.TSP 4.10.2016, UNIMODEM.VXD 4.10.2012 + VCOMM.VXD 4.10.2012 Fix","","98","","","WINDOWS 98 ESSENTIAL FREE UPGRADES + FIXES","commercial","","Microsoft (proprietary)","",,"ftp://ftp.software.ibm.com/pc/pccbbs/mobiles/w98sfdit.exe","mdgx-web","excluded","Microsoft component; class from memory"
"microsoftwindows98legacyparalleldeviceserrorvcommvxd","Microsoft Windows 98 Legacy Parallel Devices Error VCOMM.VXD 4.10.2018 Fix","","98","","","WINDOWS 98 ESSENTIAL FREE UPGRADES + FIXES","commercial","","Microsoft (proprietary)","","http://support.microsoft.com/help/242939","https://www.mdgx.com/files/Q242939.EXE","mdgx-web","excluded","Microsoft component; class from memory"
"microsoftwindows98memoryleaksvmmvxd","Microsoft Windows 98 Memory Leaks VMM.VXD 4.10.1999 Fix","","98","","","WINDOWS 98 ESSENTIAL FREE UPGRADES + FIXES","commercial","","Microsoft (proprietary)","","http://support.microsoft.com/help/242161","https://www.mdgx.com/files/Q242161.EXE","mdgx-web","excluded","Microsoft component; class from memory"
"microsoftwindows98microsoft+novellnetworks+clientnetdidll","Microsoft Windows 98 Microsoft + Novell Networks + Client NETDI.DLL 4.10.2029 Fix","","98","","","WINDOWS 98 ESSENTIAL FREE UPGRADES + FIXES","commercial","","Microsoft (proprietary)","","http://support.microsoft.com/help/190656","http://download.microsoft.com/download/win98/Update/Q190656/W98/EN-US/190656_98UP.EXE","mdgx-web","excluded","Microsoft component; class from memory"
"microsoftwindows98pc98hardwaredeviceserrorsmartvsdvxd","Microsoft Windows 98 PC98 Hardware Devices Error SMARTVSD.VXD 4.00.1111 Fix","","98","","","WINDOWS 98 ESSENTIAL FREE UPGRADES + FIXES","commercial","","Microsoft (proprietary)","","http://support.microsoft.com/help/199886","https://www.mdgx.com/files/Q199886.EXE","mdgx-web","excluded","Microsoft component; class from memory"
"microsoftwindows98resourcekitbooteditortool","Microsoft Windows 98 Resource Kit (RK) Boot Editor (BOOTEDIT.EXE) tool","mdgx-toy=1.01","98","","","Boot Tweakers","commercial","","Microsoft (proprietary)","","ftp://ftp.microsoft.com/services/technet/samples/ps/win98/reskit/config/","ftp://ftp.microsoft.com/services/technet/samples/ps/win98/reskit/config/bootedit.exe","mdgx-toy","excluded","class from source tag 'free, unsupported' (entry text); Microsoft component: source tag describes a free download, not redistribution rights; Microsoft component; class from memory; source says unsupported"
"microsoftwindows98resourcekiticonimageeditor+animatedstaticcursoreditortools","Microsoft Windows 98 Resource Kit (RK) Icon/Image Editor (IMAGEDIT.EXE) + Animated/Static Cursor Editor (ANIEDIT.EXE) tools","","98","","","Graphics Editors / FREE Windows 9x/NTx Icon Tools","commercial","","Microsoft (proprietary)","","http://support.microsoft.com/help/247024","ftp://ftp.microsoft.com/services/technet/samples/ps/win98/reskit/desktop/ANIEDIT.EXE","mdgx-toy","excluded","class from source tag 'free, right-click to save CNT + HLP!' (entry text); Microsoft component: source tag describes a free download, not redistribution rights; Microsoft component; class from memory"
"microsoftwindows98resourcekitwinbootmultiboottool","Microsoft Windows 98 Resource Kit (RK) WinBoot (WINBOOT.EXE) multi-boot tool","mdgx-toy=1.5","98","","","Boot Tweakers","commercial","","Microsoft (proprietary)","","ftp://ftp.microsoft.com/services/technet/samples/ps/win98/reskit/deploy/","ftp://ftp.microsoft.com/services/technet/samples/ps/win98/reskit/deploy/winboot.exe","mdgx-toy","excluded","class from source tag 'free, unsupported' (entry text); Microsoft component: source tag describes a free download, not redistribution rights; Microsoft component; class from memory; source says unsupported"
"microsoftwindows98sameprinteraccessviolationspoolssdll","Microsoft Windows 98 Same Printer Access Violation SPOOLSS.DLL 4.10.2000 Fix","","98","","","WINDOWS 98 ESSENTIAL FREE UPGRADES + FIXES","commercial","","Microsoft (proprietary)","","http://support.microsoft.com/help/250514","https://www.mdgx.com/files/Q250514.EXE","mdgx-web","excluded","Microsoft component; class from memory"
"microsoftwindows98seaccessviolationspoolssdll","Microsoft Windows 98 SE Access Violation SPOOLSS.DLL 4.10.2223 Fix","","98 SE","","","Windows 98 SE Updates + Fixes","commercial","","Microsoft (proprietary)","","http://support.microsoft.com/help/250514","http://ftp.isu.edu.tw/pub/CPatch/msupdate/win98se-nsrc/backup/250514usa8.exe","mdgx-web","excluded","Microsoft component; class from memory"
"microsoftwindows98seacpiwithantivirussoftwarestopsuponrebootvmcpdvxdfix","Microsoft Windows 98 SE ACPI with Anti-Virus Software Stops Upon Reboot VMCPD.VXD Fix","","98 SE","","","Windows 98 SE Updates + Fixes","commercial","","Microsoft (proprietary)","","http://support.microsoft.com/help/259253","http://support.toshiba-tro.de/tools/quick-fixes/q259253/win-98se/qfe-winse-q259253-en.zip","mdgx-web","excluded","Microsoft component; class from memory"
"microsoftwindows98seamdcpu+viausbcontrollerusbuhcdsys","Microsoft Windows 98 SE AMD CPU + VIA USB Controller USB UHCD.SYS 4.10.2223 Fix","","98 SE","","","Windows 98 SE Updates + Fixes","commercial","","Microsoft (proprietary)","","http://support.microsoft.com/help/240075","http://download.microsoft.com/download/win98SE/Patch/4.10.2223/W98/EN-US/240075up.exe","mdgx-web","excluded","Microsoft component; class from memory"
"microsoftwindows98seaol+wdmusbmodemsccportsysusbsersys+wdmmdmldvxdfix","Microsoft Windows 98 SE AOL + WDM/USB Modems CCPORT.SYS, USBSER.SYS + WDMMDMLD.VXD Fix","","98 SE","","","Windows 98 SE Updates + Fixes","commercial","","Microsoft (proprietary)","","http://support.microsoft.com/help/242004","http://download.microsoft.com/download/whistler/wdmmdm/1.0/wxp/en-us/wdmmdm.exe","mdgx-web","excluded","Microsoft component; class from memory"
"microsoftwindows98seapmbatterycomputerlockupvpowerdvxd","Microsoft Windows 98 SE APM Battery Computer Lockup VPOWERD.VXD 4.10.2225 Fix","","98 SE","","Requires Windows 98 SE Shutdown Supplement below already installed!","Windows 98 SE Updates + Fixes","commercial","","Microsoft (proprietary)","","http://support.microsoft.com/help/246817","https://www.mdgx.com/files/Q246817.EXE","mdgx-web","excluded","Microsoft component; class from memory"
"microsoftwindows98secardbustexasinstrumentscardcontrollerscbssvxd","Microsoft Windows 98 SE CardBus Texas Instruments Card Controllers CBSS.VXD 4.10.2226 Fix","","98 SE","","","Windows 98 SE Updates + Fixes","commercial","","Microsoft (proprietary)","","http://support.microsoft.com/help/295629","http://ftp.isu.edu.tw/pub/CPatch/msupdate/win98se-nsrc/backup/295629usa8.exe","mdgx-web","excluded","Microsoft component; class from memory"
"microsoftwindows98secomputerhangsapmbattsysfix","Microsoft Windows 98 SE Computer Hangs APMBATT.SYS Fix","","98 SE","","","Windows 98 SE Updates + Fixes","commercial","","Microsoft (proprietary)","","http://support.microsoft.com/help/306889","https://www.mdgx.com/files/Q306889.EXE","mdgx-web","excluded","Microsoft component; class from memory"
"microsoftwindows98secomputerhangswithremovabledeviceindockingstationesdi506pdr","Microsoft Windows 98 SE Computer Hangs with Removable Device in Docking Station ESDI_506.PDR 4.10.2226 Fix","","98 SE","","","Windows 98 SE Updates + Fixes","commercial","","Microsoft (proprietary)","","http://support.microsoft.com/help/252187","https://www.mdgx.com/files/Q252187.EXE","mdgx-web","excluded","Microsoft component; class from memory"
"microsoftwindows98secomputerhanguponscreensaveractivationdeskcpl","Microsoft Windows 98 SE Computer Hang Upon Screen Saver Activation DESK.CPL 4.72.3171.300 + POWERCFG.CPL 5.00.3103.1000 Fix","","98 SE","","","Windows 98 SE Updates + Fixes","commercial","","Microsoft (proprietary)","","http://support.microsoft.com/help/258680","http://ftp.isu.edu.tw/pub/CPatch/msupdate/win98se-nsrc/backup/258680usa8.exe","mdgx-web","excluded","Microsoft component; class from memory"
"microsoftwindows98sedialupnetworkingupgrade","Microsoft Windows 98 SE Dial-Up Networking (DUN) Upgrade","mdgx-web=1.4","98 SE","","","Windows 98 SE Updates + Fixes","commercial","","Microsoft (proprietary)","","https://web.archive.org/web/20050316085327/http://support.microsoft.com/help/285189","http://www.am.net/lib/TOOLS/Microsoft/Win98/se/dun14-SE.exe","mdgx-web","excluded","Microsoft component; class from memory"
"microsoftwindows98sedisabledsounds+usbdeviceswinmmdll","Microsoft Windows 98 SE Disabled Sounds + USB Devices WINMM.DLL 4.03.2201 Fix","","98 SE","","","Windows 98 SE Updates + Fixes","commercial","","Microsoft (proprietary)","","http://support.microsoft.com/help/249146","http://ftp.isu.edu.tw/pub/CPatch/msupdate/win98se-nsrc/backup/249146usa8.exe","mdgx-web","excluded","Microsoft component; class from memory"
"microsoftwindows98sedvdplayerudfvxd","Microsoft Windows 98 SE DVD Player UDF.VXD 4.10.2223 Fix","","98 SE","","","Windows 98 SE Updates + Fixes","commercial","","Microsoft (proprietary)","","https://web.archive.org/web/20050311151147/http://support.microsoft.com/help/310695","https://www.mdgx.com/files/Q310695.EXE","mdgx-web","excluded","Microsoft component; class from memory"
"microsoftwindows98sehangaftersuspendiosvxd","Microsoft Windows 98 SE Hang After Suspend IOS.VXD 4.10.2225 + SCSIPORT.PDR 4.10.2223 Fix","","98 SE","","","Windows 98 SE Updates + Fixes","commercial","","Microsoft (proprietary)","","http://support.microsoft.com/help/239696","http://ftp.isu.edu.tw/pub/CPatch/msupdate/win98se-nsrc/backup/239696usa8.exe","mdgx-web","excluded","Microsoft component; class from memory"
"microsoftwindows98seidecontrollerdisabledinbiospcimppci","Microsoft Windows 98 SE IDE Controller Disabled in BIOS PCIMP.PCI 4.10.2223 Fix","","98 SE","","","Windows 98 SE Updates + Fixes","commercial","","Microsoft (proprietary)","","http://support.microsoft.com/help/245682","http://download.microsoft.com/download/win98SE/ideupd/1/W98/EN-US/245682US8.EXE","mdgx-web","excluded","Microsoft component; class from memory"
"microsoftwindows98seieee13941394bussys","Microsoft Windows 98 SE IEEE 1394 (FireWire) 1394BUS.SYS 4.10.2226 Fix","","98 SE","","","Windows 98 SE Updates + Fixes","commercial","","Microsoft (proprietary)","","http://support.microsoft.com/help/319197","https://www.mdgx.com/files/Q268064.EXE","mdgx-web","excluded","Microsoft component; class from memory"
"microsoftwindows98seieee13941394bussys+ohci1394sysfix","Microsoft Windows 98 SE IEEE 1394 (FireWire) 1394BUS.SYS + OHCI1394.SYS Fix","","98 SE","","","Windows 98 SE Updates + Fixes","commercial","","Microsoft (proprietary)","","http://support.microsoft.com/help/252958","http://download.microsoft.com/download/win98se/update/5982/w98/en-us/252958usa8.exe","mdgx-web","excluded","Microsoft component; class from memory"
"microsoftwindows98seieee1394hotplugdll","Microsoft Windows 98 SE IEEE 1394 (FireWire) HOTPLUG.DLL 4.10.2224, USER32.DLL 4.10.2223, SYSTRAY.EXE 4.10.2224, USER.EXE 4.10.2226, HARDWARE.HLP, 1394.INF, NTMAP.INF, NTMAPHLP.PDR 4.10.2223, 1394BUS.SYS 4.10.2224, NTMAP.SYS 4.10.2224, OHCI1394.SYS 4.10.2224, SBP2PORT.SYS 4.10.2224, DISKTSD.VXD 4.10.2223 + IOS.VXD 4.10.2223 Fix","","98 SE","","","Windows 98 SE Updates + Fixes","commercial","","Microsoft (proprietary)","","http://support.microsoft.com/help/242975","http://download.microsoft.com/download/win98se/Update/2944-2/W98/EN-US/242975USA8.EXE","mdgx-web","excluded","Microsoft component; class from memory"
"microsoftwindows98seieee1394standbyerrorntmapsys","Microsoft Windows 98 SE IEEE 1394 Standby Error NTMAP.SYS 4.10.2227, OHCI1394.SYS 4.10.2226, SBP2PORT.SYS 4.10.2226 + NTKERN.VXD 4.10.2223 Fix","","98 SE","","","Windows 98 SE Updates + Fixes","commercial","","Microsoft (proprietary)","","http://support.microsoft.com/help/267304","http://ftp.isu.edu.tw/pub/CPatch/msupdate/win98se-nsrc/backup/q267304/267304usa8.exe","mdgx-web","excluded","Microsoft component; class from memory"
"microsoftwindows98seieee1394storagedeviceerrorsbp2portsys","Microsoft Windows 98 SE IEEE 1394 (FireWire) Storage Device Error SBP2PORT.SYS 4.10.2227 Fix","","98 SE","","","Windows 98 SE Updates + Fixes","commercial","","Microsoft (proprietary)","","http://support.microsoft.com/help/311430","http://ftp.isu.edu.tw/pub/CPatch/msupdate/win98se-nsrc/backup/311430usa8.exe","mdgx-web","excluded","Microsoft component; class from memory"
"microsoftwindows98seimpropershutdowninacpistandbyconfigmgvxd","Microsoft Windows 98 SE Improper Shut Down in ACPI Standby CONFIGMG.VXD 4.10.2225 Fix","","98 SE","","","Windows 98 SE Updates + Fixes","commercial","","Microsoft (proprietary)","","http://support.microsoft.com/help/253711","http://download.microsoft.com/download/win98se/update/14007/w98/en-us/253711usa8.exe","mdgx-web","excluded","Microsoft component; class from memory"
"microsoftwindows98seintelpiix4controlleracpihangons1vpicdvxd","Microsoft Windows 98 SE Intel PIIX4 Controller ACPI Hang on S1 VPICD.VXD 4.10.2224 Fix","","98 SE","","","Windows 98 SE Updates + Fixes","commercial","","Microsoft (proprietary)","","http://support.microsoft.com/help/257360","https://www.mdgx.com/files/Q257360.EXE","mdgx-web","excluded","Microsoft component; class from memory"
"microsoftwindows98selaptoppchangsduringdockingundockingntkernvxd","Microsoft Windows 98 SE Laptop PC Hangs During Docking/Undocking NTKERN.VXD 4.10.2224 + VMM.VXD 4.10.2226 Fix","","98 SE","","","Windows 98 SE Updates + Fixes","commercial","","Microsoft (proprietary)","","http://support.microsoft.com/help/288430","http://support.toshiba-tro.de/tools/quick-fixes/q288430/win-98se/qfe-winse-q288430-en.zip","mdgx-web","excluded","Microsoft component; class from memory"
"microsoftwindows98selaptoppcspcivxd","Microsoft Windows 98 SE Laptop PCs PCI.VXD 4.10.2228 Fix","","98 SE","","","Windows 98 SE Updates + Fixes","commercial","","Microsoft (proprietary)","","http://uk.computers.toshiba-europe.com/cgi-bin/ToshibaCSG/download_driver_details.jsp?ID=18379&OSID=5&driverLanguage=13","http://support.toshiba-tro.de/tools/quick-fixes/q280448/win-98se/qfe-winse-q280448-en.zip","mdgx-web","excluded","Microsoft component; class from memory"
"microsoftwindows98selowbatteryalarmbattcsysfix","Microsoft Windows 98 SE Low Battery Alarm BATTC.SYS Fix","","98 SE","","","Windows 98 SE Updates + Fixes","commercial","","Microsoft (proprietary)","","http://support.microsoft.com/help/305037","https://www.mdgx.com/files/Q305037.EXE","mdgx-web","excluded","Microsoft component; class from memory"
"microsoftwindows98sels120drivelockuphsfloppdr","Microsoft Windows 98 SE LS-120 Drive Lockup HSFLOP.PDR 4.10.2224 Fix","","98 SE","","","Windows 98 SE Updates + Fixes","commercial","","Microsoft (proprietary)","","http://support.microsoft.com/help/262232","https://www.mdgx.com/files/Q262232.EXE","mdgx-web","excluded","Microsoft component; class from memory"
"microsoftwindows98semsvideowithusbdigitalcameraerrorvfwwdm32dllfix","Microsoft Windows 98 SE MS Video With USB Digital Camera Error VFWWDM32.DLL Fix","","98 SE","","","Windows 98 SE Updates + Fixes","commercial","","Microsoft (proprietary)","","http://support.microsoft.com/help/278033","http://support.toshiba-tro.de/tools/quick-fixes/q278033/win-98se/qfe-winse-q278033-en.zip","mdgx-web","excluded","Microsoft component; class from memory"
"microsoftwindows98senetworkvredirerrorsvredirvxd","Microsoft Windows 98 SE Network Vredir Errors VREDIR.VXD 4.10.2230 Fix","","98 SE","","","Windows 98 SE Updates + Fixes","commercial","","Microsoft (proprietary)","","http://support.microsoft.com/help/293793","http://www.autourdupc.com/Logiciel/WIN98/Softs/98SE/Q293793/293793USA8.EXE","mdgx-web","excluded","Microsoft component; class from memory"
"microsoftwindows98senonusenhancedkeyboardserrorkeybcomfix","Microsoft Windows 98 SE Non-US Enhanced Keyboards Error KEYB.COM Fix","","98 SE","","","Windows 98 SE Updates + Fixes","commercial","","Microsoft (proprietary)","","http://support.microsoft.com/help/319571","https://www.mdgx.com/files/Q319571.EXE","mdgx-web","excluded","Microsoft component; class from memory"
"microsoftwindows98sepcmciaadaptercode10devicemanagererrormshdcinfiosvxd","Microsoft Windows 98 SE PCMCIA Adapter Code 10 Device Manager Error MSHDC.INF, IOS.VXD 4.10.2224 + PCI.VXD 4.10.2227 Fix","","98 SE","","","Windows 98 SE Updates + Fixes","commercial","","Microsoft (proprietary)","","http://support.microsoft.com/help/276602","https://www.mdgx.com/files/Q276602.EXE","mdgx-web","excluded","Microsoft component; class from memory"
"microsoftwindows98sepnpprintererrorsvcommvxd","Microsoft Windows 98 SE PnP Printer Errors VCOMM.VXD 4.10.2225 Fix","","98 SE","","","Windows 98 SE Updates + Fixes","commercial","","Microsoft (proprietary)","","http://support.microsoft.com/help/291854","http://support.toshiba-tro.de/tools/quick-fixes/q288550/win-98se/qfe-winse-q288550-en.zip","mdgx-web","excluded","Microsoft component; class from memory"
"microsoftwindows98seportclsdevicesportclssys","Microsoft Windows 98 SE PortCls Devices PORTCLS.SYS 4.10.2224 Fix","","98 SE","","","Windows 98 SE Updates + Fixes","commercial","","Microsoft (proprietary)","","http://support.microsoft.com/help/321467","http://ftp.isu.edu.tw/pub/CPatch/msupdate/win98se-nsrc/backup/321467usa8.exe","mdgx-web","excluded","Microsoft component; class from memory"
"microsoftwindows98sepppoveratmpppatmsys","Microsoft Windows 98 SE PPP Over ATM PPPATM.SYS 4.10.2223 Fix","","98 SE","","","Windows 98 SE Updates + Fixes","commercial","","Microsoft (proprietary)","","http://support.microsoft.com/help/271701","https://www.mdgx.com/files/Q271701.EXE","mdgx-web","excluded","Microsoft component; class from memory"
"microsoftwindows98servicepack1","Microsoft Windows 98 Service Pack 1 (SP1)","","98","","","Windows 98 Service Pack 1 (SP1)","commercial","","Microsoft (proprietary)","","https://web.archive.org/web/20050312054223/http://support.microsoft.com/help/239937","http://download.microsoft.com/download/c/0/8/c0872b4c-ddfc-4dbc-b3e5-ef385a4d349e/wucsp.exe","mdgx-web","excluded","label: 98 SP1; Microsoft component; class from memory"
"microsoftwindows98sescandiskrunsevenifcorrectshutdownanddosdeviceinpathnameifsmgrvxd","Microsoft Windows 98 SE ScanDisk Runs Even If Correct Shutdown and DOS Device in Path Name IFSMGR.VXD 4.10.2225 Fix","","98 SE","","","Windows 98 SE Updates + Fixes","commercial","","Microsoft (proprietary)","","http://support.microsoft.com/help/273017","http://download.microsoft.com/download/win98SE/Update/11956/W98/EN-US/273017USA8.EXE","mdgx-web","excluded","Microsoft component; class from memory"
"microsoftwindows98sescsiminiportsshutdownerrorscsiportpdr","Microsoft Windows 98 SE SCSI Miniports Shutdown Error SCSIPORT.PDR 4.10.2224 Fix","","98 SE","","","Windows 98 SE Updates + Fixes","commercial","","Microsoft (proprietary)","","http://support.microsoft.com/help/290831","http://www.tacktech.com/pub/microsoft/win98se/290831usa8.exe","mdgx-web","excluded","Microsoft component; class from memory"
"microsoftwindows98seshutdownsupplementtshoot98chmmsconfigexe","Microsoft Windows 98 SE Shutdown Supplement TSHOOT98.CHM, MSCONFIG.EXE 4.10.2223, APMBATT.SYS 4.10.2223, CONFIGMG.VXD 4.10.2222, PCI.VXD 4.10.2223 + VPOWERD.VXD 4.10.2223 Fixes","","98 SE","","","Windows 98 SE Updates + Fixes","commercial","","Microsoft (proprietary)","","http://support.microsoft.com/help/239887","http://download.microsoft.com/download/d/d/8/dd8e4f2d-3b66-41d7-8a4a-cefefd8deb2c/4756US8.EXE","mdgx-web","excluded","Microsoft component; class from memory"
"microsoftwindows98seusbdriverhidclasssys","Microsoft Windows 98 SE USB Driver HIDCLASS.SYS 4.10.2223 Fix","","98 SE","","","Windows 98 SE Updates + Fixes","commercial","","Microsoft (proprietary)","","http://support.microsoft.com/help/249635","http://ftp.isu.edu.tw/pub/CPatch/msupdate/win98se-nsrc/backup/249635usa8.exe","mdgx-web","excluded","Microsoft component; class from memory"
"microsoftwindows98seusbkeyboardskbdhidvxdfix","Microsoft Windows 98 SE USB Keyboards KBDHID.VXD Fix","","98 SE","","","Windows 98 SE Updates + Fixes","commercial","","Microsoft (proprietary)","","http://support.microsoft.com/help/245065","http://support.toshiba-tro.de/tools/quick-fixes/q245065/win-98se/qfe-winse-q245065-en.zip","mdgx-web","excluded","Microsoft component; class from memory"
"microsoftwindows98seusbopenhcicontrolleronfastcomputersopenhcisys","Microsoft Windows 98 SE USB OpenHCI Controller on Fast Computers OPENHCI.SYS 4.10.2228 Fix","","98 SE","","","Windows 98 SE Updates + Fixes","commercial","","Microsoft (proprietary)","","http://support.microsoft.com/help/253697","http://download.microsoft.com/download/win98SE/Update/6101/W98/EN-US/253697USA8.EXE","mdgx-web","excluded","Microsoft component; class from memory"
"microsoftwindows98seusbstoperrorusbhubsys","Microsoft Windows 98 SE USB Stop Error USBHUB.SYS 4.10.2227 Fix","","98 SE","","","Windows 98 SE Updates + Fixes","commercial","","Microsoft (proprietary)","","http://support.microsoft.com/help/306453","http://ftp.isu.edu.tw/pub/CPatch/msupdate/win98se-nsrc/backup/306453usa8.exe","mdgx-web","excluded","Microsoft component; class from memory"
"microsoftwindows98sevirtualmemorytabnegativehdfreesizeerrorsysdmcpl","Microsoft Windows 98 SE Virtual Memory Tab Negative HD Free Size Error SYSDM.CPL 4.10.2224 Fix","","98 SE","","","Windows 98 SE Updates + Fixes","commercial","","Microsoft (proprietary)","","http://support.microsoft.com/help/272620","http://ftp.isu.edu.tw/pub/CPatch/msupdate/win98se-nsrc/backup/272621usa8.exe","mdgx-web","excluded","Microsoft component; class from memory"
"microsoftwindows98sewdmusbaudiodriverwdmauddrv","Microsoft Windows 98 SE WDM/USB Audio Driver WDMAUD.DRV 4.10.2223, KMIXER.SYS 4.10.2223, PORTCLS.SYS 4.10.2223, SBEMUL.SYS 4.10.2223, SYSAUDIO.SYS 4.10.2223, USBAUDIO.SYS 4.10.2224 + WDMAUD.SYS 4.10.2226 Fix","","98 SE","","Example: Crystal sound cards require Driver 6.13.10.4140.","Windows 98 SE Updates + Fixes","commercial","","Microsoft (proprietary)","","http://support.microsoft.com/help/242937","http://downloadmirror.intel.com/5551/eng/269601USA8.exe","mdgx-web","excluded","Microsoft component; class from memory"
"microsoftwindows98sewdmusbmodemsusbsersysfix","Microsoft Windows 98 SE WDM/USB Modems USBSER.SYS Fix","","98 SE","","","Windows 98 SE Updates + Fixes","commercial","","Microsoft (proprietary)","","http://support.microsoft.com/help/308349","http://www.opennw.com/Support/Telstra_NT1_Plus_II/Downloads/USB%20Configuration%20Tool/Q308349.zip","mdgx-web","excluded","Microsoft component; class from memory"
"microsoftwindows98sewebtvinteractivecontentenhtrigdll+nabtsfecsysfix","Microsoft Windows 98 SE WebTV Interactive Content ENHTRIG.DLL + NABTSFEC.SYS Fix","","98 SE","","","Windows 98 SE Updates + Fixes","commercial","","Microsoft (proprietary)","","http://support.microsoft.com/help/245272","http://download.windowsupdate.com/msdownload/update/v3-19990518/cabpool/245272USA8_BCB9234CBD9818C3EAB1E0DEA97DC09087CDCB25.EXE","mdgx-web","excluded","Microsoft component; class from memory"
"microsoftwindows98sewindowsexplorerhangswithdhcpcardvdhcp386fix","Microsoft Windows 98 SE Windows Explorer Hangs With DHCP Card VDHCP.386 Fix","","98 SE","","","Windows 98 SE Updates + Fixes","commercial","","Microsoft (proprietary)","","http://support.microsoft.com/help/293197","http://support.toshiba-tro.de/tools/quick-fixes/q293197/win-98se/qfe-winse-q293197-en.zip","mdgx-web","excluded","Microsoft component; class from memory"
"microsoftwindows98sewrongbuttonacpisys","Microsoft Windows 98 SE Wrong Button ACPI.SYS 4.10.2230 Fix","","98 SE","","","Windows 98 SE Updates + Fixes","commercial","","Microsoft (proprietary)","","http://support.microsoft.com/help/275873","http://ftp.isu.edu.tw/pub/CPatch/msupdate/win98se-nsrc/backup/275873usa8.exe","mdgx-web","excluded","Microsoft component; class from memory"
"microsoftwindows98slowlargebackupvcachevxd","Microsoft Windows 98 Slow Large Backup VCACHE.VXD 4.10.2183 Fix","","98","","","WINDOWS 98 ESSENTIAL FREE UPGRADES + FIXES","commercial","","Microsoft (proprietary)","","http://support.microsoft.com/help/224073","https://www.mdgx.com/files/Q224073.EXE","mdgx-web","excluded","Microsoft component; class from memory"
"microsoftwindows98suspendlockupapmbattsys","Microsoft Windows 98 Suspend Lockup APMBATT.SYS 4.10.1999 Fix","","98","","","WINDOWS 98 ESSENTIAL FREE UPGRADES + FIXES","commercial","","Microsoft (proprietary)","","http://support.microsoft.com/help/243048","https://www.mdgx.com/files/Q243048.EXE","mdgx-web","excluded","Microsoft component; class from memory"
"microsoftwindows98usbopenhcicontrolleronfastcomputersopenhcisys","Microsoft Windows 98 USB OpenHCI Controller on Fast Computers OPENHCI.SYS 4.10.2022 Fix","","98","","","WINDOWS 98 ESSENTIAL FREE UPGRADES + FIXES","commercial","","Microsoft (proprietary)","","http://support.microsoft.com/help/241134","http://download.microsoft.com/download/win98SE/Update/4003/W98/EN-US/241134usa8.exe","mdgx-web","excluded","Microsoft component; class from memory"
"microsoftwindows98usbusbaudiosys+usbhubsys","Microsoft Windows 98 USB USBAUDIO.SYS + USBHUB.SYS 4.10.2000 Fix","","98","","","WINDOWS 98 ESSENTIAL FREE UPGRADES + FIXES","commercial","","Microsoft (proprietary)","",,"http://www.visiongs.de/vfwupd.exe","mdgx-web","excluded","Microsoft component; class from memory"
"microsoftwindows98videocapturewdmdriverkswdmcapaxvfwwdm32dll+vfwwdmdrv","Microsoft Windows 98 Video Capture WDM Driver KSWDMCAP.AX, VFWWDM32.DLL + VFWWDM.DRV 4.10.2043 Fix","","98","","","WINDOWS 98 ESSENTIAL FREE UPGRADES + FIXES","commercial","","Microsoft (proprietary)","","http://support.microsoft.com/help/192112","https://www.mdgx.com/files/Q192112.EXE","mdgx-web","excluded","Microsoft component; class from memory"
"microsoftwindows9xnt42000mexp2003installercleanuputility","Microsoft Windows 9x/NT4/2000/ME/XP/2003 Installer CleanUp Utility (MSICU)","","9x/NT4/2000/ME/XP/2003","","","System + Registry Fixers","commercial","","Microsoft (proprietary)","","http://support.microsoft.com/help/290301","https://web.archive.org/web/20100118134256/http://download.microsoft.com/download/e/9/d/e9d80355-7ab4-45b8-80e8-983a48d5e1bd/msicuu2.exe","mdgx-toy","excluded","class from source tag 'free' (entry text); Microsoft component: source tag describes a free download, not redistribution rights; Microsoft component; class from memory; source marks it discontinued"
"microsoftwindows9xnt42000mexp2003systemconfigurationutilitytool","Microsoft Windows 9x/NT4/2000/ME/XP/2003 System Configuration Utility (MSCONFIG.EXE) tool","","9x/NT4/2000/ME/XP/2003","","","Boot Tweakers","commercial","","Microsoft (proprietary)","","https://www.mdgx.com/add.htm#MSC",,"mdgx-toy","excluded","Microsoft component; class from memory"
"microsoftwindows9xnt42000mexp2003vista200878812012filechecksumintegrityverifiercommandlinetool","Microsoft Windows 9x/NT4/2000/ME/XP/2003/Vista/2008/7/8/8.1/2012 File Checksum Integrity Verifier (FCIV) command line tool","mdgx-toy=2.05","9x/NT4/2000/ME/XP/2003/Vista/2008/7/8/8.1/2012","","","Hex Editors / FREE Windows x/NTx Checksum Tools","commercial","","Microsoft (proprietary)","","http://support.microsoft.com/help/841290","http://download.microsoft.com/download/c/f/4/cf454ae0-a4bb-4123-8333-a1b6737712f7/windows-kb841290-x86-enu.exe","mdgx-toy","excluded","class from source tag 'English, free' (entry text); Microsoft component: source tag describes a free download, not redistribution rights; Microsoft component; class from memory"
"microsoftwindows9xnt4mescriptingengines","Microsoft Windows 9x/NT4/ME Scripting Engines (MSE)","mdgx-web=5.6 Update","9x/NT4/ME","","","Windows 98 SE Updates + Fixes","commercial","","Microsoft (proprietary)","","https://www.mdgx.com/add.htm#MSE",,"mdgx-web","excluded","Microsoft component; class from memory"
"microsoftwindowsinstaller","Microsoft Windows Installer","msfn-98se=2.0","98SE","","","Windows Components","commercial","","Microsoft","",,"http://download.microsoft.com/download/WindowsInstaller/Install/2.0/W9XMe/EN-US/InstMsiA.exe","msfn-98se","excluded","class D; tags LAST; FREE; Microsoft"
"microsoftwindowsme+icsupnpuncheckedbuffersystemcompromisessdpapidllupnpdll+ssdpsrvexe","Microsoft Windows ME + ICS UPnP Unchecked Buffer System Compromise SSDPAPI.DLL, UPNP.DLL + SSDPSRV.EXE 4.90.3003 Security Vulnerability Fix","","ME","","","Windows ME Updates + Fixes","commercial","","Microsoft (proprietary)","","http://technet.microsoft.com/library/security/ms01-059.aspx","http://download.microsoft.com/download/winme/Update/22940/WinMe/EN-US/314757USAM.EXE","mdgx-web","excluded","Microsoft component; class from memory"
"microsoftwindowsme1394hostcontrollerdrivererror1394bussys","Microsoft Windows ME 1394 Host Controller Driver Error 1394BUS.SYS 4.90.3001 + OHCI1394.SYS 4.90.3003 Fix","","ME","","","Windows ME Updates + Fixes","commercial","","Microsoft (proprietary)","","http://support.microsoft.com/help/252183","https://www.mdgx.com/files/Q252183.EXE","mdgx-web","excluded","Microsoft component; class from memory"
"microsoftwindowsme8levelsdeepfoldercddvdcopyerrorcdfsvxd","Microsoft Windows ME 8 Levels Deep Folder CD/DVD Copy Error CDFS.VXD 4.90.3001 Fix","","ME","","","Windows ME Updates + Fixes","commercial","","Microsoft (proprietary)","","http://support.microsoft.com/help/274175","https://www.mdgx.com/files/ME274175.EXE","mdgx-web","excluded","Microsoft component; class from memory"
"microsoftwindowsmeaccessdeniederrorvfatvxd","Microsoft Windows ME Access Denied Error VFAT.VXD 4.90.3001 Fix","","ME","","","Windows ME Updates + Fixes","commercial","","Microsoft (proprietary)","","http://support.microsoft.com/help/277628","https://www.mdgx.com/files/ME277628.EXE","mdgx-web","excluded","Microsoft component; class from memory"
"microsoftwindowsmeacpibuttonntkernvxd","Microsoft Windows ME ACPI Button NTKERN.VXD 4.90.3005 + VPOWERD.VXD 4.90.3006 Fix","","ME","","","Windows ME Updates + Fixes","commercial","","Microsoft (proprietary)","","http://support.microsoft.com/help/305826","https://www.mdgx.com/files/ME305826.EXE","mdgx-web","excluded","Microsoft component; class from memory"
"microsoftwindowsmeacpicomputerrestartsautomaticallyfromhibernationacpisys","Microsoft Windows ME ACPI Computer Restarts Automatically from Hibernation ACPI.SYS 4.90.3003 Fix","","ME","","","Windows ME Updates + Fixes","commercial","","Microsoft (proprietary)","","http://support.microsoft.com/help/296883","https://www.mdgx.com/files/ME296883.EXE","mdgx-web","excluded","Microsoft component; class from memory"
"microsoftwindowsmeacpipower+sleepbuttonserrorsvkdvxd","Microsoft Windows ME ACPI Power + Sleep Buttons Errors VKD.VXD 4.90.3001 Fix","","ME","","","Windows ME Updates + Fixes","commercial","","Microsoft (proprietary)","","http://support.microsoft.com/help/300889","https://www.mdgx.com/files/ME300889.EXE","mdgx-web","excluded","Microsoft component; class from memory"
"microsoftwindowsmeaol+wdmusbmodemsccportsysfix","Microsoft Windows ME AOL + WDM/USB Modems CCPORT.SYS Fix","","ME","","","Windows ME Updates + Fixes","commercial","","Microsoft (proprietary)","","http://support.microsoft.com/help/272016","http://download.microsoft.com/download/winme/Update/11698/WinMe/EN-US/272016USAM.EXE","mdgx-web","excluded","Microsoft component; class from memory"
"microsoftwindowsmeataflashcardstandbyerroriosvxd","Microsoft Windows ME ATA Flash Card Standby Error IOS.VXD 4.90.3004 Fix","","ME","","","Windows ME Updates + Fixes","commercial","","Microsoft (proprietary)","","http://support.microsoft.com/help/308236","https://www.mdgx.com/files/Q308236.EXE","mdgx-web","excluded","Microsoft component; class from memory"
"microsoftwindowsmeaudiomixervolume+incorrectbatterychargeiconsystrayexe","Microsoft Windows ME Audio Mixer Volume + Incorrect Battery Charge Icon SYSTRAY.EXE 4.90.3002 Fix","","ME","","","Windows ME Updates + Fixes","commercial","","Microsoft (proprietary)","","http://support.microsoft.com/help/298058","https://www.mdgx.com/files/ME298058.EXE","mdgx-web","excluded","Microsoft component; class from memory"
"microsoftwindowsmecardbusadaptererrorpccardvxd","Microsoft Windows ME CardBus Adapter Error PCCARD.VXD 4.90.3002 Fix","","ME","","","Windows ME Updates + Fixes","commercial","","Microsoft (proprietary)","","http://support.microsoft.com/help/300568","https://www.mdgx.com/files/ME300568.EXE","mdgx-web","excluded","Microsoft component; class from memory"
"microsoftwindowsmecardbustexasinstrumentscardcontrollerscbssvxd","Microsoft Windows ME CardBus Texas Instruments Card Controllers CBSS.VXD 4.90.3003 Fix","","ME","","","Windows ME Updates + Fixes","commercial","","Microsoft (proprietary)","","http://support.microsoft.com/help/295629","https://www.mdgx.com/files/ME295629.EXE","mdgx-web","excluded","Microsoft component; class from memory"
"microsoftwindowsmecdrommofcomptoolerrormofddll","Microsoft Windows ME CD-ROM Mofcomp Tool Error MOFD.DLL 1.50.1164.9 Fix","","ME","","","Windows ME Updates + Fixes","commercial","","Microsoft (proprietary)","","http://support.microsoft.com/help/304082","https://www.mdgx.com/files/ME304082.EXE","mdgx-web","excluded","Microsoft component; class from memory"
"microsoftwindowsmecertificateflawdeletionxenrolldllsecurityvulnerabilityfix","Microsoft Windows ME Certificate Flaw Deletion XENROLL.DLL Security Vulnerability Fix","","ME","","","Windows ME Updates + Fixes","commercial","","Microsoft (proprietary)","","http://technet.microsoft.com/library/security/ms02-048.aspx","http://download.microsoft.com/download/WINME/PATCH/24421/WINME/EN-US/323172USAM.EXE","mdgx-web","excluded","Microsoft component; class from memory"
"microsoftwindowsmecomputerhangsduringregistrationmsobshelhtmdialmgrjs+migratejsfix","Microsoft Windows ME Computer Hangs During Registration MSOBSHEL.HTM, DIALMGR.JS + MIGRATE.JS Fix","","ME","","","Windows ME Updates + Fixes","commercial","","Microsoft (proprietary)","","http://support.microsoft.com/help/297527","https://www.mdgx.com/files/ME297527.EXE","mdgx-web","excluded","Microsoft component; class from memory"
"microsoftwindowsmecomputerhangswithieee1394dvd+usbdrivescdvsdvxd","Microsoft Windows ME Computer Hangs With IEEE 1394 (FireWire) DVD + USB Drives CDVSD.VXD 4.90.3003 Fix","","ME","","","Windows ME Updates + Fixes","commercial","","Microsoft (proprietary)","","https://web.archive.org/web/20041113063902/http://support.microsoft.com/?kbid=304708","https://www.mdgx.com/files/ME304708.EXE","mdgx-web","excluded","Microsoft component; class from memory"
"microsoftwindowsmecomputerhangswithremovablediskdiskvsdvxd","Microsoft Windows ME Computer Hangs With Removable Disk DISKVSD.VXD 4.90.3001 Fix","","ME","","","Windows ME Updates + Fixes","commercial","","Microsoft (proprietary)","","https://web.archive.org/web/20010712011146/http://support.microsoft.com/support/kb/articles/q271/2/77.asp","https://www.mdgx.com/files/ME271277.EXE","mdgx-web","excluded","Microsoft component; class from memory"
"microsoftwindowsmecontrolpanelsounds+multimediatoolerrorsmmsyscpl","Microsoft Windows ME Control Panel Sounds + Multimedia Tool Errors MMSYS.CPL 4.90.3001 Fix","","ME","","","Windows ME Updates + Fixes","commercial","","Microsoft (proprietary)","","http://support.microsoft.com/help/307908","https://www.mdgx.com/files/ME307908.EXE","mdgx-web","excluded","Microsoft component; class from memory"
"microsoftwindowsmedefragexeexception03herrorwithmcafeeantivirusfix","Microsoft Windows ME DEFRAG.EXE Exception 03h Error with McAfee Anti-Virus Fix","","ME","","","Windows ME Updates + Fixes","commercial","","Microsoft (proprietary)","","http://support.microsoft.com/help/275003","https://web.archive.org/web/20070311105216/http://download.nai.com/products/retail/english/cmapifix/cmapifix.exe","mdgx-web","excluded","Microsoft component; class from memory"
"microsoftwindowsmedevicebuttonmaynotstartstillimagecapturewiaservcdll","Microsoft Windows ME Device Button May Not Start Still-Image Capture WIASERVC.DLL 4.90.3002 Fix","","ME","","","Windows ME Updates + Fixes","commercial","","Microsoft (proprietary)","","http://support.microsoft.com/help/291236","https://www.mdgx.com/files/ME291236.EXE","mdgx-web","excluded","Microsoft component; class from memory"
"microsoftwindowsmedialupconnection+vpnservernetpptpsys","Microsoft Windows ME Dial-Up Connection + VPN Server NETPPTP.SYS 4.90.3001 Fix","","ME","","","Windows ME Updates + Fixes","commercial","","Microsoft (proprietary)","","http://support.microsoft.com/help/278031","http://download.microsoft.com/download/winme/update/13111/winme/en-us/278031usam.exe","mdgx-web","excluded","Microsoft component; class from memory"
"microsoftwindowsmediaplayer","Microsoft Windows Media Player","msfn-98se=9","98SE","","none known","Media Players + Encoders + Codecs","commercial","","Microsoft","",,"http://download.microsoft.com/download/1/b/c/1bc0b1a3-c839-4b36-8f3c-19847ba09299/MPSetup.exe","msfn-98se","excluded","class D; tags LAST; FREE; Microsoft component"
"microsoftwindowsmedriveamissingafterdockinghsfloppdr","Microsoft Windows ME Drive A Missing After Docking HSFLOP.PDR 4.90.3001 Fix","","ME","","","Windows ME Updates + Fixes","commercial","","Microsoft (proprietary)","","http://support.microsoft.com/help/271233","https://www.mdgx.com/files/ME271233.EXE","mdgx-web","excluded","Microsoft component; class from memory"
"microsoftwindowsmedvdplayerudfvxd","Microsoft Windows ME DVD Player UDF.VXD 4.90.3001 Fix","","ME","","","Windows ME Updates + Fixes","commercial","","Microsoft (proprietary)","","https://web.archive.org/web/20050311151147/http://support.microsoft.com/help/310695","http://download.microsoft.com/download/WinMe/Update/22366/WinME/EN-US/310695USAM.EXE","mdgx-web","excluded","Microsoft component; class from memory"
"microsoftwindowsmeerraticmousepointermovementuser32dll+userexe","Microsoft Windows ME Erratic Mouse Pointer Movement USER32.DLL + USER.EXE 4.90.3001 Fix","","ME","","","Windows ME Updates + Fixes","commercial","","Microsoft (proprietary)","","http://support.microsoft.com/help/267139","https://www.mdgx.com/files/ME280800.EXE","mdgx-web","excluded","Microsoft component; class from memory"
"microsoftwindowsmeforehelpperformanceissuefilelistxmlfix","Microsoft Windows ME ForeHelp Performance Issue FILELIST.XML Fix","","ME","","","Windows ME Updates + Fixes","commercial","","Microsoft (proprietary)","","http://support.microsoft.com/help/297958","https://www.mdgx.com/files/ME297958.EXE","mdgx-web","excluded","Microsoft component; class from memory"
"microsoftwindowsmeharddiskspindownrequesterrorvpowerdvxd","Microsoft Windows ME Hard Disk Spindown Request Error VPOWERD.VXD 4.90.3007 Fix","","ME","","","Windows ME Updates + Fixes","commercial","","Microsoft (proprietary)","","http://support.microsoft.com/help/321635","https://www.mdgx.com/files/ME321635.EXE","mdgx-web","excluded","Microsoft component; class from memory"
"microsoftwindowsmehelp+supporttoolerrormarscoredll","Microsoft Windows ME Help + Support Tool Error MARSCORE.DLL 4.90.3001 Fix","","ME","","","Windows ME Updates + Fixes","commercial","","Microsoft (proprietary)","","http://support.microsoft.com/help/269244","https://www.mdgx.com/files/ME269244.EXE","mdgx-web","excluded","Microsoft component; class from memory"
"microsoftwindowsmehelpandsupportcenterflawhelpctrexesecurityvulnerabilityfix","Microsoft Windows ME Help and Support Center Flaw HELPCTR.EXE Security Vulnerability Fix","","ME","","","Windows ME Updates + Fixes","commercial","","Microsoft (proprietary)","","http://technet.microsoft.com/library/security/ms03-006.aspx","http://download.windowsupdate.com/msdownload/update/v3-19990518/cabpool/812709_3FE395B778B7C8704A0DE247305222EB07ED386A.EXE","mdgx-web","excluded","Microsoft component; class from memory"
"microsoftwindowsmehelpandsupportcenterhcupdateexehelpctrexe+pchsetupexefix","Microsoft Windows ME Help and Support Center HCUPDATE.EXE, HELPCTR.EXE + PCHSETUP.EXE Fix","","ME","","","Windows ME Updates + Fixes","commercial","","Microsoft (proprietary)","","http://support.microsoft.com/help/299014","https://www.mdgx.com/files/Q299014.EXE","mdgx-web","excluded","Microsoft component; class from memory"
"microsoftwindowsmehibernatewithmorethan192mbramvmmvxd","Microsoft Windows ME Hibernate With More Than 192 MB RAM VMM.VXD 4.90.3003 Fix","","ME","","","Windows ME Updates + Fixes","commercial","","Microsoft (proprietary)","","https://web.archive.org/web/20050208131847/http://support.microsoft.com/?kbid=296773","https://www.mdgx.com/files/ME296773.EXE","mdgx-web","excluded","Microsoft component; class from memory"
"microsoftwindowsmehidservsuspenderrorwithibmrapidaccessiiikeyboardhidservexe","Microsoft Windows ME HIDSERV Suspend Error With IBM Rapid Access III Keyboard HIDSERV.EXE 4.90.3002 Fix","","ME","","","Windows ME Updates + Fixes","commercial","","Microsoft (proprietary)","","http://support.microsoft.com/help/277784","https://www.mdgx.com/files/ME277784.EXE","mdgx-web","excluded","Microsoft component; class from memory"
"microsoftwindowsmehyperterminalbufferoverflowhticonsdllhypertrmdll+hypertrmexesecurityvulnerabilityfix","Microsoft Windows ME HyperTerminal Buffer Overflow HTICONS.DLL, HYPERTRM.DLL + HYPERTRM.EXE Security Vulnerability Fix","","ME","","","Windows ME Updates + Fixes","commercial","","Microsoft (proprietary)","","http://technet.microsoft.com/library/security/ms00-079.aspx","http://download.microsoft.com/download/winme/Update/12395/WinMe/EN-US/274548USAM.EXE","mdgx-web","excluded","Microsoft component; class from memory"
"microsoftwindowsmeicmdisplaycolormatchinggdi32dll+gdiexe","Microsoft Windows ME ICM Display Color Matching GDI32.DLL + GDI.EXE 4.90.3001 Fix","","ME","","","Windows ME Updates + Fixes","commercial","","Microsoft (proprietary)","","http://support.microsoft.com/help/289635","https://www.mdgx.com/files/ME289635.EXE","mdgx-web","excluded","Microsoft component; class from memory"
"microsoftwindowsmeieee1394audiovideocontroldevicestopsworkingohci1394sys","Microsoft Windows ME IEEE 1394 (FireWire) Audio/Video Control Device Stops Working OHCI1394.SYS 4.90.3004 Fix","","ME","","","Windows ME Updates + Fixes","commercial","","Microsoft (proprietary)","","http://support.microsoft.com/help/284837","https://www.mdgx.com/files/ME284837.EXE","mdgx-web","excluded","Microsoft component; class from memory"
"microsoftwindowsmeieee1394digitalvideocamcorders61883sysarp1394sys+ohci1394sys","Microsoft Windows ME IEEE 1394 (FireWire) Digital Video Camcorders 61883.SYS, ARP1394.SYS + OHCI1394.SYS 4.90.3001 Fix","","ME","","","Windows ME Updates + Fixes","commercial","","Microsoft (proprietary)","","http://support.microsoft.com/help/252185","https://www.mdgx.com/files/Q252185.EXE","mdgx-web","excluded","Microsoft component; class from memory"
"microsoftwindowsmeieee1394storagedeviceerrorsbp2portsys","Microsoft Windows ME IEEE 1394 (FireWire) Storage Device Error SBP2PORT.SYS 4.90.3002 Fix","","ME","","","Windows ME Updates + Fixes","commercial","","Microsoft (proprietary)","","http://support.microsoft.com/help/311430","https://www.mdgx.com/files/ME311430.EXE","mdgx-web","excluded","Microsoft component; class from memory"
"microsoftwindowsmeinfraredfaxmodeminstallerrorirenumvxd","Microsoft Windows ME Infrared Fax Modem Install Error IRENUM.VXD 4.90.3001 Fix","","ME","","","Windows ME Updates + Fixes","commercial","","Microsoft (proprietary)","","http://support.microsoft.com/help/309081","https://www.mdgx.com/files/ME309081.EXE","mdgx-web","excluded","Microsoft component; class from memory"
"microsoftwindowsmeintellipointmousedrivervmousevxd","Microsoft Windows ME IntelliPoint Mouse Driver VMOUSE.VXD 4.90.3003 Fix","","ME","","","Windows ME Updates + Fixes","commercial","","Microsoft (proprietary)","",,"https://www.mdgx.com/files/ME318307.EXE","mdgx-web","excluded","Microsoft component; class from memory"
"microsoftwindowsmeintelpentium4cpuincorrectlyidentifiedbydirect3dd3dim700dll","Microsoft Windows ME Intel Pentium 4 CPU Incorrectly Identified by Direct3D D3DIM700.DLL 4.7.0.723 Fix","","ME","","","Windows ME Updates + Fixes","commercial","","Microsoft (proprietary)","","http://support.microsoft.com/help/268356","https://www.mdgx.com/files/ME268356.EXE","mdgx-web","excluded","Microsoft component; class from memory"
"microsoftwindowsmelargedocumentprintingtousbprintererrorusbmondll","Microsoft Windows ME Large Document Printing to USB Printer Error USBMON.DLL 4.90.3001 Fix","","ME","","","Windows ME Updates + Fixes","commercial","","Microsoft (proprietary)","","http://support.microsoft.com/help/270615","https://www.mdgx.com/files/ME270615.EXE","mdgx-web","excluded","Microsoft component; class from memory"
"microsoftwindowsmelockeddrivecreatefileerrorifsmgrvxd","Microsoft Windows ME Locked Drive CreateFile Error IFSMGR.VXD 4.90.3003 Fix","","ME","","","Windows ME Updates + Fixes","commercial","","Microsoft (proprietary)","","http://support.microsoft.com/help/301540","https://www.mdgx.com/files/ME301540.EXE","mdgx-web","excluded","Microsoft component; class from memory"
"microsoftwindowsmemalformedipxnmpipacketnwlinkvxd","Microsoft Windows ME Malformed IPX NMPI Packet NWLINK.VXD 4.90.3003 + VSERVER.VXD 4.90.3002 Security Vulnerability Fix","","ME","","","Windows ME Updates + Fixes","commercial","","Microsoft (proprietary)","","http://technet.microsoft.com/library/security/ms00-073.aspx","http://download.microsoft.com/download/winme/Update/11974/WinMe/EN-US/273727USAM.EXE","mdgx-web","excluded","Microsoft component; class from memory"
"microsoftwindowsmememoryleakatmunisys","Microsoft Windows ME Memory Leak ATMUNI.SYS 4.90.3001 Fix","","ME","","","Windows ME Updates + Fixes","commercial","","Microsoft (proprietary)","","http://support.microsoft.com/help/278368","https://www.mdgx.com/files/ME278368.EXE","mdgx-web","excluded","Microsoft component; class from memory"
"microsoftwindowsmemoviemakersupportedvideodevicesmoviemkexe","Microsoft Windows ME Movie Maker Supported Video Devices MOVIEMK.EXE 1.0.1377.0 Fix","","ME","","","Windows ME Updates + Fixes","commercial","","Microsoft (proprietary)","","http://support.microsoft.com/help/262806","http://download.windowsupdate.com/msdownload/update/v3-19990518/cabpool/287564_C357B6006425BFFD54868CA64F1A975D567C1451.EXE","mdgx-web","excluded","Microsoft component; class from memory"
"microsoftwindowsmempeg2overieee1394bus61883sys","Microsoft Windows ME MPEG2 Over IEEE 1394 (FireWire) Bus 61883.SYS 4.90.3003 Update","","ME","","","Windows ME Updates + Fixes","commercial","","Microsoft (proprietary)","","http://support.microsoft.com/help/285118","https://www.mdgx.com/files/ME285118.EXE","mdgx-web","excluded","Microsoft component; class from memory"
"microsoftwindowsmemsdosharddiskerrorsiosysfix","Microsoft Windows ME MS-DOS Hard Disk Errors IO.SYS Fix","","ME","","","Windows ME Updates + Fixes","commercial","","Microsoft (proprietary)","","http://support.microsoft.com/help/311561","http://download.microsoft.com/download/WinME/Patch/22527/WinME/EN-US/311561USAM.EXE","mdgx-web","excluded","Microsoft component; class from memory"
"microsoftwindowsmemsdospromptinternationalkeyboarderrorsmsconfigexe","Microsoft Windows ME MS-DOS Prompt International Keyboard Errors MSCONFIG.EXE 4.90.3001 Fix","","ME","","","Windows ME Updates + Fixes","commercial","","Microsoft (proprietary)","","http://support.microsoft.com/help/272719","https://www.mdgx.com/files/Q272719.EXE","mdgx-web","excluded","Microsoft component; class from memory"
"microsoftwindowsmemulticastpacketswithttl0tcpiperrorstcpipsys","Microsoft Windows ME Multicast Packets With TTL=0 TCP/IP Errors TCPIP.SYS 4.90.3004, NDIS.VXD 4.90.3001 + PPPMAC.VXD 4.90.3002 Fix","","ME","","","Windows ME Updates + Fixes","commercial","","Microsoft (proprietary)","","http://support.microsoft.com/help/301453","https://www.mdgx.com/files/ME301453.EXE","mdgx-web","excluded","Microsoft component; class from memory"
"microsoftwindowsmemultiplefunctioncardbusadapterserrorsconfigmgvxd","Microsoft Windows ME Multiple-Function CardBus Adapters Errors CONFIGMG.VXD 4.90.3001 Fix","","ME","","","Windows ME Updates + Fixes","commercial","","Microsoft (proprietary)","","http://support.microsoft.com/help/268452","https://www.mdgx.com/files/ME268452.EXE","mdgx-web","excluded","Microsoft component; class from memory"
"microsoftwindowsmenetclassdriversnotupdatednetdidll","Microsoft Windows ME Net-Class Drivers Not Updated NETDI.DLL 4.90.3001 Fix","","ME","","","Windows ME Updates + Fixes","commercial","","Microsoft (proprietary)","","http://support.microsoft.com/help/281190","https://www.mdgx.com/files/ME281190.EXE","mdgx-web","excluded","Microsoft component; class from memory"
"microsoftwindowsmenetworkingerrorsvnetbiosvxd","Microsoft Windows ME Networking Errors VNETBIOS.VXD 4.90.3000 Fix","","ME","","","Windows ME Updates + Fixes","commercial","","Microsoft (proprietary)","","https://web.archive.org/web/20050206045511/http://support.microsoft.com/?kbid=272991","http://download.microsoft.com/download/winme/update/13387/winme/en-us/272991usam.exe","mdgx-web","excluded","Microsoft component; class from memory"
"microsoftwindowsmenotenoughdirectsoundbufferallocationkmixersys","Microsoft Windows ME Not Enough DirectSound Buffer Allocation KMIXER.SYS 4.90.3002, PORTCLS.SYS 4.90.3001 + SYSAUDIO.SYS 4.90.3001 Fix","","ME","","","Windows ME Updates + Fixes","commercial","","Microsoft (proprietary)","","http://support.microsoft.com/help/316638","https://www.mdgx.com/files/Q316638.EXE","mdgx-web","excluded","Microsoft component; class from memory"
"microsoftwindowsmeoemmshdcinfnotdigitallysignedopkfixcatfix","Microsoft Windows ME OEM MSHDC.INF Not Digitally Signed OPKFIX.CAT Fix","","ME","","","Windows ME Updates + Fixes","commercial","","Microsoft (proprietary)","","http://support.microsoft.com/help/271434","http://download.microsoft.com/download/whistler/Install/20.0/W982KMeXP/EN-US/271434USA9.EXE","mdgx-web","excluded","Microsoft component; class from memory"
"microsoftwindowsmepcmciaadaptercode10devicemanagererrorpcivxd","Microsoft Windows ME PCMCIA Adapter Code 10 Device Manager Error PCI.VXD 4.90.3004 Fix","","ME","","","Windows ME Updates + Fixes","commercial","","Microsoft (proprietary)","","http://support.microsoft.com/help/276602","https://www.mdgx.com/files/ME276602.EXE","mdgx-web","excluded","Microsoft component; class from memory"
"microsoftwindowsmepnpserialdeviceerrorserenumvxd","Microsoft Windows ME PnP Serial Device Error SERENUM.VXD 4.90.3002 Fix","","ME","","","Windows ME Updates + Fixes","commercial","","Microsoft (proprietary)","","http://support.microsoft.com/help/297125","http://www.txsystems.com/downloads/meupdate.zip","mdgx-web","excluded","Microsoft component; class from memory"
"microsoftwindowsmepppoveratmpppatmsys","Microsoft Windows ME PPP Over ATM PPPATM.SYS 4.90.3001 Fix","","ME","","","Windows ME Updates + Fixes","commercial","","Microsoft (proprietary)","","http://support.microsoft.com/help/271701","https://www.mdgx.com/files/ME271701.EXE","mdgx-web","excluded","Microsoft component; class from memory"
"microsoftwindowsmeprogramscannotopenmorethan120filessimultaneouslydosmgrvxd","Microsoft Windows ME Programs Cannot Open More Than 120 Files Simultaneously DOSMGR.VXD 4.90.3001 Fix","","ME","","","Windows ME Updates + Fixes","commercial","","Microsoft (proprietary)","","http://support.microsoft.com/help/274594","https://www.mdgx.com/files/ME274594.EXE","mdgx-web","excluded","Microsoft component; class from memory"
"microsoftwindowsmeremotenetworksharegetdiskfreespaceexerrorsvredirvxd","Microsoft Windows ME Remote Network Share GetDiskFreeSpaceEx Errors VREDIR.VXD 4.90.3007 Fix","","ME","","","Windows ME Updates + Fixes","commercial","","Microsoft (proprietary)","","http://support.microsoft.com/help/314417","https://www.mdgx.com/files/ME314417.EXE","mdgx-web","excluded","Microsoft component; class from memory"
"microsoftwindowsmescandiskrunsevenifcorrectshutdown+dosdeviceinpathnameifsmgrvxd","Microsoft Windows ME ScanDisk Runs Even If Correct Shutdown + DOS Device in Path Name IFSMGR.VXD 4.90.3002 Fix","","ME","","","Windows ME Updates + Fixes","commercial","","Microsoft (proprietary)","","http://support.microsoft.com/help/273017","http://download.microsoft.com/download/winme/Update/11956/WinME/EN-US/273017USAM.EXE","mdgx-web","excluded","Microsoft component; class from memory"
"microsoftwindowsmescsiminiportsshutdownerrorscsiportpdr","Microsoft Windows ME SCSI Miniports Shutdown Error SCSIPORT.PDR 4.90.3001 Fix","","ME","","","Windows ME Updates + Fixes","commercial","","Microsoft (proprietary)","","http://support.microsoft.com/help/290831","https://www.mdgx.com/files/ME290831.EXE","mdgx-web","excluded","Microsoft component; class from memory"
"microsoftwindowsmesocketserroriphlpapidll","Microsoft Windows ME Sockets Error IPHLPAPI.DLL 4.90.3001 Fix","","ME","","","Windows ME Updates + Fixes","commercial","","Microsoft (proprietary)","","http://support.microsoft.com/help/279866","http://download.microsoft.com/download/winme/Update/13195/WinMe/EN-US/279866USAM.EXE","mdgx-web","excluded","Microsoft component; class from memory"
"microsoftwindowsmesslcertificateflawidentityspoofingcrypt32dll+cryptdlgdllsecurityvulnerabilityfix","Microsoft Windows ME SSL Certificate Flaw Identity Spoofing CRYPT32.DLL + CRYPTDLG.DLL Security Vulnerability Fix","","ME","","","Windows ME Updates + Fixes","commercial","","Microsoft (proprietary)","","http://technet.microsoft.com/library/security/ms02-050.aspx","http://download.windowsupdate.com/msdownload/update/v3-19990518/CabPool/329115_ME_7B77D4AB183D2DF9F5306C17F13C959C2380DB44.EXE","mdgx-web","excluded","Microsoft component; class from memory"
"microsoftwindowsmestandbyhangwithmultiplemsdospromptsessionspcivxd","Microsoft Windows ME Standby Hang With Multiple MS-DOS Prompt Sessions PCI.VXD 4.90.3003 Fix","","ME","","","Windows ME Updates + Fixes","commercial","","Microsoft (proprietary)","","http://support.microsoft.com/help/285882","https://www.mdgx.com/files/ME285882.EXE","mdgx-web","excluded","Microsoft component; class from memory"
"microsoftwindowsmesystemrestorecheckpointsmgrdllfix","Microsoft Windows ME System Restore Checkpoint SMGR.DLL Fix","","ME","","","Windows ME Updates + Fixes","commercial","","Microsoft (proprietary)","","http://support.microsoft.com/help/290700","http://download.microsoft.com/download/winme/update/16372/winme/en-us/290700usam.exe","mdgx-web","excluded","Microsoft component; class from memory"
"microsoftwindowsmeunabletoinstallusbdeviceusbhubsys","Microsoft Windows ME Unable to Install USB Device USBHUB.SYS 4.90.3002 Fix","","ME","","","Windows ME Updates + Fixes","commercial","","Microsoft (proprietary)","","http://support.microsoft.com/help/278289","https://www.mdgx.com/files/ME278289.EXE","mdgx-web","excluded","Microsoft component; class from memory"
"microsoftwindowsmeupdates","Microsoft Windows ME Updates","","ME","","","WINDOWS MILLENNIUM EDITION (ME) ESSENTIAL FREE UPGRADES + FIXES","commercial","","Microsoft (proprietary)","","http://windowsupdate.microsoft.com/",,"mdgx-web","excluded","Microsoft component; class from memory"
"microsoftwindowsmeusbfloppydrivemissingsystemdrv","Microsoft Windows ME USB Floppy Drive Missing SYSTEM.DRV 4.90.3001 Fix","","ME","","","Windows ME Updates + Fixes","commercial","","Microsoft (proprietary)","","http://support.microsoft.com/help/288800","https://www.mdgx.com/files/ME288800.EXE","mdgx-web","excluded","Microsoft component; class from memory"
"microsoftwindowsmevirtualmemorytabnegativehdfreesizeerrorsysdmcpl","Microsoft Windows ME Virtual Memory Tab Negative HD Free Size Error SYSDM.CPL 4.90.3001 Fix","","ME","","","Windows ME Updates + Fixes","commercial","","Microsoft (proprietary)","","http://support.microsoft.com/help/272620","https://www.mdgx.com/files/ME272620.EXE","mdgx-web","excluded","Microsoft component; class from memory"
"microsoftwindowsmevolumesettingserrorwdmaudsys","Microsoft Windows ME Volume Settings Error WDMAUD.SYS 4.90.3003 Fix","","ME","","","Windows ME Updates + Fixes","commercial","","Microsoft (proprietary)","","http://support.microsoft.com/help/316795","https://www.mdgx.com/files/ME316795.EXE","mdgx-web","excluded","Microsoft component; class from memory"
"microsoftwindowsmewdm+usbaudiokmixersysrtsysusbaudiosys+wdmaudsys","Microsoft Windows ME WDM + USB Audio KMIXER.SYS, RT.SYS, USBAUDIO.SYS + WDMAUD.SYS 4.90.3001 Fixes","","ME","","","Windows ME Updates + Fixes","commercial","","Microsoft (proprietary)","","https://web.archive.org/web/20050323050137/http://support.microsoft.com/help/280127","https://www.mdgx.com/files/ME280127.EXE","mdgx-web","excluded","Microsoft component; class from memory"
"microsoftwindowsmewebtvdenialofserviceannclistexesecurityvulnerabilityfix","Microsoft Windows ME WebTV Denial of Service ANNCLIST.EXE Security Vulnerability Fix","","ME","","","Windows ME Updates + Fixes","commercial","","Microsoft (proprietary)","","http://technet.microsoft.com/library/security/ms00-074.aspx","http://download.microsoft.com/download/winme/Update/12278/WinMe/EN-US/274113USAM.EXE","mdgx-web","excluded","Microsoft component; class from memory"
"microsoftwindowsmezipfoldersdunzip32dll","Microsoft Windows ME ZIP Folders DUNZIP32.DLL 3.00.17, DZIP32.DLL 3.00.17 + ZIPFLDR.DLL 5.50.4921.1000 Security Vulnerability Fix","","ME","","","Windows ME Updates + Fixes","commercial","","Microsoft (proprietary)","","http://technet.microsoft.com/library/security/ms02-054.aspx","http://download.windowsupdate.com/msdownload/update/v3-19990518/CabPool/329048_3E84647A527E386B05A78DD79AF876BFCFC147E1.EXE","mdgx-web","excluded","Microsoft component; class from memory"
"microsoftwindowsnt","Microsoft Windows NT 4.0/98/98 SP1/98 SE System Preparation Tools","","NT","","","WINDOWS 98 ESSENTIAL FREE UPGRADES + FIXES","commercial","","Microsoft (proprietary)","","http://support.microsoft.com/help/195446","https://web.archive.org/web/20080222200834/http://download.microsoft.com/download/winntwks40/Utility/4.71.1015.0/NT4/EN-US/WIN_DEPLOY.exe","mdgx-web","excluded","Microsoft component; class from memory"
"microsoftwindowsnt42000xpprofessional2003bootcfgexedosconsolecommandlinetool","Microsoft Windows NT4/2000/XP Professional/2003 BOOTCFG.EXE DOS console command line tool","","NT4/2000/XP Professional/2003","","","Boot Tweakers","commercial","","Microsoft (proprietary)","","https://www.microsoft.com/resources/documentation/windows/xp/all/proddocs/en-us/bootcfg.mspx",,"mdgx-toy","excluded","label: BOOTCFG + BOOT.INI; Microsoft component; class from memory"
"microsoftwindowsxppowertoys","Microsoft Windows XP Power Toys","","XP","","Microsoft Windows XP/XP MCE/2003 Time Zone (TZ) tray tool displays + edits multiple time zones: Both require Microsoft .Net Framework Redistributable (NFR) (free)! | Microsoft Mathematics v4.0 32-bit + 64-bit for Windows XP SP3/2003/Vista/2008/7/8/8.1/2012 2D/3D plotter graph calculator + other math + science studies tools for solving systems of equations step-by-step, evaluating triangles, converting from 1 system of u... | WME requires WMENCENG.DLL + WMENC.EXE Fix : Direct download ! | ScreenRecorder requires Microsoft .Net Framework Redistributable (NFR) 3.5 SP1 or newer (free)!","System + Registry Tweakers","commercial","","Microsoft (proprietary)","","https://web.archive.org/web/20101206165721/https://www.microsoft.com/windowsxp/downloads/powertoys/xppowertoys.mspx","http://ftp.geisberger.com/pub/microsoft/PowerToySetupXP.exe","mdgx-toy","excluded","label: XP Power Toys; class from source tag 'FINAL release , free, unsupported, English' (entry text); Microsoft component: source tag describes a free download, not redistribution rights; Microsoft component; class from memory; source says unsupported"
"microsoftwindowsxpsp22003sp2repairbootinitool","Microsoft Windows XP SP2/2003 SP2 RepairBootIni tool","mdgx-toy=1.5","XP SP2/2003 SP2","","","Boot Tweakers","commercial","","Microsoft (proprietary)","","https://www.microsoft.com/download/details.aspx?id=6712","http://download.microsoft.com/download/d/2/8/d28853af-1a03-4189-be8f-efedeb8f6297/RepairBootIni.exe","mdgx-toy","excluded","Microsoft component; class from memory"
"microsoftwindowsxpxpmce2003timezone","Microsoft Windows XP/XP MCE/2003 Time Zone","","XP/XP","","Microsoft Windows XP/XP MCE/2003 Time Zone (TZ) tray tool displays + edits multiple time zones (free): Both require Microsoft .Net Framework Redistributable (NFR) (free)!","System Enhancers / Other Enhancement Tools","commercial","","Microsoft (proprietary)","","https://www.mdgx.com/add.htm#NFR","http://download.microsoft.com/download/0/4/6/0469712b-8907-49ae-b848-ef76ebbe8968/TimeZone.msi","mdgx-toy","excluded","class from source tag 'free' (entry text); Microsoft component: source tag describes a free download, not redistribution rights; Microsoft component; class from memory"
"microsoftword97viewer","Microsoft Word 97 Viewer","msfn-98se=97-2003","98SE","","","Office Programs","commercial","","Microsoft","",,"http://downloads.pcworld.com/pub/new/business/add_ins_and_patches/wd97vwr32.exe","msfn-98se","excluded","class D; tags LAST; FREE; Viewer; 97-2003; Microsoft"
"milkshape3d","MilkShape 3D","osr-final=1.8.4","Windows 98/ME","","","3D Modelling Software","shareware","","","",,,"osr-final","excluded","source flag FV (final working version); class from memory"
"mirandaim","Miranda IM","","98SE","","unknown","Instant Messaging","open-source","","GPL-2.0 (memory)","",,"http://www.miranda-im.org","msfn-98se","lead","class A; tags LAST; (none); last 9x version not stated in thread; unverified"
"mirc","mIRC","msfn-95=4.1; msfn-95=6.35","95","","","","shareware","freeware / shareware","SHAR (Shareware per thread legend)","https://msfn.org/board/topic/176623-last-versions-of-software-for-windows-95/#findComment-1137960",,"http://www.oldversion.com/windows/mirc-4-1","msfn-95","excluded","status LAST (last version supporting Win95); class from source tag 'FREE'; release date per source: 1996-04-27; from reply by ppgrainbow (page 2), not in opening post list; caution (from memory): mIRC is generally shareware; the source tags this version FREE || status LAST (last version supporting Win95); class from source tag 'SHAR'; release date per source: 2008-10-17; from reply by ppgrainbow (page 2), not in opening post list"
"miro","Miro","mdgx-toy=4.0.3","2000/XP/2003/Vista/2008/7","","","Media Players + Recorders","open-source","","free, open source","https://www.mdgx.com/toy.htm","http://www.getmiro.com/","http://www.getmiro.com/download/","mdgx-toy","lead","class from source tag 'free, open source' (entry text)"
"mitec","MiTeC","","9x/NTx","","","System + Registry Fixers","freeware-unclear","","MiTeC freeware","","http://www.mitec.cz/wrr.html",,"mdgx-toy","lead","class from memory (MiTeC tools are freeware; redistribution terms not checked)"
"mmcompview","MMCompView","nirsoft-pad=1.10","Win98,WinME,WinNT 4.x,Windows2000,WinXP","","","Audio & Multimedia::Other","freeware","","NirSoft freeware (redistribution allowed, unmodified, free of charge)","http://www.nirsoft.net/utils/mmview.html","http://www.nirsoft.net/utils/mmview.html","http://www.nirsoft.net/utils/mmview.zip","nirsoft-pad","lead","PAD OS field lists 9x/ME; program page does not mention 9x/ME; PAD Program_Type 'Freeware'; class set per NirSoft license terms; page License: This utility is released as freeware for personal and non-commercial use. You are allowed to freely distribute this utility via floppy disk, CD-ROM, Internet, or in any other way, as long as you don't charge anything for this. If you distribute this utility...; page limits use to personal/non-commercial"
"mobtimecellphonemanager","MobTime Cell Phone Manager","msfn-98se=v. 6.0.9","98SE","","","Others","commercial","","commercial (per thread tag)","",,"http://www.mobtime.com/en/cpm/cpm_en_v6.0.9.exe","msfn-98se","excluded","class D; tags LAST; COMM; commercial"
"modifypecommandlinetool","ModifyPE command line tool","mdgx-toy=0.81","2000/XP/2003","","","Hex Editors / FREE Windows x/NTx Checksum Tools","freeware","","free","https://www.mdgx.com/toy.htm","http://unattended.msfn.org/unattended.xp/view/web/64/",,"mdgx-toy","lead","class from source tag 'free' (entry text)"
"monitorinfoview","MonitorInfoView","nirsoft-pad=1.25","Win2000,Win98,WinXP","","","System Utilities::Other","freeware","","NirSoft freeware (redistribution allowed, unmodified, free of charge)","https://www.nirsoft.net/utils/monitor_info_view.html","https://www.nirsoft.net/utils/monitor_info_view.html","https://www.nirsoft.net/utils/monitorinfoview.zip","nirsoft-pad","lead","PAD OS field lists 9x/ME; page says: Windows 98/ME is not supported; CHECK: page mention of 9x/ME may be negative; PAD Program_Type 'Freeware'; class set per NirSoft license terms; page License: This utility is released as freeware. You are allowed to freely distribute this utility via floppy disk, CD-ROM, Internet, or in any other way, as long as you don't charge anything for this. If you distribute this utility, you must include all files in the ..."
"morecontrol","More Control","mdgx-toy=1.0","9x/ME","","","System + Registry Tweakers","freeware-unclear","","freeware, requires free registration!","https://www.mdgx.com/toy.htm","http://www.lewe.com/?option=com_content&task=view&id=75",,"mdgx-toy","lead","class from source tag 'freeware, requires free registration!' (entry text)"
"morecontrolcontrolpanelapplet","More Control Control Panel applet","mdgx-toy=1.1","","","","System + Registry Tweakers","unknown","","public domain","https://www.mdgx.com/toy.htm","https://www.mdgx.com/files/morecon.php","https://www.mdgx.com/files/MORECN.ZIP","mdgx-toy","lead","class from source tag 'public domain' (entry text)"
"mousewithoutborders","Mouse Without Borders","mdgx-toy=2.1","XP SP3/2003/Vista/2008/7/8/8.1/2012","","Mouse Without Borders requires Microsoft .Net Framework Redistributable (NFR) 2.0/4.0 (free)! | Same version of Mouse Without Borders MUST be installed on ALL connected computers!","System + Registry Tweakers","commercial","","Microsoft (proprietary)","","https://www.microsoft.com/download/details.aspx?id=35460","http://download.microsoft.com/download/6/5/8/658AFC4C-DC02-4CB8-839D-10253E89FFF7/MouseWithoutBordersSetup.msi","mdgx-toy","excluded","class from source tag 'free' (entry text); Microsoft component: source tag describes a free download, not redistribution rights; Microsoft component; class from memory"
"mozillafirefox","Mozilla Firefox","msfn-95=1.5.0.12; msfn-98se=2.0.0.20; msfn-kernelex=10.0.2","95; 98SE; Windows 98SE","yes","none known; KernelEx 4.5.2","","open-source","","MPL-1.1 OR GPL-2.0-or-later OR LGPL-2.1-or-later","","http://www.mozilla.com/cs/firefox","https://ftp.mozilla.org/pub/firefox/releases/1.5.0.12/win32/en-US/","msfn-95 msfn-98se msfn-kernelex","lead","status LAST (last version supporting Win95); class from source tag 'FREE'; release date per source: 2007-05-30; from opening post list; open-source class and SPDX id from memory, not stated by source || class A; tags LAST; FREE; archive at ftp.mozilla.org (memory); trademark: ship unmodified || status: working; class from memory"
"mozillaseamonkey","Mozilla Seamonkey","msfn-kernelex=2.1 alpha 3; osr-kernelex=2.1 alpha 3","Windows 98SE; Windows 98/ME","yes","KernelEx 4.5.2; XP mode; KernelEx 4.5.2","Web Browsers","open-source","","","","http://www.seamonkey-project.org/releases/2.0.14",,"msfn-kernelex osr-kernelex","lead","status: partially working; listed as: 2.0.14 and older; thread note: Set compatability mode also for installer. Ver 2.1 - 2.7 now run with KX 4.5.2 but bookmarks cannot be added/managed.; class from memory || class from memory"
"mozillathunderbird","Mozilla Thunderbird","msfn-98se=2.0.0.24; osr-kernelex=3.1.20","98SE; Windows 98/ME","yes","none known; KernelEx 4.5.2","Email Clients","open-source","","MPL-1.1/GPL-2.0/LGPL-2.1 (memory)","",,"ftp://ftp.mozilla.org/pub/mozilla.org/thunderbird/releases/2.0.0.24/win32/en-US/Thunderbird%20Setup%202.0.0.24.exe","msfn-98se osr-kernelex","lead","class A; tags LAST; FREE; archive at ftp.mozilla.org (memory) || source reports limitations or untested details; class from memory"
"mp3splitter","MP3Splitter","msfn-98se=1.1","98SE","","unknown","Media Players + Encoders + Codecs","freeware-unclear","","freeware, terms unknown","",,"http://www.megax.it/mp3split/index.htm","msfn-98se","lead","class C?; tags LAST; FREE; "
"mplayer","MPlayer","","Windows 98/ME","","","Media Players","open-source","","GPL-2.0-or-later","","https://github.com/RamonUnch/MPlayer-Ringo-builds/releases",,"osr-final","lead","source flag CS (concurrent support); class from memory"
"mplayer+mencodercommandlinetools+smplayermpuifrontendgui","MPlayer + MEncoder command line tools + SMPlayer/MPUI front end GUI","","9x/NT4/2000/ME/XP/2003/Vista/2008/7/8/8.1/2012","","","Media Players + Recorders","open-source","","GPL (version not stated by source)","https://www.mdgx.com/toy.htm","http://www.mplayerhq.hu/","http://mplayerwin.sourceforge.net/downloads.html","mdgx-toy","lead","label: MPlayer; class from source tag '12-free GPL' (entry text)"
"mplayer2","mplayer2","osr-kernelex=2.0","Windows 98/ME","yes","KernelEx","Media Players","open-source","","","",,,"osr-kernelex","lead","class from memory"
"mplayermpui20090612fullpackage","MPlayer MPUI.2009-06-12.Full-Package","","Windows 98SE","yes","KernelEx 4.0","Apps","open-source","","GPL-2.0-or-later","",,,"msfn-kernelex","lead","status: working; class from memory"
"mplayerww","MPlayerWW","msfn-kernelex=SVN-r34106","Windows 98SE; Windows 98/ME","yes","KernelEx 4.5.1; Win2k mode; KernelEx 4.5.2","Media Players","open-source","","GPL-2.0-or-later","","http://mplayer-ww.com/eng",,"msfn-kernelex osr-kernelex","lead","status: working; qualifier: 20110916; thread note: if you don't hear sound switch from dsound to win32 (ao=win32 in INI file); class from memory || qualifier: early 2014 build; source reports limitations or untested details; class from memory"
"mpw","MPW","","Windows 98/ME","","","MP3/Music Player","unknown","","","",,"http://www.micosyen.com/winexe/mpw.exe","osr-final","lead","source flag FV (final working version); qualifier: March 16, 2013"
"msdebuggingtoolswindows","MS Debugging Tools Windows","msfn-98se=6.2.13.1","98SE","","","Programming","commercial","","Microsoft","",,"http://msdl.microsoft.com/download/symbols/debuggers/dbg_x86_6.2.13.1.exe","msfn-98se","excluded","class D; tags LAST; FREE; last ANSI,extract MSI,edit with Orca,rem LaunchCondition; Microsoft"
"msdosed","MSDOSED","mdgx-toy=1.10","9x/ME","","","Boot Tweakers","freeware","","freeware","https://www.mdgx.com/toy.htm",,"ftp://ftp.sac.sk/pub/sac/utiltask/msdosed.zip","mdgx-toy","lead","class from source tag 'freeware' (entry text)"
"msdossyseditor","MSDOS.SYS Editor (MSDSYS)","mdgx-toy=1.5.0","9x/ME","","","Boot Tweakers","freeware","","freeware","https://www.mdgx.com/toy.htm","http://www.dx21.com/software/viewitem.aspx?ID=367C307C337C7C347C23383630","https://web.archive.org/20071215235019/http://www.dx21.com/SOFTWARE/DX21/DOWNLOADS/MSDSYS.zip","mdgx-toy","lead","class from source tag 'freeware' (entry text)"
"msflightsimulator","MS Flight Simulator","msfn-98se=2004","98SE","","","Games","commercial","","commercial (per thread tag)","",,"http://www.microsoft.com","msfn-98se","excluded","class D; tags LAST; COMM; commercial"
"msnfireplace","MSN Fireplace","","Windows 98/ME","yes","KernelEx 4.5.2019.24; Enhanced Bases","Screensavers","freeware-unclear","","","",,,"osr-kernelex","excluded","class from memory; Microsoft component (excluded for now)"
"msnmessenger","MSN Messenger","msfn-kernelex=7.0.820","Windows 98SE","yes","KernelEx","Apps","freeware-unclear","","","",,,"msfn-kernelex","excluded","status: working; class from memory; Microsoft component (excluded for now)"
"mspaintexe","MSPAINT.EXE","osr-kernelex=5.1.2600.5918","Windows 98/ME","yes","KernelEx","Official Microsoft Files","freeware-unclear","","","",,,"osr-kernelex","excluded","class from memory; Microsoft component (excluded for now)"
"mspaintfromxp","MS Paint from XP","","Windows 98SE","yes","KernelEx 4.0rc2; mfc42u.dll","Apps","freeware-unclear","","","",,,"msfn-kernelex","excluded","status: working; thread note: Requires mfc42u.dll; class from memory; Microsoft component (excluded for now)"
"msxml3dll","MSXML3.DLL","osr-kernelex=8.100.1052.0","Windows 98/ME","yes","KernelEx","Official Microsoft Files","freeware-unclear","","","",,,"osr-kernelex","excluded","class from memory; Microsoft component (excluded for now)"
"mucommander","muCommander","mdgx-toy=0.9.0","XP/2003/Vista/2008/7/8/8.1/2012/10/2016/2019","","Requires Oracle (Sun) Java Runtime Environment (JRE) Standard Edition (Java SE/J2SE) (free)!","System Enhancers / File Manager + Windows Explorer / File Explorer Replacement Tools","open-source","","GPL (version not stated by source)","https://www.mdgx.com/toy.htm","http://www.mucommander.com/","http://www.mucommander.com/#download","mdgx-toy","lead","class from source tag 'free GPL, open source' (entry text); other tags: free"
"multicommander","Multi Commander","mdgx-toy=2.8.2","XP/2003/Vista/2008/7/8/8.1/2012/10/2016/2019","","","System Enhancers / File Manager + Windows Explorer / File Explorer Replacement Tools","freeware","","freeware","https://www.mdgx.com/toy.htm","http://www.multicommander.com/","http://www.multicommander.com/files/updates/MultiCommander_x64_(2.8.2.1291).exe","mdgx-toy","lead","class from source tag 'freeware' (entry text)"
"musikcube","MusikCube","mdgx-toy=1.0","2000/XP/2003","","","Media Players + Recorders","open-source","","free, open source","https://www.mdgx.com/toy.htm","http://www.musikcube.com/","http://www.musikcube.com/action/download/mcube_winbuild_stable","mdgx-toy","lead","class from source tag 'free, open source' (entry text)"
"mustek1200ubplusscannerdriver","Mustek 1200 UB Plus Scanner Driver","msfn-98se=2.0","98SE","","","Scanner Drivers","freeware-unclear","","vendor driver (proprietary)","",,"http://www.mustek.com.tw/apprg/listdriver?LID=2&PRODUCTID=SOff1200UBPlus","msfn-98se","lead","class C?; tags LAST; FREE; UB Plus Scanner Driver 2.0; driver; vendor availability not checked"
"mybootmanagermultiboottool","My Boot Manager (MBM) multi-boot tool","mdgx-toy=3.0","9x/ME","","","Boot Tweakers","freeware","","freeware","https://www.mdgx.com/toy.htm",,"http://ftp.sunet.se/pub/simtelnet/win95/util/myboot30.zip","mdgx-toy","lead","class from source tag 'freeware' (entry text)"
"mylastsearch","MyLastSearch","nirsoft-pad=1.66","Win2000,Win7 x32,Win7 x64,Win98,WinVista,WinVista x64,WinXP","","","Network & Internet::Other","freeware","","NirSoft freeware (redistribution allowed, unmodified, free of charge)","http://www.nirsoft.net/utils/my_last_search.html","http://www.nirsoft.net/utils/my_last_search.html","http://www.nirsoft.net/utils/mylastsearch.zip","nirsoft-pad","lead","PAD OS field lists 9x/ME; program page does not mention 9x/ME; PAD Program_Type 'Freeware'; class set per NirSoft license terms; page License: This utility is released as freeware. You are allowed to freely distribute this utility via floppy disk, CD-ROM, Internet, or in any other way, as long as you don't charge anything for this. If you distribute this utility, you must include all files in the ..."
"myuninstaller","MyUninstaller","msfn-98se=1.55; nirsoft-pad=1.77","98SE; Win2000,Win7 x32,Win7 x64,Win98,WinOther,WinServer,WinVista,WinVista x64,WinXP,Other","","none (verified: ""Windows 98 to Windows 10"")","System Utilities::System Maintenance","freeware","","NirSoft freeware (redistribution allowed, unmodified, free of charge)","http://www.nirsoft.net/utils/myuninst.html","http://www.nirsoft.net/utils/myuninst.html","http://www.nirsoft.net/utils/myuninst.html","msfn-98se nirsoft-pad","lead","class B; tags ONGD; FREE; current 1.77 (2017) || PAD OS field lists 9x/ME; page says: System Requirements This utility works on any version of Windows - from Windows 98 to Windows 10; PAD Program_Type 'Freeware'; class set per NirSoft license terms; page License: This utility is released as freeware. You are allowed to freely distribute this utility via floppy disk, CD-ROM, Internet, or in any other way, as long as you don't charge anything for this. If you distribute this utility, you must include all files in the ..."
"mzcacheview","MZCacheView","nirsoft-pad=2.22","Win2000,Win7 x32,Win7 x64,Win98,WinVista,WinVista x64,WinXP","","","Network & Internet::Browser Tools","freeware","","NirSoft freeware (redistribution allowed, unmodified, free of charge)","https://www.nirsoft.net/utils/mozilla_cache_viewer.html","https://www.nirsoft.net/utils/mozilla_cache_viewer.html","https://www.nirsoft.net/utils/mzcacheview.zip","nirsoft-pad","lead","PAD OS field lists 9x/ME; page says: System Requirements This utility works on any version of Windows, From Windows 98 to Windows 11; PAD Program_Type 'Freeware'; class set per NirSoft license terms; page License: This utility is released as freeware. You are allowed to freely distribute this utility via floppy disk, CD-ROM, Internet, or in any other way, as long as you don't charge anything for this. If you distribute this utility, you must include all files in the ..."
"mzcookiesview","MZCookiesView","nirsoft-pad=1.60","Win2000,Win7 x32,Win7 x64,Win98,WinOther,WinVista,WinVista x64,WinXP,Other","","","Network & Internet::Browser Tools","freeware","","NirSoft freeware (redistribution allowed, unmodified, free of charge)","https://www.nirsoft.net/utils/mzcv.html","https://www.nirsoft.net/utils/mzcv.html","https://www.nirsoft.net/utils/mzcv.zip","nirsoft-pad","lead","PAD OS field lists 9x/ME; program page does not mention 9x/ME; PAD Program_Type 'Freeware'; class set per NirSoft license terms; page License: This utility is released as freeware for personal and non-commercial use. You are allowed to freely distribute this utility via floppy disk, CD-ROM, Internet, or in any other way, as long as you don't charge anything for this. If you distribute this utility...; page limits use to personal/non-commercial"
"mzhistoryview","MZHistoryView","nirsoft-pad=1.70","Win2000,Win7 x32,Win7 x64,Win98,WinOther,WinServer,WinVista,WinVista x64,WinXP,Other","","","Network & Internet::Browser Tools","freeware","","NirSoft freeware (redistribution allowed, unmodified, free of charge)","http://www.nirsoft.net/utils/mozilla_history_view.html","http://www.nirsoft.net/utils/mozilla_history_view.html","http://www.nirsoft.net/utils/mozillahistoryview.zip","nirsoft-pad","lead","PAD OS field lists 9x/ME; page says: Search for other utilities in NirSoft System Requirements This utility works on any version of Windows, From Windows 98 to Windows 11; PAD Program_Type 'Freeware'; class set per NirSoft license terms; page License: This utility is released as freeware. You are allowed to freely distribute this utility via floppy disk, CD-ROM, Internet, or in any other way, as long as you don't charge anything for this. If you distribute this utility, you must include all files in the ..."
"mzultimatetools","MZ Ultimate Tools","","9x/NT4/2000/ME/XP/2003/Vista/2008/7","","Require Microsoft .Net Framework Redistributable (NFR) 2.0 (free)!","System + Registry Tweakers","freeware","","freeware","https://www.mdgx.com/toy.htm","http://www.mztweak.com/","http://www.mztweak.com/download/MzUltimateTools.zip","mdgx-toy","lead","class from source tag 'freeware' (entry text)"
"nagblasttsr","NagBlast TSR","mdgx-toy=3.00.0000 Beta","9x/NT4/2000/ME/XP/2003","","","System Enhancers / Other Enhancement Tools","freeware","","freeware, right-click to save!","https://www.mdgx.com/toy.htm","http://www.reocities.com/SiliconValley/network/4414/Prod_Body.html#nagblast","http://www.reocities.com/SiliconValley/network/4414/NagBlast.zip","mdgx-toy","lead","class from source tag 'freeware, right-click to save!' (entry text)"
"needforspeedmostwanted","Need for Speed: Most Wanted","","Windows 98SE","yes","KernelEx","Games","commercial","","","",,,"msfn-kernelex","excluded","status: working; class from memory"
"neopaint","NeoPaint","msfn-98se=6.5","98SE","","","Graphical Design","commercial","","commercial (per thread tag)","",,"http://www.neosoftware.com/npw.html","msfn-98se","excluded","class D; tags ONGD; COMM; commercial"
"neroburningrom","Nero Burning ROM","msfn-98se=7.2.7","98SE","","","CD/DVD Authoring Programs","commercial","","commercial (per thread tag)","",,,"msfn-98se","excluded","class D; tags LAST; COMM; 6 offers greater stability; commercial"
"neroburningrom7","Nero Burning ROM 7","","Windows 98SE; Windows 98/ME","yes","KernelEx","Disk/Disc Burning Software","commercial","","","",,,"msfn-kernelex osr-kernelex","excluded","status: working; class from memory || class from memory"
"netscape","Netscape","msfn-95=6.23; osr-final=9.0.0.6","95; Windows 98/ME","","","","freeware","","FREE (Freeware/Open Source per thread legend)","https://msfn.org/board/topic/176623-last-versions-of-software-for-windows-95/#findComment-1137960",,"http://www.oldversion.com/windows/netscape-6-23","msfn-95 osr-final","lead","status LAST (last version supporting Win95); class from source tag 'FREE'; release date per source: 2002-03-15; from reply by ppgrainbow (page 2), not in opening post list; caution (from memory): proprietary client; redistribution terms not verified || source flag FV (final working version)"
"networkpasswordrecovery","Network Password Recovery","nirsoft-pad=1.57","Win7 x32,Win7 x64,Win98,WinVista,WinVista x64,WinXP","","","Security & Privacy::Other","freeware","","NirSoft freeware (redistribution allowed, unmodified, free of charge)","http://www.nirsoft.net/utils/network_password_recovery.html","http://www.nirsoft.net/utils/network_password_recovery.html","http://www.nirsoft.net/toolsdownload/netpass.zip","nirsoft-pad","lead","PAD OS field lists 9x/ME; page says: You can also use this utility for recovering network passwords under Windows 98/ME ... Where the network passwords are stored ? Older versions of Windows (Windows 95,98 and ME) stored the network passwords in pwl files located under the main Windows folder; PAD Program_Type 'Freeware'; class set per NirSoft license terms; page License: This utility is released as freeware. You are allowed to freely distribute this utility via floppy disk, CD-ROM, Internet, or in any other way, as long as you don't charge anything for this and you don't sell it or distribute it as a part of commercial prod..."
"neutron","Neutron","","98SE","","none known","Time Synchronisation","freeware-unclear","","freeware, terms unknown","",,"http://keir.net/neutron.html","msfn-98se","lead","class C?; tags ONGD; FREE; 7KB Atomic Time Synchronisation"
"nexusfile","NexusFile","mdgx-toy=5.3.3","XP/2003/Vista/2008/7/8/8.1/2012/10/2016/2019","","","System Enhancers / File Manager + Windows Explorer / File Explorer Replacement Tools","freeware","","freeware","https://www.mdgx.com/toy.htm","http://www.xiles.net/nexusfile/","http://www.xiles.net/pds/NexusFileSetup5.3.3.exe","mdgx-toy","lead","class from source tag 'freeware' (entry text)"
"ngview","NGView","msfn-kernelex=2.0","Windows 98SE","yes","KernelEx 4.5.1","Apps","unknown","","","","http://www.szamado.hu/ngview/index_en.htm",,"msfn-kernelex","lead","status: working"
"nircmd","NirCmd","nirsoft-pad=2.87","Win2000,Win7 x32,Win7 x64,Win98,WinOther,WinServer,WinVista,WinVista x64,WinXP,Other","","","System Utilities::Automation Tools","freeware","","NirSoft freeware (redistribution allowed, unmodified, free of charge)","https://www.nirsoft.net/utils/nircmd.html","https://www.nirsoft.net/utils/nircmd.html","https://www.nirsoft.net/utils/nircmd.zip","nirsoft-pad","lead","PAD OS field lists 9x/ME; page says: exe System Requirements This utility can work in all versions of Windows operating system: Windows 9x/ME, Windows NT, Windows 2000, Windows XP, Windows Server 2003, Windows Vista, Windows Server 2008, Windows 7, Windows 8 ... 84 Fixed to work again on Windows 98/2000; PAD Program_Type 'Freeware'; class set per NirSoft license terms; page License: This utility is released as freeware. You are allowed to freely distribute this utility via floppy disk, CD-ROM, Internet, or in any other way, as long as you don't charge anything for this. If you distribute this utility, you must include all files in the ..."
"nirext","NirExt","nirsoft-pad=1.01","Win98,WinME,WinNT 4.x,Windows2000,WinXP","","","Desktop::Other","freeware","","NirSoft freeware (redistribution allowed, unmodified, free of charge)","http://www.nirsoft.net/utils/nirext.html","http://www.nirsoft.net/utils/nirext.html","http://www.nirsoft.net/utils/nirext.zip","nirsoft-pad","lead","PAD OS field lists 9x/ME; page says: System Requirements This utility can work in all 32-bit Windows operating systems: Windows 9x, Windows NT, Windows 2000, and Windows XP ... In very old systems (Windows 95/Windows NT), Internet Explorer (version 4; PAD Program_Type 'Freeware'; class set per NirSoft license terms; page License: This utility is released as freeware for personal and non-commercial use. You are allowed to freely distribute this utility via floppy disk, CD-ROM, Internet, or in any other way, as long as you don't charge anything for this. If you distribute this utility...; page limits use to personal/non-commercial"
"nk2view","NK2View","nirsoft-pad=1.43","Win98,WinME,WinNT 4.x,Windows2000,WinXP,Windows2003,Windows Vista Starter,Windows Vista Home Basic,Windows Vista Home Premium,Windows Vista Business,Windows Vista Enterprise,Windows Vista Ultimate","","","System Utilities::Other","freeware","","NirSoft freeware (redistribution allowed, unmodified, free of charge)","http://www.nirsoft.net/utils/outlook_nk2_autocomplete.html","http://www.nirsoft.net/utils/outlook_nk2_autocomplete.html","http://www.nirsoft.net/utils/nk2view.zip","nirsoft-pad","lead","PAD OS field lists 9x/ME; program page does not mention 9x/ME; PAD Program_Type 'Freeware'; class set per NirSoft license terms; page License: This utility is released as freeware. You are allowed to freely distribute this utility via floppy disk, CD-ROM, Internet, or in any other way, as long as you don't charge anything for this. If you distribute this utility, you must include all files in the ..."
"nokiapcsuite","Nokia PC Suite","msfn-98se=5.8","98SE","","unknown","Connectivity","commercial","","proprietary","",,"http://nds2.nokia.com%2Ffiles%2Fsupport%2F...Suite_58_en.exe","msfn-98se","excluded","class D?; tags LAST; FREE; "
"nomadnet","Nomad.NET","mdgx-toy=3.2.0.2745 Beta","XP SP2/2003/Vista/2008/7/8/8.1/2012/10/2016/2019","","Requires Microsoft .Net Framework Redistributable (NFR) 2.0 (free)!","System Enhancers / File Manager + Windows Explorer / File Explorer Replacement Tools","freeware","","freeware","https://www.mdgx.com/toy.htm","http://www.nomad-net.info/","http://www.nomad-net.info/downloads/","mdgx-toy","lead","class from source tag 'freeware' (entry text)"
"nortonantispam","Norton AntiSpam","msfn-98se=2005","98SE","","","Virus and Spyware Scanners + Privacy and Security Tools","commercial","","commercial (per thread tag)","",,"http://www.symantec.com","msfn-98se","excluded","class D; tags LAST; COMM; commercial"
"nortonantivirus","Norton AntiVirus","msfn-98se=2005","98SE","","","Virus and Spyware Scanners + Privacy and Security Tools","commercial","","commercial (per thread tag)","",,"http://www.symantec.com","msfn-98se","excluded","class D; tags LAST; COMM; commercial"
"nortoncleansweep","Norton CleanSweep","msfn-98se=2002","98SE","","","Windows Utilities","commercial","","commercial (per thread tag)","",,"http://www.symantec.com","msfn-98se","excluded","class D; tags LAST; COMM; commercial"
"nortongoback","Norton GoBack","msfn-98se=4.0","98SE","","","Windows Utilities","commercial","","commercial (per thread tag)","",,"http://www.symantec.com","msfn-98se","excluded","class D; tags LAST; COMM; commercial"
"nortoninternetsecurity","Norton Internet Security","msfn-98se=2005","98SE","","","Virus and Spyware Scanners + Privacy and Security Tools","commercial","","commercial (per thread tag)","",,"http://www.symantec.com","msfn-98se","excluded","class D; tags LAST; COMM; commercial"
"nortonpartitionmagic","Norton PartitionMagic","msfn-98se=8.0","98SE","","","Hard Disk Utilities","commercial","","commercial (per thread tag)","",,"http://www.symantec.com","msfn-98se","excluded","class D; tags LAST; COMM; commercial"
"nortonpasswordmanager","Norton Password Manager","msfn-98se=2004","98SE","","","Virus and Spyware Scanners + Privacy and Security Tools","commercial","","commercial (per thread tag)","",,"ftp://ftp.symantec.com/public/english_us_canada/products/norton_password/updates/NPM.exe","msfn-98se","excluded","class D; tags LAST; COMM; commercial"
"nortonpersonalfirewall","Norton Personal Firewall","msfn-98se=2005","98SE","","","Firewalls","commercial","","commercial (per thread tag)","",,"http://www.symantec.com","msfn-98se","excluded","class D; tags LAST; COMM; commercial"
"nortonsystemworks2001","Norton SystemWorks 2001","","95 OSR2.x","","Windows 95 OSR 2.x (superscript 2 in source)","","commercial","","$$$$ (commercial per thread legend)","https://msfn.org/board/topic/176623-last-versions-of-software-for-windows-95/#findComment-1137692",,,"msfn-95","excluded","status LAST (last version supporting Win95); class from source tag '$$$$'; from opening post list"
"nortonutilities","Norton Utilities","msfn-98se=2002 6.0","98SE","","","Windows Utilities","commercial","","commercial (per thread tag)","",,"http://www.symantec.com","msfn-98se","excluded","class D; tags LAST; COMM; commercial"
"nortonwebservices","Norton Web Services","","98SE","","","Connectivity","commercial","","commercial (per thread tag)","",,"http://www.symantec.com","msfn-98se","excluded","class D; tags LAST; COMM; commercial"
"noteand12","Note And 1/2","mdgx-toy=1.3.0","9x/NT4/2000/ME/XP/2003","","","Text Editors","freeware","","donationware","https://www.mdgx.com/toy.htm","https://web.archive.org/web/20080419123048/http://www.designvortex.com/notehalf/","https://web.archive.org/web/20070203154732/http://www.designvortex.com/notehalf/download/notehalf.zip","mdgx-toy","lead","class from source tag 'donationware' (entry text); source marks it discontinued"
"notepad++","Notepad++ (NPP)","msfn-kernelex=6.3.1; osr-final=5.9.1; osr-kernelex=6.3.1","9x/NT4/2000/ME/XP/2003/Vista/2008/7/8/8.1/2012/10/2016/2019/2022/11/2025; 98SE; Windows 98SE; Windows 98/ME","yes","none; KernelEx 4.5.1","Text Editors","open-source","","GPL (version not stated by source)","https://www.mdgx.com/toy.htm","http://www.notepad-plus-plus.org/","http://github.com/notepad-plus-plus/notepad-plus-plus/releases/latest/","mdgx-toy msfn-98se msfn-kernelex osr-final osr-kernelex","lead","class from source tag 'Installer EXE + Portable 7z/ZIP, 4-free GPL, open source' (entry text) || class A; tags ONGD; FREE; SUPPORTED_SYSTEM.md: 98/ME last v6.0, 95 last v3.9 (verified); community reports cite 5.9.x || status: working; qualifier: UNICODE; class from memory"
"notepad2","Notepad2","","9x/NT4/2000/ME/XP/2003/Vista/2008/7/8/8.1/2012; 98SE; Windows 98SE","yes","none for 1.x; KernelEx","Text Editors","open-source","open-source / freeware","GPL (version not stated by source)","https://www.mdgx.com/toy.htm","http://www.flos-freeware.ch/notepad2.html","http://www.flos-freeware.ch/zip/notepad2.zip","mdgx-toy msfn-98se msfn-kernelex","lead","class from source tag 'free GPL' (entry text) || class B; tags ONGD; FREE; 9x support dropped in 2.0.15 (verified), so last 9x release is 1.x (exact version unknown) || status: working; thread note: Version 2.0.12 ANSI works without KX.; class from memory"
"notepadex","NotepadEx","mdgx-toy=1.7.7.4","9x/NT4/2000/ME/XP/2003","","","Text Editors","freeware","","freeware","https://www.mdgx.com/toy.htm","http://www.van-roermund.nl/notepadex/","http://www.van-roermund.nl/notepadex/download/setup.exe","mdgx-toy","lead","class from source tag 'freeware' (entry text)"
"notepadexe","NOTEPAD.EXE","osr-kernelex=5.1.2600.5512","Windows 98/ME","yes","KernelEx","Official Microsoft Files","freeware-unclear","","","",,,"osr-kernelex","excluded","class from memory; Microsoft component (excluded for now)"
"notepadgnu","Notepad GNU","mdgx-toy=2.2.8.32","2000/XP/2003/Vista/2008/7/8/8.1/2012","","","Text Editors","open-source","","GPL (version not stated by source)","https://www.mdgx.com/toy.htm","http://sourceforge.net/projects/notepadgnu/","http://downloads.sourceforge.net/project/notepadgnu/Notepad%20GNU%202.2.8.32/Notepad%20GNU.zip","mdgx-toy","lead","class from source tag 'free GPL' (entry text)"
"notepadnet","Notepad .NET","mdgx-toy=0.2","2000/XP/2003/Vista/2008/7/8/8.1/2012","","Requires Microsoft .Net Framework Redistributable (NFR) (free)!","Text Editors","open-source","","GPL (version not stated by source)","https://www.mdgx.com/toy.htm","http://sourceforge.net/projects/notepaddotnet/","http://downloads.sourceforge.net/project/notepaddotnet/Notepad%20.NET/Notepad%20.NET%200.2/notepaddotnetsetup02.exe","mdgx-toy","lead","class from source tag 'free GPL' (entry text); other tags: free"
"notepadx","Notepad X","mdgx-toy=2.1.2","2000/XP/2003/Vista/2008/7/8/8.1/2012","","","Text Editors","open-source","","GPL (version not stated by source)","https://www.mdgx.com/toy.htm","http://notepad-x.sourceforge.net/","http://downloads.sourceforge.net/project/notepad-x/Notepad%20X%20v%202/Notepad%20X%202.1.2/Notepad-X-Install-2.1.2.exe","mdgx-toy","lead","class from source tag 'free GPL' (entry text)"
"noteparebeta","NotePare beta","mdgx-toy=1.0","9x/NT4/2000/ME/XP/2003","","","Text Editors","freeware","","freeware","https://www.mdgx.com/toy.htm","https://web.archive.org/web/20070716013747/http://www.taotoon.com/tongsoft/NotePare/","https://web.archive.org/web/20070716013747/http://www.taotoon.com/tongsoft/NotePare/Notepare.zip","mdgx-toy","lead","class from source tag 'freeware' (entry text)"
"notetablite","NoteTab Lite","mdgx-toy=6.2","9x/NT4/2000/ME/XP/2003/Vista/2008/7/8/8.1/2012","","","Text Editors","freeware-unclear","","crippled freeware","https://www.mdgx.com/toy.htm","http://www.notetab.com/features.php","http://www.fookes.com/ftp/free/NoteTab_Setup.exe","mdgx-toy","lead","class from source tag 'crippled freeware' (entry text)"
"novoltrackwindows9xmeoemfloppyregistrypatch","NOVOLTRACK: Windows 9x/ME OEM Floppy Registry Patch","","9x/ME","","","WINDOWS MILLENNIUM EDITION (ME) ESSENTIAL FREE UPGRADES + FIXES","open-source","","GPL (version not stated by source)","https://www.mdgx.com/web.htm","https://web.archive.org/web/20151223131252/http://www.ibiblio.org/pub/micro/pc-stuff/freedos/win9x/",,"mdgx-web","lead","class from source tag 'free GPL' (entry text); also listed under: WINDOWS 98 SECOND EDITION (SE) ESSENTIAL FREE UPGRADES + FIXES; also listed under: WINDOWS 95/95A OSR1 ESSENTIAL FREE UPGRADES + FIXES"
"ntfsandudfreaderforwindows98me","NTFS and UDF Reader for Windows 98/ME","","Windows 98/ME","","","Kernel Extensions, Rloew Patches, and Unofficial Updates","unknown","","","","https://retrosystemsrevival.blogspot.com/2020/04/ntfs-and-udf-reader-for-windows-98me.html",,"osr-final","lead","source flag FV (final working version)"
"nullsoftwinamp","Nullsoft Winamp","msfn-98se=5.35","98SE","","none known","Media Players + Encoders + Codecs","commercial","","proprietary (Nullsoft/Llama)","",,"http://download.nullsoft.com/winamp/client/winamp535_full_emusic-7plus.exe","msfn-98se","excluded","class D; tags LAST; FREE; CD support lost in 5.35; not offered by current owner (memory)"
"nvidiaofficialforceware","nVidia Official ForceWare","msfn-98se=81.98; msfn-98se=71.84","98SE","","","nVIDIA Video Drivers","freeware-unclear","","vendor driver (proprietary)","",,"http://www.nvidia.com/object/win9x_81.98.html","msfn-98se","lead","class C?; tags LAST; FREE; GeForce 2MX to 6800; driver; vendor availability not checked || class C?; tags LAST; FREE; TNT2 to GeForce 2; driver; vendor availability not checked"
"nvidiaofficialriva128driver","nVidia Official RIVA 128 driver","","98SE","","","nVIDIA Video Drivers","freeware-unclear","","vendor driver","",,"http://www.nvidia.com/object/riva_drivers.html","msfn-98se","lead","class C?; tags LAST; FREE; driver"
"nvidiaunofficialforceware","nVidia Unofficial ForceWare","msfn-98se=82.69","98SE","","","nVIDIA Video Drivers","commercial","","modified vendor driver","",,"http://www.mdgx.com/files/NV8269.EXE","msfn-98se","excluded","class D; tags LAST; FREE; GeForce 2MX to 8800; unofficial modified driver"
"nyammp3player","Nyam MP3 Player","","Windows 98/ME","","","MP3/Music Player","unknown","","","",,,"osr-final","lead","qualifier: late december 2014 build worked"
"odinpasswordsecuritymanager","Odin Password Security Manager","msfn-kernelex=6.5.2; osr-kernelex=6.5.2","Windows 98SE; Windows 98/ME","yes","KernelEx","Password Managers","unknown","","","",,,"msfn-kernelex osr-kernelex","lead","status: working"
"odysseyclient","Odyssey Client","osr-final=4.52","Windows 98/ME","","","Wireless Clients","commercial","","","",,,"osr-final","excluded","source flag FV (final working version); class from memory"
"oemlogostamper","OEM Logo Stamper","mdgx-toy=2.07","9x/NT4/2000/ME/XP/2003","","","System + Registry Tweakers","freeware-unclear","","nag freeware","https://www.mdgx.com/toy.htm","http://www.zemsoft.biz/ols.html","http://www.zemsoft.biz/downloads/olsfree.exe","mdgx-toy","lead","class from source tag 'nag freeware' (entry text)"
"officeins","OfficeIns","nirsoft-pad=1.20","Win7 x32,Win7 x64,Win98,WinVista,WinVista x64,WinXP","","","System Utilities::Other","freeware","","NirSoft freeware (redistribution allowed, unmodified, free of charge)","http://www.nirsoft.net/utils/officeins.html","http://www.nirsoft.net/utils/officeins.html","http://www.nirsoft.net/utils/officeins.zip","nirsoft-pad","lead","PAD OS field lists 9x/ME; program page does not mention 9x/ME; PAD Program_Type 'Freeware'; class set per NirSoft license terms; page License: This utility is released as freeware. You are allowed to freely distribute this utility via floppy disk, CD-ROM, Internet, or in any other way, as long as you don't charge anything for this. If you distribute this utility, you must include all files in the ..."
"old2005doshelpsystemwindows9598meinstallexe","OLD 2005 DOS Help System, Windows 95/98/ME Install EXE","","95/98/ME","","","Windows ME Updates + Fixes","unknown","","","","https://www.mdgx.com/add.htm#INF","https://www.mdgx.com/files/HELPHLP.EXE","mdgx-web","lead","also listed under: Windows 98 SE Updates + Fixes; also listed under: Windows 95 Updates + Fixes"
"oldmediaplayerclassicfrontendgui+commandlinetool","OLD Media Player Classic (MPC) front end GUI + command line tool","mdgx-toy=6.4.9.1","98/2000/ME/XP/2003/Vista/2008/7","","Requires WMP + DirectX 7/8/9/10/11 already installed! | Windows XP + 2003 require Windows Media Player 11.0 (WMP11) Media Format (WMF11) Codecs or Windows Media Player 11.0 (WMP11) already installed. | Windows 2000 requires Windows Media Player 9.0 (WMP9) already installed.","Media Players + Recorders","open-source","","GPL (version not stated by source)","https://www.mdgx.com/toy.htm","http://sourceforge.net/projects/guliverkli2/","http://downloads.sourceforge.net/project/guliverkli2/Media%20Player%20Classic/6.4.9.1/mplayerc_20100214.zip","mdgx-toy","lead","label: OLD Media Player Classic (MPC); class from source tag 'free GPL' (entry text); source marks it discontinued"
"oldmenumodetsr","Old Menu Mode TSR","mdgx-toy=1.10","9x/NT4/ME","","","System Enhancers / Other Enhancement Tools","freeware","","freeware","https://www.mdgx.com/toy.htm","http://www.artefaktur.com/corporate/kommer/projects/oldmenumode/oldmenumode-en.html","http://www.artefaktur.com/downloads/old/oldmmode/OldMenuMode_1.10.zip","mdgx-toy","lead","class from source tag 'freeware' (entry text)"
"oldunofficialwindows9898semeoptionpack","OLD Unofficial Windows 98/98 SE/ME Option Pack (OP) 1.01","","98/98 SE/ME","","","Windows 98 SE Unofficial Updates + Fixes","freeware","","English, free","https://www.mdgx.com/web.htm","https://web.archive.org/web/20071223225208/http://www.msfn.org/board/index.php?showtopic=52318","https://www.mdgx.com/spx/98OP101.EXE","mdgx-web","lead","label: OLD Option Pack 98; class from source tag 'English, free' (entry text); source marks it discontinued"
"oldunofficialwindows9898sp198semepowerpack","OLD Unofficial Windows 98/98 SP1/98 SE/ME Power Pack (W9xPP) 5.01","","98/98 SP1/98 SE/ME","yes","KernelEx (mentioned)","Windows 98 SE Unofficial Updates + Fixes","freeware","","English, free","https://www.mdgx.com/web.htm","http://www.msfn.org/board/index.php?showtopic=100090","https://www.mdgx.com/spx/W9XPP.ZIP","mdgx-web","lead","label: OLD Win9x Power Pack; class from source tag 'English, free' (entry text); source marks it discontinued"
"oldunofficialwindows98seautopatcher","OLD Unofficial Windows 98 SE Auto-Patcher","mdgx-web=2.60","98 SE","","Auto-Patcher December 2008 Upgrade requires Auto-Patcher December 2007 Full already installed!","Windows 98 SE Unofficial Updates + Fixes","freeware","","English, free","https://www.mdgx.com/web.htm","http://www.msfn.org/board/index.php?showtopic=80800","https://www.mdgx.com/spx/AP2007.EXE","mdgx-web","lead","label: OLD Auto-Patcher; class from source tag 'English, free' (entry text); source marks it discontinued"
"oldunofficialwindowsmeservicepack1","OLD Unofficial Windows ME Service Pack 1 (SP1) 2.02 Beta 9","","ME","","","Windows ME Service Packs (SPs)","freeware","","free","https://www.mdgx.com/web.htm","http://www.msfn.org/board/index.php?showtopic=61407","https://www.mdgx.com/spx/MESP1.EXE","mdgx-web","lead","label: OLD ME SP1; class from source tag 'free' (entry text)"
"oleclean","OleClean","mdgx-toy=1.4","9x/NT4/2000/ME","","","System + Registry Fixers","freeware","","freeware","https://www.mdgx.com/toy.htm","http://www.majorgeeks.com/download452.html",,"mdgx-toy","lead","class from source tag 'freeware' (entry text)"
"onfolioexpress","Onfolio Express","","2000/XP/2003","","","System Enhancers / Other Enhancement Tools","commercial","","Microsoft (proprietary)","",,"http://download.microsoft.com/download/5/6/d/56df59ed-6356-4f18-a7e3-82a65a0865e8/onfolio103_Express_Final.exe","mdgx-toy","excluded","class from source tag 'freeware' (entry text); Microsoft component: source tag describes a free download, not redistribution rights; Microsoft component; class from memory"
"ootake","Ootake","msfn-kernelex=2.40","Windows 98SE","yes","KernelEx","Games","freeware-unclear","","","","http://www.ouma.jp/ootake",,"msfn-kernelex","lead","status: working; class from memory"
"openoffice","Open Office","msfn-98se=2.4.2; osr-final=2.4.3; osr-kernelex=3.2.1","98SE; Windows 98/ME","yes","none known; KernelEx 4.5.2; Internet Explorer 5.5","Office Programs","open-source","","LGPL-3.0 (memory)","",,"http://www.openoffice.org","msfn-98se osr-final osr-kernelex","lead","class A; tags LAST; FREE; OpenOffice.org 2.4.2 || source flag FV (final working version); class from memory || class from memory"
"openofficeorg","OpenOffice.org","msfn-kernelex=3.1.1","Windows 98SE","yes","KernelEx 4.0","Apps","open-source","","LGPL-3.0-only","","http://download.openoffice.org",,"msfn-kernelex","lead","status: working; class from memory"
"openssl","OpenSSL","osr-final=1.0.2t","Windows 95/98/ME","","","Internet Tools","open-source","","OpenSSL","","http://blog.livedoor.jp/blackwingcat/archives/1591502.html",,"osr-final","lead","unofficial build/backport per source; class from memory"
"opera","Opera","msfn-95=10.10; msfn-98se=10.54; msfn-98se=10.63; msfn-kernelex=10.61; osr-final=10.70 Build 9000; osr-kernelex=12.02","95; 98SE; Windows 98SE; Windows 98/ME","yes","none known; KernelEx 4.5.2; KernelEx","","freeware","freeware / freeware-unclear","FREE (Freeware/Open Source per thread legend)","https://msfn.org/board/topic/176623-last-versions-of-software-for-windows-95/#findComment-1137735","http://www.opera-usb.com","http://www.oldapps.com/opera.php?old_opera=74","msfn-95 msfn-98se msfn-kernelex osr-final osr-kernelex","lead","status LAST (last version supporting Win95); class from source tag 'FREE'; release date per source: 2009-11-23; from reply by ppgrainbow (page 1), not in opening post list; caution (from memory): proprietary freeware; redistribution terms not verified || class C; tags LAST; FREE; duplicate of Opera entry (mail) || class C; tags LAST; FREE; Opera archive may still host 10.63 (unverified)"
"operacacheview","OperaCacheView","nirsoft-pad=1.40","Win2000,Win7 x32,Win7 x64,Win98,WinOther,WinServer,WinVista,WinVista x64,WinXP,Other","","","Network & Internet::Browser Tools","freeware","","NirSoft freeware (redistribution allowed, unmodified, free of charge)","http://www.nirsoft.net/utils/opera_cache_view.html","http://www.nirsoft.net/utils/opera_cache_view.html","http://www.nirsoft.net/utils/operacacheview.zip","nirsoft-pad","lead","PAD OS field lists 9x/ME; page says: System Requirements This utility works on any version of Windows, From Windows 98 to Windows 7 ... However, for Windows 98/ME, you have to download the non-Unicode version; PAD Program_Type 'Freeware'; class set per NirSoft license terms; page License: This utility is released as freeware. You are allowed to freely distribute this utility via floppy disk, CD-ROM, Internet, or in any other way, as long as you don't charge anything for this. If you distribute this utility, you must include all files in the ..."
"optimizerxp","Optimizer XP","mdgx-toy=3.5XG","9x/NT4/2000/ME/XP/2003","","","System + Registry Tweakers","freeware","","freeware","https://www.mdgx.com/toy.htm","http://www.windowsxlive.net/optimizer-xp/","http://www.windowsxlive.net/download/optimizerxp.zip","mdgx-toy","lead","class from source tag 'freeware' (entry text)"
"packedbitstreamremover","Packed Bitstream Remover","msfn-98se=1.1","98SE","","unknown","Media Players + Encoders + Codecs","freeware-unclear","","freeware, terms unknown","",,"http://www.burrrn.net/?page_id=6","msfn-98se","lead","class C?; tags ONGD; FREE; GUI Modifier"
"paintcom","Paint.COM","mdgx-toy=2009.1","2000/XP/2003/Vista/2008/7","","","Graphics Editors","freeware","","freeware, right-click to save!","https://www.mdgx.com/toy.htm","http://www.rw-designer.com/image-editor/","http://www.rw-designer.com/2009.1/RWPaintCOM.msi","mdgx-toy","lead","class from source tag 'freeware, right-click to save!' (entry text)"
"paintnet","Paint.NET","mdgx-toy=4.3; osr-final=2.72","7 SP1/8/8.1/2012/10/2016/2019; Windows 98/ME","","Requires Microsoft .Net Framework Redistributable (NFR) 4.7.2 (free)!","Graphics Editors","freeware","freeware / open-source","freeware","https://www.mdgx.com/toy.htm","http://www.getpaint.net/","http://www.getpaint.net/download.html","mdgx-toy osr-final","lead","class from source tag 'freeware' (entry text) || source flag FV (final working version); class from memory"
"paintribbon","PaintRibbon","mdgx-toy=1.1.0.0","XP/2003/Vista/2008/7","","","Graphics Editors","freeware-unclear","","freeware for personal use","https://www.mdgx.com/toy.htm","http://www.bluuur.com/paintribbon/","http://www.softpedia.com/get/Multimedia/Graphic/Graphic-Editors/PaintRibbon.shtml","mdgx-toy","lead","class from source tag 'freeware for personal use' (entry text)"
"palemoon","Pale Moon","msfn-kernelex=3.6.26; osr-kernelex=3.6.26","Windows 98SE; Windows 98/ME","yes","KernelEx 4.5.2; KernelEx","Web Browsers","open-source","","","","http://www.palemoon.org",,"msfn-kernelex osr-kernelex","lead","status: working; thread note: version 9.1 needs further steps, see page 4; class from memory || class from memory"
"paperbeta","Paper beta","mdgx-toy=3.2a","9x/NT4/2000/ME","","","System Enhancers / Other Enhancement Tools","freeware","","freeware","https://www.mdgx.com/toy.htm","http://krapplets.cream.org/paper.shtml","http://krapplets.cream.org/paper/paper.zip","mdgx-toy","lead","class from source tag 'freeware' (entry text)"
"partitionlogic","Partition Logic","msfn-98se=0.69","98SE","","boot CD, not a Windows program","Hard Disk Utilities","open-source","","GPL (memory, unverified)","",,"http://partitionlogic.org.uk","msfn-98se","lead","class A?; tags ONGD; FREE; Repartition, Formats. Boots from CD"
"partitionmagic","PartitionMagic","msfn-95=8.0.4","95","","","","commercial","","$$$$ (commercial per thread legend)","https://msfn.org/board/topic/176623-last-versions-of-software-for-windows-95/#findComment-1137742",,,"msfn-95","excluded","status LAST (last version supporting Win95); class from source tag '$$$$'; discontinued; from reply by ppgrainbow (page 1), not in opening post list"
"passwordfolder","Passwordfolder","msfn-kernelex=1.0; osr-kernelex=1.0b","Windows 98SE; Windows 98/ME","yes","KernelEx 4.0; KernelEx","Security","unknown","","","",,,"msfn-kernelex osr-kernelex","lead","status: working"
"paypalpaymentwizard","PayPal Payment Wizard","","98 SE/2000/ME/XP/2003","","","System Enhancers / Other Enhancement Tools","commercial","","Microsoft (proprietary)","",,"http://download.microsoft.com/download/3/5/6/35669605-11d8-4a3f-b1ad-6820c8443de6/PayPalSetup.exe","mdgx-toy","excluded","class from source tag 'freeware' (entry text); Microsoft component: source tag describes a free download, not redistribution rights; Microsoft component; class from memory"
"pcanywhere","pcAnywhere","msfn-98se=12.0","98SE","","","Connectivity","commercial","","commercial (per thread tag)","",,"http://www.symantec.com","msfn-98se","excluded","class D; tags LAST; COMM; commercial"
"pcimageeditor","PC Image Editor","mdgx-toy=3.65","98/NT4/2000/ME/XP/2003/Vista/2008/7","","","Graphics Editors","freeware-unclear","","crippled freeware","https://www.mdgx.com/toy.htm","http://www.program4pc.com/image_editor.html","http://www.program4pc.com/download/PCImageEdSetup.exe","mdgx-toy","lead","class from source tag 'crippled freeware' (entry text)"
"pctunerbeta5specialedition","pcTuner beta 5 Special Edition","mdgx-toy=1.8","9x/NT4/2000/ME/XP","","","System + Registry Tweakers","freeware","","freeware","https://www.mdgx.com/toy.htm","http://flyrl.perm.ru/?part=pctuner","http://flyrl.perm.ru/files/pctuner_1_8_b5_911_edition_install.exe","mdgx-toy","lead","class from source tag 'freeware' (entry text)"
"pcwizard","PC Wizard","msfn-98se=2008.1.81; msfn-kernelex=2010.1.95; osr-kernelex=2010.1.95","98SE; Windows 98SE; Windows 98/ME","yes","unknown; KernelEx","Windows Utilities","commercial","commercial / freeware-unclear","proprietary","",,"http://www.cpuid.com/pcwizard.php","msfn-98se msfn-kernelex osr-kernelex","excluded","class D?; tags ONGD; FREE; diagnostic and benchmarking tool; discontinued (memory) || status: partially working; thread note: Some info cannot be retrieved (like temperatures), some details cause system to hang up, but most of the stuff were detected and displayed correctly.; class from memory || class from memory"
"pdfxchangeviewer","PDF Xchange Viewer","msfn-kernelex=build 2.5.201.0; osr-kernelex=2.5.203","Windows 98SE; Windows 98/ME","yes","KernelEx 4.5.2; KernelEx 4.5.2; Windows 2000 SP4","Document Viewer (PDF, Epub, etc.)","freeware-unclear","","","",,,"msfn-kernelex osr-kernelex","lead","status: working; class from memory || class from memory"
"peazip","PeaZip","osr-final=5.5.1","Windows 98/ME, Windows NT 4.0","","","File Achieve Software","open-source","","LGPL-3.0-only","",,,"osr-final","lead","source flag FV (final working version); class from memory"
"peazipfrontendgui+doscommandlinetool","PeaZip front end GUI + DOS command line tool","mdgx-toy=5.9.0","9x/NT4/2000/ME/XP/2003/Vista/2008/7/8/8.1/2012/10","","","File Shrinkers","open-source","","GPL (version not stated by source)","https://www.mdgx.com/toy.htm","http://www.peazip.org/","http://www.peazip.org/downloads/peazip-5.9.0.WIN64.exe","mdgx-toy","lead","label: PeaZip; class from source tag 'free GPL' (entry text)"
"pechecksumcommandlinetool","PE Checksum command line tool","mdgx-toy=1.4","Vista/2008/7/8/8.1/2012; NT4/2000/XP/2003/Vista/2008/7/8/8.1/2012","","","Hex Editors / FREE Windows x/NTx Checksum Tools","freeware-unclear","freeware / freeware-unclear","free subscription required!","https://www.mdgx.com/toy.htm","http://www.ryanvm.net/forum/viewtopic.php?t=5381",,"mdgx-toy","lead","class from source tag 'free' (entry text) || class from source tag 'free subscription required!' (entry text)"
"peermonitor","Peer Monitor","msfn-98se=1.6.74","98SE","","unknown","Others","freeware-unclear","","freeware, terms unknown","",,"http://www.peermonitor.com/download.aspx","msfn-98se","lead","class C?; tags LAST; FREE; "
"peinfo","PEInfo","mdgx-toy=0.9 Beta","98/NT4/2000/ME/XP/2003/Vista/2008/7/8/8.1/2012","","","Hex Editors","freeware","","freeware","https://www.mdgx.com/toy.htm","http://www.pazera-software.com/products/peinfo/","http://www.pazera-download.com/development/PEInfo.rar","mdgx-toy","lead","class from source tag 'freeware' (entry text)"
"phantasystaronlineblueburst","PHANTASY STAR ONLINE Blue Burst","","98SE","","","Games","commercial","","commercial (per thread tag)","",,"http://psobb.com/index.php","msfn-98se","excluded","class D; tags LAST; COMM; dx9.0b, OLG; commercial"
"phantasystaruniverseambitionoftheilluminus","Phantasy Star Universe: Ambition of the Illuminus","","Windows 98SE","yes","KernelEx 4.5; d3dx9_33.dll","Games","unknown","","","","http://phantasystaruniverse.jp/home",,"msfn-kernelex","lead","status: partially working; thread note: Requires d3dx9_33.dll, no movie playback."
"photobie","Photobie","mdgx-toy=3.0","2000/XP/2003","","Requires Microsoft .Net Framework Redistributable (NFR) 1.0 (free)!","Graphics Editors","freeware","","freeware","https://www.mdgx.com/toy.htm","http://www.photobie.com/","http://www.photobie.com/Download/PhotobieInstaller.exe","mdgx-toy","lead","class from source tag 'freeware' (entry text)"
"photocreatorse","PhotoCreator SE","","Windows 98SE; Windows 98/ME","yes","KernelEx","Image Viewers","unknown","","","","http://www.photocreator.jp/photocreator.html",,"msfn-kernelex osr-kernelex","lead","status: working; thread note: Only installable on Japanese Windows, but works on non-Japanese Windows. Sometimes the program may crash. || qualifier: 2013 or earlier build; Japanese language"
"photofiltre","PhotoFiltre","msfn-95=7.2.1; osr-final=7.2.1","95; 98SE; Windows 98/ME","","unknown","","freeware","freeware / freeware-unclear","FREE (Freeware/Open Source per thread legend)","https://msfn.org/board/topic/176623-last-versions-of-software-for-windows-95/#findComment-1137692","https://www.photofiltre-studio.com/pf7-en.htm","http://static.infomaniak.ch/photofiltre/utils/pf7/pf7-en-7.2.1.zip","msfn-95 msfn-98se osr-final","lead","status ???? (unknown if last); class from source tag 'FREE'; from opening post list; caution (from memory): PhotoFiltre 7: free for private/educational use || class C?; tags ONGD; FREE;  || source flag FV? (final working version); qualifier: May 8, 2015; class from memory"
"photoscape","Photoscape","msfn-98se=3.1","98/2000/ME/XP/2003/Vista/2008/7/8/8.1/2012; 98SE","","unknown","Graphics Editors","freeware","freeware / freeware-unclear","freeware","https://www.mdgx.com/toy.htm","http://www.photoscape.org/","http://www.photoscape.org/ps/main/index.php","mdgx-toy msfn-98se","lead","class from source tag 'freeware' (entry text) || class C?; tags ONGD; FREE; "
"photoshopcs","Photoshop CS","","Windows 98SE","yes","KernelEx","Apps","commercial","","","",,,"msfn-kernelex","excluded","status: working; class from memory"
"photosite","PhotoSite","","98 SE/2000/ME/XP/2003","","","System Enhancers / Other Enhancement Tools","commercial","","Microsoft (proprietary)","",,"http://download.microsoft.com/download/0/8/8/088c4e59-e386-4587-81bb-52712a8e95db/photosite_installer.exe","mdgx-toy","excluded","class from source tag 'freeware' (entry text); Microsoft component: source tag describes a free download, not redistribution rights; Microsoft component; class from memory"
"pieceofcake","PieceofCake","msfn-98se=2009","98SE","","unknown","Others","freeware-unclear","","freeware, terms unknown","",,"http://www.pieceofcake.ws","msfn-98se","lead","class C?; tags ONGD; FREE; (Recipe Manager)"
"pixelformer","Pixelformer","msfn-kernelex=0.9.6.3; osr-kernelex=0.9.6.3","Windows 98SE; Windows 98/ME","yes","KernelEx","Digital Art Software","freeware-unclear","","","","http://www.qualibyte.com/pixelformer",,"msfn-kernelex osr-kernelex","lead","status: working; class from memory || class from memory"
"pixeltoolbox","PixelToolbox","mdgx-toy=1.1","9x/NT4/2000/ME/XP/2003","","","Graphics Editors / FREE Windows 9x/NTx Icon Tools","freeware","","freeware","https://www.mdgx.com/toy.htm","http://www.axiomx.com/PixelToolbox/","http://www.axiomx.com/PixelToolbox/PixelToolbox.zip","mdgx-toy","lead","class from source tag 'freeware' (entry text)"
"pixia","Pixia","msfn-98se=4.xx","98SE","","unknown","Graphical Design","freeware-unclear","","freeware, terms unknown","",,"http://park18.wakwak.com/~pixia","msfn-98se","lead","class C?; tags ONGD; FREE; "
"popupkiller","PopUpKiller","msfn-98se=1.45.5","98SE","","unknown","Internet Plugins + Utilities","open-source","","unknown (SourceForge-hosted)","",,"http://sourceforge.net/project/showfiles.php?group_id=48678","msfn-98se","lead","class A?; tags ONGD; FREE; license not checked"
"postitsoftwarenotes","Post-it Software Notes","","98 SE/2000/ME/XP/2003","","","System Enhancers / Other Enhancement Tools","commercial","","Microsoft (proprietary)","",,"http://download.microsoft.com/download/8/a/9/8a9237b5-416a-4b68-a191-0736946a1992/SoftwareNotes.msi","mdgx-toy","excluded","class from source tag 'freeware, right-click to save!' (entry text); Microsoft component: source tag describes a free download, not redistribution rights; Microsoft component; class from memory"
"potplayer","PotPlayer","","Windows 98/ME","yes","KernelEx","Media Players","freeware-unclear","","","",,,"osr-kernelex","lead","source reports limitations or untested details; class from memory"
"powerarchiver","PowerArchiver","","9x/NT4/2000/ME/XP/2003/Vista/2008/7","","","File Shrinkers","shareware","","nag shareware, $23","https://www.mdgx.com/toy.htm","http://www.powerarchiver.com/","http://dl.powerarchiver.com/2010/powarc1163.exe","mdgx-toy","excluded","class from source tag 'nag shareware, $23' (sub-item text); other tags: last freeware version"
"powercomupsmon","Powercom UPSMON","msfn-98se=2.743","98SE","","unknown","Uninterruptible Power Supply (UPS)","freeware-unclear","","vendor software","",,"http://www.pcmups.com.tw/download/Download/upsmon2_743.zip","msfn-98se","lead","class C?; tags LAST; FREE; "
"powerdefragbeta2","PowerDefrag beta 2","mdgx-toy=2.10","9x/ME","","","System Enhancers / Other Enhancement Tools","freeware","","freeware","https://www.mdgx.com/toy.htm",,"http://www.microland.com.br/files/Pdc210B2.exe","mdgx-toy","lead","class from source tag 'freeware' (entry text)"
"powerdesk","PowerDesk","mdgx-toy=5.0; msfn-95=5.0.1.6","9x/NT4/2000/ME/XP/2003; 95","","","System Enhancers / File Manager + Windows Explorer / File Explorer Replacement Tools","freeware","","freeware","https://www.mdgx.com/toy.htm https://msfn.org/board/topic/176623-last-versions-of-software-for-windows-95/#findComment-1137692","http://www.v-com.com/product/PowerDesk_Pro_Compare2.html","http://www.v-com.com/download/pd/pd5free.exe","mdgx-toy msfn-95","lead","class from source tag 'freeware' (entry text) || status LAST (last version supporting Win95); class from source tag 'FREE'; from opening post list"
"poweriso","PowerISO","","Windows 98/ME","","","CD Burning Software","shareware","","","",,,"osr-final","excluded","source flag FV (final working version); source reports limitations; class from memory"
"powermenu","PowerMenu","mdgx-toy=1.51","9x/NT4/2000/ME/XP","","","System Enhancers / Other Enhancement Tools","freeware","","freeware","https://www.mdgx.com/toy.htm","http://www.veridicus.com/tummy/programming/powermenu/","http://www.veridicus.com/tummy/programming/powermenu/PowerMenu_1_5_1.zip","mdgx-toy","lead","class from source tag 'freeware' (entry text)"
"poweroff","Poweroff","mdgx-toy=3.0.1.3","9x/NT4/2000/ME/XP/2003","","","System Enhancers / Other Enhancement Tools","freeware","","freeware","https://www.mdgx.com/toy.htm","http://users.pandora.be/jbosman/poweroff/poweroff.htm","http://users.pandora.be/jbosman/pwroff30.zip","mdgx-toy","lead","class from source tag 'freeware' (entry text)"
"powerpro","PowerPro","mdgx-toy=4.5","9x/NT4/2000/ME/XP/2003","","","System Enhancers / Other Enhancement Tools","freeware","","freeware","https://www.mdgx.com/toy.htm","http://powerpro.webeddie.com/","http://powerpro.webeddie.com/download/pwrpro45.zip","mdgx-toy","lead","class from source tag 'freeware' (entry text)"
"powerquestpartitionmagic","PowerQuest PartitionMagic","msfn-98se=v8.02","98SE","","","Hard Disk Utilities","commercial","","commercial (per thread tag)","",,,"msfn-98se","excluded","class D; tags LAST; COMM; convert NTFS to FAT32; 8.01 prefered; commercial"
"prey","Prey","","Windows 98SE","yes","KernelEx","Games","commercial","","","",,,"msfn-kernelex","excluded","status: working; class from memory"
"primaperltoolkit","Prima Perl Toolkit","msfn-98se=1.23","98SE","","unknown","Programming","open-source","","unknown","",,"http://www.prima.eu.org/","msfn-98se","lead","class A?; tags ONGD; FREE; license not checked"
"privoxy","Privoxy","","98SE","","unknown","Internet Plugins + Utilities","open-source","","GPL-2.0 (memory)","",,"http://www.privoxy.org","msfn-98se","lead","class A; tags ONGD; FREE; Internet Privacy Tool; last 9x version unknown"
"processexplorer","Process Explorer","msfn-95=10.06; msfn-98se=11.11","95; 98SE","","","","freeware","freeware / commercial","FREE (Freeware/Open Source per thread legend)","https://msfn.org/board/topic/176623-last-versions-of-software-for-windows-95/#findComment-1137747",,"https://web-beta.archive.org/web/20060421175947/http://www.sysinternals.com/Files/ProcessExplorer9x.zip","msfn-95 msfn-98se","lead","status LAST (last version supporting Win95); class from source tag 'FREE'; release date per source: 2006-02-22; from reply by ppgrainbow (page 1), not in opening post list; caution (from memory): Sysinternals tool; redistribution not permitted by its license || class D; tags LAST; FREE; Microsoft"
"procommplus","Procomm Plus","msfn-98se=4.8","98SE","","","Connectivity","commercial","","commercial (per thread tag)","",,"http://www.symantec.com","msfn-98se","excluded","class D; tags LAST; COMM; commercial"
"produkey","ProduKey","nirsoft-pad=1.97","Win2000,Win7 x32,Win7 x64,Win98,WinVista,WinVista x64,WinXP","","","System Utilities::System Maintenance","freeware","","NirSoft freeware (redistribution allowed, unmodified, free of charge)","https://www.nirsoft.net/utils/product_cd_key_viewer.html","https://www.nirsoft.net/utils/product_cd_key_viewer.html","https://www.nirsoft.net/utils/produkey.zip","nirsoft-pad","lead","PAD OS field lists 9x/ME; page says: Supported Products List Microsoft Windows 98/ME Microsoft Windows 2000 Microsoft Windows NT Microsoft Windows XP Microsoft Windows Vista Microsoft Windows Server 20; PAD Program_Type 'Freeware'; class set per NirSoft license terms; page License: keys under Windows 7/8/2008, the product key is not stored in the Registry, and thus 'Product key was not found' message will be displayed. If you bought your computer with installed operating system, you may find the Windows product key appeared in ProduKe...; CHECK: page License section does not mention distribution"
"programmersfileeditor","Programmer's File Editor ( PFE32 )","mdgx-toy=1.01; msfn-98se=1.01","9x/NTx; 98SE","","none known","Text Editors","freeware","freeware / commercial","freeware","https://www.mdgx.com/toy.htm","http://www.lancs.ac.uk/people/steveb/cpaap/pfe/","http://www.lancaster.ac.uk/~steveb/cpaap/pfe/pfe101i.zip","mdgx-toy msfn-98se","lead","label: Programmer's File Editor (PFE32); class from source tag 'freeware' (entry text); source marks it discontinued || class D?; tags LAST; FREE; publisher page probably gone (unverified)"
"programmersnotepad","Programmer's Notepad (PN2) (Portable) 2.4.2 RC","","9x/NTx","","","Text Editors","open-source","","free open source","https://www.mdgx.com/toy.htm","http://www.pnotepad.org/","http://www.pnotepad.org/download/","mdgx-toy","lead","label: Programmer's Notepad; class from source tag 'free open source' (entry text)"
"projectdogwaffle","Project Dogwaffle","mdgx-toy=1.2","98 SE/2000/ME/XP/2003","","","Graphics Editors","freeware-unclear","","crippled freeware","https://www.mdgx.com/toy.htm","http://www.thebest3d.com/dogwaffle/free/","http://www.thebest3d.com/dogwaffle/free/#download","mdgx-toy","lead","class from source tag 'crippled freeware' (entry text)"
"prolix","Prolix","mdgx-toy=3.2","9x/NT4/2000/ME/XP/2003","","","Text Editors","freeware","","freeware","https://www.mdgx.com/toy.htm","http://www.kobayashi.com/prolix/","http://www.kobayashi.com/software/prolix32_v32.zip","mdgx-toy","lead","class from source tag 'freeware' (entry text)"
"propertiesplus","PropertiesPlus","mdgx-toy=1.65","9x/NT4/2000/ME/XP","","","System Enhancers / Other Enhancement Tools","freeware","","freeware","https://www.mdgx.com/toy.htm",,"http://downloads.pcworld.com/pub/new/utilities/file_management/pplus165.exe","mdgx-toy","lead","class from source tag 'freeware' (entry text)"
"propertyedit","Property Edit","mdgx-toy=2.5.0.0","9x/NT4/2000/ME/XP/2003/Vista/2008/7","","","Hex Editors","freeware","","freeware","https://www.mdgx.com/toy.htm","http://www.mh-nexus.de/en/programs.php","http://www.mh-nexus.de/en/downloads.php?product=PropEdit","mdgx-toy","lead","class from source tag 'freeware' (entry text)"
"protectedstoragepassview","Protected Storage PassView","nirsoft-pad=1.63","Win95,Win98,WinME,WinNT 4.x,Windows2000,WinXP","","","Security & Privacy::Password Managers","freeware","","NirSoft freeware (redistribution allowed, unmodified, free of charge)","http://www.nirsoft.net/utils/pspv.html","http://www.nirsoft.net/utils/pspv.html","http://www.nirsoft.net/toolsdownload/pspv.zip","nirsoft-pad","lead","PAD OS field lists 9x/ME; page says: tility that can extract the passwords of Internet Explorer 7: IE PassView System Requirements Windows operating system: Windows 95/98/ME, Windows NT, Windows 2000 or Windows XP; PAD Program_Type 'Freeware'; class set per NirSoft license terms; page License: This utility is released as freeware. Do not use this utility for illegal activity, and do not use it for getting passwords of a computer that is not yours. If you distribute this utility, you must include the executable file and the readme file in the dist..."
"pspad","PSPad","","9x/NT4/2000/ME/XP/2003/Vista/2008/7/8/8.1/2012","","","Text Editors","freeware","","freeware","https://www.mdgx.com/toy.htm","http://www.pspad.com/en/","http://www.pspad.com/files/pspad/pspad454inst_en.exe","mdgx-toy","lead","class from source tag 'freeware' (entry text)"
"pstpassword","PstPassword","nirsoft-pad=1.20","Win2000,Win7 x32,Win7 x64,Win98,WinVista,WinVista x64,WinXP","","","Security & Privacy::Other","freeware","","NirSoft freeware (redistribution allowed, unmodified, free of charge)","http://www.nirsoft.net/utils/pst_password.html","http://www.nirsoft.net/utils/pst_password.html","http://www.nirsoft.net/toolsdownload/pstpassword.zip","nirsoft-pad","lead","PAD OS field lists 9x/ME; program page does not mention 9x/ME; PAD Program_Type 'Freeware'; class set per NirSoft license terms; page License: This utility is released as freeware. You are allowed to freely distribute this utility via floppy disk, CD-ROM, Internet, or in any other way, as long as you don't charge anything for this. If you distribute this utility, you must include all files in the ..."
"psx","pSX","osr-final=1.13","Windows 98/ME","","","Virtualization/Emulation Software","freeware-unclear","","","",,,"osr-final","lead","source flag FV (final working version); class from memory"
"punkbuster","PunkBuster","","Windows 98SE; Windows 98/ME","yes","KernelEx","Other","unknown","","","",,,"msfn-kernelex osr-final","lead","status: working"
"putty","PuTTY","osr-final=0.63","Windows 98/ME","","","SSH and Telenet Client","open-source","","MIT","",,,"osr-final","lead","qualifier: test later versions; class from memory"
"python","Python","osr-final=2.7","Windows 95/98/ME","","","Coding Languages","open-source","","PSF-2.0","","https://msfn.org/board/topic/162317-python-27-for-windows-95/",,"osr-final","lead","source flag FV (final working version); unofficial build/backport per source; class from memory"
"qdir","Q-Dir","mdgx-toy=4.42","98/NT4/2000/ME/XP/2003/Vista/2008/7","","","System Enhancers / File Manager + Windows Explorer / File Explorer Replacement Tools","freeware","","freeware","https://www.mdgx.com/toy.htm","http://www.softwareok.com/?seite=Freeware/Q-Dir","http://www.softwareok.com/?Download=Q-Dir","mdgx-toy","lead","class from source tag 'freeware' (entry text)"
"qemupcemulator","QEMU PC Emulator","msfn-kernelex=0.13.0; osr-kernelex=0.13.0","Windows 98SE; Windows 98/ME","yes","KernelEx 4.5.1; XP mode","Virtualization/Emulation Software","open-source","","","","http://homepage3.nifty.com/takeda-toshiya/qemu",,"msfn-kernelex osr-kernelex","lead","status: working; class from memory || class from memory"
"qt","Qt","osr-final=4.4.3; osr-final=4.5.3","Windows 98/ME","","","IDE (Integrated Development Environment)","open-source","","","",,,"osr-final","lead","source flag FV (final working version); source reports limitations; class from memory || source flag US (unofficial support); source reports limitations; class from memory"
"qtweb","QtWeb","osr-kernelex=3.2","Windows 98/ME","yes","KernelEx","Web Browsers","unknown","","","",,,"osr-kernelex","lead",""
"quake4","Quake 4","","Windows 98SE","yes","KernelEx","Games","commercial","","","",,,"msfn-kernelex","excluded","status: working; class from memory"
"quartzdll","QUARTZ.DLL","osr-kernelex=6.5.1.914","Windows 98/ME","yes","KernelEx","Official Microsoft Files","freeware-unclear","","","",,,"osr-kernelex","excluded","class from memory; Microsoft component (excluded for now)"
"quickclick","QuickClick","mdgx-toy=1.00","3.1x/9x/NT/2000/ME/XP/2003/Vista/2008/7/8/8.1/2012","","","System Enhancers / Other Enhancement Tools","shareware","","no nag shareware","https://www.mdgx.com/toy.htm",,"https://www.mdgx.com/files/QCLICK1.ZIP","mdgx-toy","excluded","class from source tag 'no nag shareware' (entry text)"
"quicktimealternative","Quicktime Alternative","msfn-98se=1.56; msfn-kernelex=2.9.0; osr-kernelex=2.9.0","98SE; Windows 98SE; Windows 98/ME","yes","none known; KernelEx 4.0","Media Players + Encoders + Codecs","commercial","","unknown (repackaged Apple QuickTime files)","",,"http://www.codecpackguide.com/quicktimealt.htm","msfn-98se msfn-kernelex osr-kernelex","excluded","class D; tags LAST; FREE; redistributes Apple components; legally doubtful || status: working"
"quicktimemoviestandard","QuickTime Movie (QTM) Standard","","3.1x/9x/NT4/2000/ME/XP/2003/Vista/2008/7/8/8.1/2012/10","","MOV Download Tool requires QTM 6/7/newer already installed! | Requires QTM 7.5/newer ! = see above. | Requires Microsoft Win32s 32-bit Extensions Add-on v1.30c !","Media Players + Recorders","freeware-unclear","","crippled nag freeware","https://www.mdgx.com/toy.htm","http://www.apple.com/quicktime/download/","http://support.apple.com/downloads/DL2/en_US/ProResDecoderSetup.exe","mdgx-toy","lead","label: QuickTime Movie (QTM); class from source tag 'crippled nag freeware' (entry text); other tags: freeware; both no nag freeware"
"quickview","Quickview","osr-final=2.61","Windows 98/ME","","","Media Players","commercial","","","","http://www.multimediaware.com/qv/index.html",,"osr-final","excluded","source marks $$$ (commercial); source flag CS (concurrent support)"
"quickzip","QuickZip","mdgx-toy=5.1.8","9x/NT4/2000/ME/XP/2003/Vista/2008/7","","","File Shrinkers","freeware","","freeware","https://www.mdgx.com/toy.htm","http://www.quickzip.org/","http://www.quickzip.org/downloads.html","mdgx-toy","lead","class from source tag 'freeware' (entry text)"
"qupzilla","Qupzilla","osr-kernelex=1.1.5","Windows 98/ME","yes","KernelEx 4.5.2019.24","Web Browsers","open-source","","","",,,"osr-kernelex","lead","source reports limitations or untested details; class from memory"
"raceon","Race On","","Windows 98SE","yes","KernelEx","Games","commercial","","","","http://www.simbin.se/games/race_on.htm",,"msfn-kernelex","excluded","status: working; class from memory"
"randytab","Randy Tab","osr-final=1.1d","Windows 98/ME","","","Other","unknown","","","",,,"osr-final","lead",""
"rawimagethumbnailerandviewer","RAW Image Thumbnailer and Viewer","mdgx-toy=1.0","XP SP2/2003","","RAW Image Thumbnailer and Viewer requires Microsoft .Net Framework Redistributable (NFR) (free)!","System + Registry Tweakers","commercial","","Microsoft (proprietary)","","https://www.mdgx.com/add.htm#NFR","https://web.archive.org/web/20150327140740/http://download.microsoft.com/download/b/b/3/bb35c5c1-8059-4bef-83ba-3c44a5c0b2f1/RAWViewerSetup.exe","mdgx-toy","excluded","class from source tag 'free' (entry text); Microsoft component: source tag describes a free download, not redistribution rights; Microsoft component; class from memory"
"realitysynthesiser","Reality Synthesiser","msfn-98se=1997","98SE","","","Media Players + Encoders + Codecs","commercial","","commercial (per thread tag)","",,"http://www.notemuseum.com","msfn-98se","excluded","class D; tags LAST; COMM; commercial"
"realplayer","RealPlayer","msfn-95=8 Basic; msfn-98se=10.5","95; 98SE","","none known","","freeware","freeware / commercial","FREE (Freeware/Open Source per thread legend)","https://msfn.org/board/topic/176623-last-versions-of-software-for-windows-95/#findComment-1137735",,"http://www.oldapps.com/real.php?old_real_player=15","msfn-95 msfn-98se","lead","status LAST (last version supporting Win95); class from source tag 'FREE'; from reply by ppgrainbow (page 1), not in opening post list; caution (from memory): proprietary; redistribution not generally permitted || class D; tags LAST; FREE; old version not offered (memory)"
"realplayerbasic","RealPlayer Basic","mdgx-toy=14.0","98/NT4/2000/ME/XP/2003/Vista/2008/7","","Setup requires an Internet connection for downloading full installer.","Media Players + Recorders","freeware-unclear","","Setup only , freeware with spyware + ADWARE!","https://www.mdgx.com/toy.htm","http://www.real.com/","http://www.real.com/realplayer/","mdgx-toy","lead","class from source tag 'Setup only , freeware with spyware + ADWARE!' (entry text)"
"realteknetworkdrivers","Realtek Network Drivers","msfn-98se=6.73","98SE","","","Network Adapter Drivers","freeware-unclear","","vendor driver (proprietary)","",,"http://www.realtek.com.tw/downloads/downloadsView.aspx?Langid=1&PNid=6&PFid=6&Level=5&Conn=4&DownTypeID=3&GetDown=false","msfn-98se","lead","class C?; tags ONGD; FREE; 6.73; driver; vendor availability not checked"
"realtimealternative","Realtime Alternative","msfn-kernelex=2.0.1; osr-kernelex=2.0.1","Windows 98SE; Windows 98/ME","yes","KernelEx 4.0","Media Players","unknown","","","",,,"msfn-kernelex osr-kernelex","lead","status: working"
"recentfilesview","RecentFilesView","nirsoft-pad=1.33","Win98,WinXP","","","System Utilities::Other","freeware","","NirSoft freeware (redistribution allowed, unmodified, free of charge)","http://www.nirsoft.net/utils/recent_files_view.html","http://www.nirsoft.net/utils/recent_files_view.html","http://www.nirsoft.net/utils/recentfilesview.zip","nirsoft-pad","lead","PAD OS field lists 9x/ME; page says: 04 - Fixed critical bug under Windows 98 - Icons disappeared in the 'start' menu; PAD Program_Type 'Freeware'; class set per NirSoft license terms; page License: This utility is released as freeware. You are allowed to freely distribute this utility via floppy disk, CD-ROM, Internet, or in any other way, as long as you don't charge anything for this. If you distribute this utility, you must include all files in the ..."
"redxiimplayer","Redxii MPlayer","","Windows 98/ME","yes","KernelEx","Media Players","open-source","","GPL-2.0-or-later","",,"https://code.google.com/archive/p/mplayer-for-windows/downloads","osr-kernelex","lead","class from memory"
"regalyzer","RegAlyzer","mdgx-toy=1.5.5","9x/NT4/2000/ME/XP/2003/Vista","","","System + Registry Fixers","freeware","","freeware","https://www.mdgx.com/toy.htm","http://www.safer-networking.org/en/regalyzer/","http://www.safer-networking.org/files/regalyz.exe","mdgx-toy","lead","class from source tag 'freeware' (entry text)"
"regbak","RegBak","mdgx-toy=1.2","2000/XP/2003/Vista/2008/7","","","System + Registry Fixers","freeware","","freeware","https://www.mdgx.com/toy.htm","http://www.acelogix.com/regbak.html","http://acelogix.fileburst.com/regbak.zip","mdgx-toy","lead","class from source tag 'freeware' (entry text)"
"regcleaner","RegCleaner","msfn-98se=4.3.0.780","98SE","","none known","Windows Registry Utilities","commercial","","freeware","",,"http://majorgeeks.com/download460.html","msfn-98se","excluded","class D?; tags LAST; FREE; discontinued; only on mirror sites"
"regcln","RegCln","mdgx-toy=2.0.1.6","9x/ME","","","System + Registry Fixers","freeware","","freeware","https://www.mdgx.com/toy.htm","http://www.utils32.com/regcln.htm","http://www.utils32.com/files/regcln.exe","mdgx-toy","lead","class from source tag 'freeware' (entry text)"
"regcompact","RegCompact","mdgx-toy=1.0","95/98","","","System + Registry Fixers","freeware","","freeware","https://www.mdgx.com/toy.htm","http://erpman1.tripod.com/current/regsmall.htm","http://ftp.pcworld.com/pub/new/utilities/system_resources_tune_up/regcmp1a.zip","mdgx-toy","lead","class from source tag 'freeware' (entry text)"
"regcompactnet","RegCompact.NET","mdgx-toy=2.0","NT4/2000/XP/2003","","Requires Microsoft .Net Framework Redistributable (NFR) (free)!","System + Registry Fixers","open-source","","GPL (version not stated by source)","https://www.mdgx.com/toy.htm","http://www.aplusfreeware.com/categories/LFWV/RegCompact.html",,"mdgx-toy","lead","class from source tag 'free GPL' (entry text); other tags: free"
"regcool","RegCool","mdgx-toy=3.6.2.9","9x/NT4/2000/ME/XP/2003","","","System + Registry Fixers","freeware","","freeware","https://www.mdgx.com/toy.htm","http://www.softpedia.com/get/Tweak/Registry-Tweak/RegCool.shtml",,"mdgx-toy","lead","class from source tag 'freeware' (entry text)"
"regdllview","RegDllView","nirsoft-pad=1.60","Win2000,Win7 x32,Win7 x64,Win98,WinVista,WinVista x64,WinXP","","","System Utilities::Other","freeware","","NirSoft freeware (redistribution allowed, unmodified, free of charge)","http://www.nirsoft.net/utils/registered_dll_view.html","http://www.nirsoft.net/utils/registered_dll_view.html","http://www.nirsoft.net/utils/regdllview.zip","nirsoft-pad","lead","PAD OS field lists 9x/ME; page says: System Requirements This utility works on any version of Windows - from Windows 98 to Windows 10; PAD Program_Type 'Freeware'; class set per NirSoft license terms; page License: This utility is released as freeware. You are allowed to freely distribute this utility via floppy disk, CD-ROM, Internet, or in any other way, as long as you don't charge anything for this. If you distribute this utility, you must include all files in the ..."
"regfixer","RegFixer","mdgx-toy=2.2","9x/ME","","Requires Microsoft Visual Basic 6 (VB6) Runtime Libraries (free)!","System + Registry Fixers","freeware","","freeware","https://www.mdgx.com/toy.htm","http://www.vb-build.com/RegfixerMain.htm","http://www.vb-build.com/Download/RegfixerVBRun.exe","mdgx-toy","lead","class from source tag 'freeware' (entry text)"
"reginarexx","Regina Rexx","","98SE","","unknown","Programming","open-source","","LGPL (memory)","",,"http://regina-rexx.sourceforge.net/index.html","msfn-98se","lead","class A; tags ONGD; FREE; "
"registrarregistrymanagerlite","Registrar Registry Manager Lite","mdgx-toy=4.04","9x/NT4/2000/ME/XP/2003","","","System + Registry Fixers","shareware","","nag crippled free trial","https://www.mdgx.com/toy.htm","http://www.resplendence.com/registrar/","http://www.resplendence.com/download/rrtri.exe","mdgx-toy","excluded","class from source tag 'nag crippled free trial' (entry text)"
"registrycommander","Registry Commander","mdgx-toy=1.04","9x/NT4/2000/ME/XP/2003","","","System + Registry Fixers","freeware","","freeware","https://www.mdgx.com/toy.htm","http://www.softpedia.com/get/Tweak/Registry-Tweak/Registry-Commander.shtml",,"mdgx-toy","lead","class from source tag 'freeware' (entry text)"
"registrycompactor","Registry Compactor","msfn-98se=1.1","98SE","","","Windows Registry Utilities","commercial","","commercial (per thread tag)","",,"http://www.majorgeeks.com/Registry_Compactor_d3504.html","msfn-98se","excluded","class D; tags LAST; COMM; compresses the Registry; commercial"
"registrydistiller","Registry Distiller","mdgx-toy=1.03","NT4/2000/XP/2003/Vista/2008/7/8/8.1/2012","","","System + Registry Fixers","freeware","","freeware","https://www.mdgx.com/toy.htm","http://www.codeode.com/registrydistiller.html","http://www.codeode.com/registrydistiller/registrydistiller.exe","mdgx-toy","lead","class from source tag 'freeware' (entry text)"
"registryengineer","Registry Engineer","mdgx-toy=1.00.0003","9x/ME","","","System + Registry Fixers","freeware","","freeware, right-click to save!","https://www.mdgx.com/toy.htm","http://www.reocities.com/SiliconValley/network/4414/Prod_Body.html#registry","http://www.reocities.com/SiliconValley/network/4414/RegEng.zip","mdgx-toy","lead","class from source tag 'freeware, right-click to save!' (entry text)"
"registryexplorer","Registry Explorer","mdgx-toy=1.6.0","9x/NT4/2000/ME/XP/2003","","","System + Registry Fixers","freeware","","freeware","https://www.mdgx.com/toy.htm","http://www.vsft.com/regexp/","http://www.vsft.com/archive/regexp.exe","mdgx-toy","lead","class from source tag 'freeware' (entry text)"
"registryexplorerstandard","Registry Explorer Standard","mdgx-toy=1.4.4","9x/NT4/2000/ME/XP/2003","","","System + Registry Fixers","freeware-unclear","","freeware for personal use","https://www.mdgx.com/toy.htm","http://www.regxplor.com/","http://www.regxplor.com/regxplor_full.exe","mdgx-toy","lead","class from source tag 'freeware for personal use' (entry text)"
"registryextensions","Registry Extensions (RegEditX)","mdgx-toy=2.0","9x/NT4/2000/ME/XP","","","System + Registry Fixers","freeware","","freeware","https://www.mdgx.com/toy.htm","http://www.dcsoft.com/products/regeditx/","http://www.dcsoft.com/ftp/REGX2.EXE","mdgx-toy","lead","class from source tag 'freeware' (entry text)"
"registrykeybackup","Registry Key Backup","mdgx-toy=1.2.3","9x/NT4/2000/ME","","","System + Registry Fixers","freeware","","freeware","https://www.mdgx.com/toy.htm","http://download.cnet.com/3000-2018_4-9561.html","http://www.donationcoder.com/Forums/bb/index.php?action=dlattach;topic=8960.0;attach=19285","mdgx-toy","lead","class from source tag 'freeware' (entry text)"
"registryprot","RegistryProt","mdgx-toy=2.0","9x/NT4/2000/ME","","","System + Registry Fixers","freeware","","freeware","https://www.mdgx.com/toy.htm","http://www.diamondcs.com.au/freeutilities/regprot.php","http://www.diamondcs.com.au/downloads/freeutilities/regprot.zip","mdgx-toy","lead","class from source tag 'freeware' (entry text)"
"registrypruner","Registry Pruner","mdgx-toy=2.5","9x/NT4/2000/ME/XP","","","System + Registry Fixers","freeware","","freeware","https://www.mdgx.com/toy.htm","http://www.karenware.com/powertools/ptpruner.asp","http://www.karenware.com/progs/ptpruner-setup.exe","mdgx-toy","lead","class from source tag 'freeware' (entry text)"
"registryripper","Registry Ripper","mdgx-toy=1.2","9x/NT4/2000/ME/XP","","","System + Registry Fixers","freeware","","freeware","https://www.mdgx.com/toy.htm","http://www.karenware.com/powertools/ptregrip.asp","http://www.karenware.com/progs/ptregrip-setup.exe","mdgx-toy","lead","class from source tag 'freeware' (entry text)"
"registryviewer","Registry Viewer (+ editor)","","9x","","","System + Registry Fixers","unknown","","","","https://translate.google.com/translate?hl=en&sl=ru&tl=en&u=http%3A%2F%2Fwww.paullee.ru%2Fregstry.html",,"mdgx-toy","lead",""
"registrywizard","Registry Wizard","mdgx-toy=1.2","9x/NT4","","","System + Registry Fixers","freeware","","freeware","https://www.mdgx.com/toy.htm","http://www.csc.calpoly.edu/~bfriesen/software/regwiz.shtml","http://www.csc.calpoly.edu/~bfriesen/software/files/regwiz.zip","mdgx-toy","lead","class from source tag 'freeware' (entry text)"
"regmon","RegMon","mdgx-toy=7.04","9x/NT4/2000/ME/XP/2003/Vista/2008/7/8/8.1/2012","","","System + Registry Fixers","freeware","","freeware","https://www.mdgx.com/toy.htm","http://technet.microsoft.com/sysinternals/bb896652.aspx","http://www.filewatcher.com/m/Regmon.zip.271346.0.0.html","mdgx-toy","lead","class from source tag 'freeware' (entry text)"
"regmonforwindows","RegMon for Windows","msfn-98se=v7.04","98SE","","","Windows Registry Utilities","commercial","","Microsoft (Sysinternals)","",,"http://www.microsoft.com/technet/sysinternals/ProcessesAndThreads/Regmon.mspx","msfn-98se","excluded","class D; tags ONGD; FREE; Microsoft"
"regscanner","RegScanner","nirsoft-pad=2.75","Win2000,Win7 x32,Win7 x64,Win98,WinVista,WinVista x64,WinXP","","","System Utilities::Registry Tools","freeware","","NirSoft freeware (redistribution allowed, unmodified, free of charge)","https://www.nirsoft.net/utils/regscanner.html","https://www.nirsoft.net/utils/regscanner.html","https://www.nirsoft.net/utils/regscanner.zip","nirsoft-pad","lead","PAD OS field lists 9x/ME; program page does not mention 9x/ME; PAD Program_Type 'Freeware'; class set per NirSoft license terms; page License: This utility is released as freeware. You are allowed to freely distribute this utility via floppy disk, CD-ROM, Internet, or in any other way, as long as you don't charge anything for this. If you distribute this utility, you must include all files in the ..."
"regseeker","RegSeeker","mdgx-toy=1.35; msfn-98se=1.55","9x/NT4/2000/ME/XP/2003; 98SE","","unknown","System + Registry Fixers","freeware","freeware / freeware-unclear","freeware","https://www.mdgx.com/toy.htm","http://www.hoverdesk.net/freeware.htm","http://www.hoverdesk.net/dl/en/RegSeeker.zip","mdgx-toy msfn-98se","lead","class from source tag 'freeware' (entry text) || class C?; tags ONGD; FREE; "
"regshot","RegShot","mdgx-toy=1.7.2","9x/NT4/2000/ME/XP/2003","","","System + Registry Fixers","freeware","","freeware","https://www.mdgx.com/toy.htm","http://the7thlab.mybesthost.com/","http://the7thlab.mybesthost.com/regshot17_src_bin.zip","mdgx-toy","lead","class from source tag 'freeware' (entry text)"
"regtickpro","RegTick Pro","mdgx-toy=0.21","9x/NT4/2000/ME/XP","","","System + Registry Tweakers","freeware","","freeware","https://www.mdgx.com/toy.htm","http://www.pricelesswarehome.org/WoundedMoon/win32/regtickpro.html",,"mdgx-toy","lead","class from source tag 'freeware' (entry text); source marks it discontinued"
"reksfv","RekSFV","","","","","Hex Editors / FREE Windows x/NTx Checksum Tools","freeware","","freeware","https://www.mdgx.com/toy.htm","http://www.kifoth.de/jane/misc/#RekSFV",,"mdgx-toy","lead","class from source tag 'freeware' (entry text)"
"removeonrebootshellextension","Remove on Reboot Shell Extension","mdgx-toy=1.00","98/2000/ME/XP/2003","","","System + Registry Fixers","freeware","","freeware","https://www.mdgx.com/toy.htm","http://www.bjb-inc.com/products.asp","http://www.bjb-inc.com/removeonreboot/setup.exe","mdgx-toy","lead","class from source tag 'freeware' (entry text)"
"replacetext","Replace Text","mdgx-toy=2.2","XP/2003/Vista/2008/7","","Requires Microsoft .Net Framework Redistributable (NFR) 3.5 (free)!","System Enhancers / Other Enhancement Tools","freeware","","freeware, right-click to save!","https://www.mdgx.com/toy.htm","http://www.ecobyte.com/replacetext/","http://www.ecobyte.com/replacetext/ReplaceText2.2.msi","mdgx-toy","lead","class from source tag 'freeware, right-click to save!' (entry text)"
"resedit","ResEdit","mdgx-toy=1.4.13","2000/XP/2003/Vista/2008/7","","","Hex Editors","freeware","","freeware","https://www.mdgx.com/toy.htm","http://www.resedit.net/","http://www.resedit.net/ResEdit-x64.7z","mdgx-toy","lead","class from source tag 'freeware' (entry text)"
"resizeenable","ResizeEnable","mdgx-toy=1.4","9x/NT4/2000/ME/XP/2003","","","System Enhancers / Other Enhancement Tools","freeware","","freeware","https://www.mdgx.com/toy.htm","http://www.digitallis.co.uk/pc/ResizeEnable/","http://www.digitallis.co.uk/pc/downloads/ResizeEnable.zip","mdgx-toy","lead","class from source tag 'freeware' (entry text)"
"resourcehacker","Resource Hacker","mdgx-toy=5.0.42","XP/2003/Vista/2008/7/8/8.1/2012/10/2016/2019","","","Hex Editors","freeware","","freeware","https://www.mdgx.com/toy.htm","http://www.angusj.com/resourcehacker/","http://www.angusj.com/resourcehacker/reshacker_setup.exe","mdgx-toy","lead","class from source tag 'freeware' (entry text)"
"resourcesextract","ResourcesExtract","nirsoft-pad=1.18","Win2000,Win7 x32,Win7 x64,WinVista,WinVista x64,WinXP","","","Graphic Apps::Other","freeware","","NirSoft freeware (redistribution allowed, unmodified, free of charge)","http://www.nirsoft.net/utils/resources_extract.html","http://www.nirsoft.net/utils/resources_extract.html","http://www.nirsoft.net/utils/resourcesextract.zip","nirsoft-pad","lead","PAD OS field lists NT-family only; Windows 9x/ME mentioned on program page only; page says: System Requirements This utility works on any version of Windows, from Windows 98 to Windows 8 ... For using this utility under Windows 98/ME, you must download the non-Unicode version; PAD Program_Type 'Freeware'; class set per NirSoft license terms; page License: This utility is released as freeware. You are allowed to freely distribute this utility via floppy disk, CD-ROM, Internet, or in any other way, as long as you don't charge anything for this. If you distribute this utility, you must include all files in the ..."
"restart","Restart","mdgx-toy=1.56","9x/NT4/2000/ME/XP/2003","","","Boot Tweakers","freeware","","freeware","https://www.mdgx.com/toy.htm","http://www.gabrieleponti.com/software/#restart","http://www.gabrieleponti.com/downloads/restart.exe","mdgx-toy","lead","class from source tag 'freeware' (entry text)"
"retroarch","Retro Arch","","Windows 98/ME","","","Virtualization/Emulation Software","open-source","","GPL-3.0-or-later","",,,"osr-final","lead","class from memory"
"retrozilla","Retrozilla","msfn-98se=2.2; osr-final=2.2","98SE; Windows 98/ME","","none known (targets Win95/NT4)","Internet Browsers","open-source","","MPL-1.1/NPL-1.1 (verified LICENSE on GitHub)","","https://github.com/rn10950/RetroZilla","https://rn10950.github.io/RetroZillaWeb/","msfn-98se osr-final","lead","class A; tags LAST; FREE; latest release is 2.3 (2024-06-11, verified); TLS 1.2/1.3; hosted on GitHub || source flag CS (concurrent support); class from memory"
"revolutionspack9","Revolutions Pack 9","","Windows 98/ME","","","Task Managers","freeware-unclear","","","",,,"osr-final","lead","source flag FV (final working version); class from memory"
"rivatuner","Rivatuner","msfn-98se=RC15","98SE","","unknown","Graphic System Tweakers","freeware-unclear","","proprietary freeware","",,"http://www.guru3d.com/rivatuner","msfn-98se","lead","class C?; tags LAST; FREE; (Version 2 works)"
"roadkilsdiskspeed","Roadkil's Disk Speed","osr-final=2.0","Windows 98/ME","","","Benchmark Software (Hard Drive)","freeware-unclear","","","",,,"osr-final","lead","source flag FV (final working version); class from memory"
"roytam1sfixedfirefox8","Roytam1's fixed Firefox 8","","Windows 98/ME","yes","KernelEx","Web Browsers","unknown","","","",,,"osr-kernelex","lead",""
"roytam1spalemoon27","Roytam1's Palemoon 27","","Windows 98/ME","yes","KernelEx","Web Browsers","open-source","","","",,,"osr-kernelex","lead","qualifier: No SSE2 build; source reports limitations or untested details; class from memory"
"rtvreconnectbeta8tsr","RTV Reconnect beta 8 TSR","mdgx-toy=5.0","9x/ME","","","System Enhancers / Other Enhancement Tools","freeware","","freeware, English","https://www.mdgx.com/toy.htm","http://www.rtvsoft.com/rtvrecouser.htm","http://www.rtvsoft.com/RtvReco50b8.zip","mdgx-toy","lead","class from source tag 'freeware, English' (entry text)"
"safexp","Safe XP","mdgx-toy=1.5.3.21","98/2000/ME/XP/2003","","","System + Registry Tweakers","freeware","","freeware","https://www.mdgx.com/toy.htm","http://www.theorica.net/safexp.htm","http://www.theorica.net/download/SafeXP.zip","mdgx-toy","lead","class from source tag 'freeware' (entry text)"
"savepart","Savepart","","98SE","","DOS tool","Hard Disk Utilities","open-source","","unknown","",,"http://damien.guibouret.free.fr","msfn-98se","lead","class A?; tags ONGD; FREE; save/restore partition; license not checked"
"scandefrag","ScanDefrag","mdgx-toy=5.6; msfn-98se=5.6","98/ME/XP/2003/Vista/2008/7; 98SE","","unknown","System Enhancers / Other Enhancement Tools","freeware","freeware / freeware-unclear","freeware","https://www.mdgx.com/toy.htm","http://home.earthlink.net/~bblanton2/scandefrag/main.htm","http://www.blueorbsoft.com/scandefrag/ScanDefrag56Setup.exe","mdgx-toy msfn-98se","lead","class from source tag 'freeware' (entry text) || class C?; tags ONGD; FREE; "
"scite","SciTE (SCIntilla based Text Editor)","mdgx-toy=3.2.5","XP/2003/Vista/2008/7/8/8.1/2012","","","Text Editors","freeware","","freeware","https://www.mdgx.com/toy.htm","http://www.scintilla.org/SciTE.html","http://downloads.sourceforge.net/scintilla/wscite325.zip","mdgx-toy","lead","class from source tag 'freeware' (entry text)"
"scramdisk","Scramdisk","msfn-98se=3.01r3c","98SE","","unknown","Hard Disk Utilities","commercial","","source-available freeware, terms unknown","",,"http://www.samsimpson.com/cryptography/scramdisk","msfn-98se","excluded","class D?; tags LAST; FREE; File/Partition Encryption; unmaintained crypto; not recommended"
"scriptsentry","Script Sentry","msfn-98se=2.7.1","98SE","","WSH","Programming","freeware-unclear","","freeware, terms unknown","",,"http://www.jasons-toolbox.com/programs.asp?Program=Script%20Sentry","msfn-98se","lead","class C?; tags LAST; FREE; "
"seamonkey","SeaMonkey","msfn-95=1.1.19; msfn-98se=1.1.19","95; 98SE","","none known","","open-source","","MPL-1.1 OR GPL-2.0-or-later OR LGPL-2.1-or-later","",,"https://ftp.mozilla.org/pub/seamonkey/releases/1.1.19/","msfn-95 msfn-98se","lead","status LAST (last version supporting Win95); class from source tag 'FREE'; release date per source: 2010-03-16; from opening post list; open-source class and SPDX id from memory, not stated by source || class A; tags LAST; FREE; RetroZilla is the maintained fork of this"
"searchreplace","Search & Replace","mdgx-toy=3.1e","9x/NT4/2000/ME/XP/2003","","","System Enhancers / Other Enhancement Tools","freeware-unclear","","freeware for non-profit use","https://www.mdgx.com/toy.htm","http://www.inforapid.com/html/searchreplace.htm","http://www.inforapid.com/sr/sr.exe","mdgx-toy","lead","class from source tag 'freeware for non-profit use' (entry text)"
"seethru","SeeThru","mdgx-toy=1.0.2","9x/NT4/2000/ME/XP/2003","","","System Enhancers / Other Enhancement Tools","freeware","","freeware","https://www.mdgx.com/toy.htm","http://website.lineone.net/~mstrong/apps.htm","http://website.lineone.net/~mstrong/stup102v.zip","mdgx-toy","lead","class from source tag 'freeware' (entry text)"
"semagic","Semagic","msfn-95=1.4.6.8 ANSI","95","","","","freeware","","FREE (Freeware/Open Source per thread legend)","https://msfn.org/board/topic/176623-last-versions-of-software-for-windows-95/#findComment-1137747",,"https://sourceforge.net/projects/semagic/files/1.3-1.7/1.4.6.8/","msfn-95","lead","status LAST (last version supporting Win95); class from source tag 'FREE'; release date per source: 2004-12-11; from reply by ppgrainbow (page 1), not in opening post list"
"sendtotoys","Send To Toys","mdgx-toy=2.4","9x/NT4/2000/ME/XP/2003","","","System + Registry Tweakers","freeware","","freeware","https://www.mdgx.com/toy.htm","http://www.gabrieleponti.com/software/#sendtotoys","http://www.gabrieleponti.com/downloads/sendtotoys.exe","mdgx-toy","lead","class from source tag 'freeware' (entry text)"
"seqdownload","SeqDownload","nirsoft-pad=1.26","Win2000,Win7 x32,Win7 x64,Win98,WinVista,WinVista x64,WinXP","","","Network & Internet::Browser Tools","freeware","","NirSoft freeware (redistribution allowed, unmodified, free of charge)","http://www.nirsoft.net/utils/seqdownload.html","http://www.nirsoft.net/utils/seqdownload.html","http://www.nirsoft.net/utils/seqdownload.zip","nirsoft-pad","lead","PAD OS field lists 9x/ME; page says: System Requirements This utility can work in all 32-bit Windows operating systems: Windows 9x/ME, Windows NT, Windows 2000, Windows XP, and Windows Vista ... On very old systems (Windows 95 or Windows NT), version 4; PAD Program_Type 'Freeware'; class set per NirSoft license terms; page License: This utility is released as freeware. You are allowed to freely distribute this utility via floppy disk, CD-ROM, Internet, or in any other way, as long as you don't charge anything for this. If you distribute this utility, you must include all files in the ..."
"serifdrawplus","Serif DrawPlus","msfn-98se=8","98SE","","","Others","commercial","","commercial (per thread tag)","",,,"msfn-98se","excluded","class D; tags LAST; COMM; eBay; commercial"
"serifimpactplus","Serif ImpactPlus","msfn-98se=5","98SE","","","Others","commercial","","commercial (per thread tag)","",,,"msfn-98se","excluded","class D; tags LAST; COMM; eBay; commercial"
"serifmovieplus","Serif MoviePlus","msfn-98se=4","98SE","","","Others","commercial","","commercial (per thread tag)","",,,"msfn-98se","excluded","class D; tags LAST; COMM; eBay; commercial"
"serifpageplus","Serif PagePlus","msfn-98se=11","98SE","","","Others","commercial","","commercial (per thread tag)","",,,"msfn-98se","excluded","class D; tags LAST; COMM; eBay; commercial"
"serifphotoplus","Serif Photoplus","msfn-98se=11","98SE","","","Others","commercial","","commercial (per thread tag)","",,,"msfn-98se","excluded","class D; tags LAST; COMM; eBay; commercial"
"serifwebplus","Serif WebPlus","msfn-98se=10","98SE","","","Others","commercial","","commercial (per thread tag)","",,,"msfn-98se","excluded","class D; tags LAST; COMM; eBay; commercial"
"serpentinegame","Serpentine Game","","98 SE/2000/ME/XP/2003","","","System Enhancers / Other Enhancement Tools","commercial","","Microsoft (proprietary)","",,"http://download.microsoft.com/download/2/e/d/2ed9dbd4-9868-42e0-81ef-d7c66f14763a/setup.exe","mdgx-toy","excluded","class from source tag 'freeware' (entry text); Microsoft component: source tag describes a free download, not redistribution rights; Microsoft component; class from memory"
"servantsalamander","Servant Salamander","mdgx-toy=1.52","9x/NT4/2000/ME/XP/2003","","","System Enhancers / File Manager + Windows Explorer / File Explorer Replacement Tools","freeware-unclear","","crippled freeware","https://www.mdgx.com/toy.htm","http://www.altap.cz/salam_en/freeware.html","http://www.altap.cz/download.html#salrel","mdgx-toy","lead","class from source tag 'crippled freeware' (entry text)"
"shakeitdivingedition2ndrelease","ShakeIt! Diving Edition 2nd release","","9x/NT4/2000/ME","","","System Enhancers / Other Enhancement Tools","freeware","","freeware","https://www.mdgx.com/toy.htm","http://www.thomas-w.de/shakeit/","http://www.thomas-w.de/shakeit/files/shakeit.zip","mdgx-toy","lead","class from source tag 'freeware' (entry text)"
"shareaza","Shareaza","","98SE","","unknown","File Sharing and File Downloaders","open-source","","GPL-2.0 (memory)","",,"http://shareaza.sourceforge.net","msfn-98se","lead","class A; tags ONGD; FREE; 9x-capable version unknown"
"shellbagsview","ShellBagsView","nirsoft-pad=1.35","Win2000,Win7 x32,Win7 x64,Win98,WinOther,WinServer,WinVista,WinVista x64,WinXP,Other","","","System Utilities::Shell Tools","freeware","","NirSoft freeware (redistribution allowed, unmodified, free of charge)","https://www.nirsoft.net/utils/shell_bags_view.html","https://www.nirsoft.net/utils/shell_bags_view.html","https://www.nirsoft.net/utils/shellbagsview.zip","nirsoft-pad","lead","PAD OS field lists 9x/ME; program page does not mention 9x/ME; PAD Program_Type 'Freeware'; class set per NirSoft license terms; page License: This utility is released as freeware. You are allowed to freely distribute this utility via floppy disk, CD-ROM, Internet, or in any other way, as long as you don't charge anything for this. If you distribute this utility, you must include all files in the ..."
"shellenhancer","ShellEnhancer","mdgx-toy=2.0 Beta","9x/NT4/2000/ME/XP/2003","","Windows 95/OSR1/OSR2/98/98 SP1/NT4 WITHOUT MS IE 5/6 installed require: Microsoft HTML Help Update .","System Enhancers / Other Enhancement Tools","freeware","","freeware","https://www.mdgx.com/toy.htm","http://www.nuonsoft.net/shellenhancer/","http://www.nuonsoft.net/downloads/ShellEnhancer_2.0_Beta_Setup.exe","mdgx-toy","lead","class from source tag 'freeware' (entry text)"
"shellexview","ShellExView","nirsoft-pad=2.01","Win2000,Win7 x32,Win7 x64,Win98,WinVista,WinVista x64,WinXP","","","System Utilities::Shell Tools","freeware","","NirSoft freeware (redistribution allowed, unmodified, free of charge)","https://www.nirsoft.net/utils/shexview.html","https://www.nirsoft.net/utils/shexview.html","https://www.nirsoft.net/utils/shexview.zip","nirsoft-pad","lead","PAD OS field lists 9x/ME; page says: orer Crashes Caused by Shell Extensions System Requirements This utility works on any version of Windows, starting from Windows 98 and up to Windows 10; PAD Program_Type 'Freeware'; class set per NirSoft license terms; page License: This utility is released as freeware. You are allowed to freely distribute this utility via floppy disk, CD-ROM, Internet, or in any other way, as long as you don't charge anything for this. If you distribute this utility, you must include all files in the ..."
"sherpyamplayer","Sherpya MPlayer","osr-kernelex=svn-r36443","Windows 98/ME","yes","KernelEx 4.5.2","Media Players","open-source","","GPL-2.0-or-later","",,"https://code.google.com/archive/p/mplayer-for-windows/downloads","osr-kernelex","lead","class from memory"
"shortcutsman","ShortcutsMan","nirsoft-pad=1.10","Win2000,Win7 x32,Win7 x64,Win98,WinVista,WinVista x64,WinXP","","","System Utilities::System Maintenance","freeware","","NirSoft freeware (redistribution allowed, unmodified, free of charge)","http://www.nirsoft.net/utils/shman.html","http://www.nirsoft.net/utils/shman.html","http://www.nirsoft.net/utils/shman.zip","nirsoft-pad","lead","PAD OS field lists 9x/ME; page says: System Requirements You can use this utility in all 32-bit Windows operating systems: Windows 9x/ME, Windows NT, Windows 2000, and Windows XP; PAD Program_Type 'Freeware'; class set per NirSoft license terms; page License: This utility is released as freeware for personal and non-commercial use. You are allowed to freely distribute this utility via floppy disk, CD-ROM, Internet, or in any other way, as long as you don't charge anything for this. If you distribute this utility...; page limits use to personal/non-commercial"
"sigcheckcommandlinetool","SigCheck command line tool","mdgx-toy=1.91","XP/2003/Vista/2008/7/8/8.1/2012","","","Hex Editors / FREE Windows x/NTx Checksum Tools","freeware","","free","https://www.mdgx.com/toy.htm","http://technet.microsoft.com/sysinternals/bb897441.aspx","http://download.sysinternals.com/files/Sigcheck.zip","mdgx-toy","lead","class from source tag 'free' (entry text)"
"siliconimagesii0680xidepataidedriver","Silicon Image SiI0680x IDE/PATA IDE Driver","msfn-98se=1.0.0.12","98SE","","","Storage Drivers","freeware-unclear","","vendor driver (proprietary)","",,"http://www.siliconimage.com%2Fdocs%2FSiI06...Windows_IDE.zip","msfn-98se","lead","class C?; tags LAST; FREE; Port IDE/PATA IDE Driver 1.0.0.12; driver; vendor availability not checked"
"siliconimagesii0680xidepataraiddriver","Silicon Image SiI0680x IDE/PATA RAID Driver","msfn-98se=1.0.1.7","98SE","","","Storage Drivers","freeware-unclear","","vendor driver (proprietary)","",,"http://www.siliconimage.com%2Fdocs%2FSiI0680a_rdrv1017.zip","msfn-98se","lead","class C?; tags LAST; FREE; Port IDE/PATA RAID Driver 1.0.1.7; driver; vendor availability not checked"
"siliconimagesii3114sata150idedriver","Silicon Image SiI3114 SATA150 IDE Driver","msfn-98se=1.2.0.5","98SE","","","Storage Drivers","freeware-unclear","","vendor driver (proprietary)","",,"http://www.siliconimage.com%2Fdocs%2F3114_...e_logo_1205.zip","msfn-98se","lead","class C?; tags LAST; FREE; Port SATA150 IDE Driver 1.2.0.5; driver; vendor availability not checked"
"siliconimagesii3114sata150sataraiddriver","Silicon Image SiI3114 SATA150 SATARAID Driver","msfn-98se=1.0.0.8","98SE","","","Storage Drivers","freeware-unclear","","vendor driver (proprietary)","",,"http://www.siliconimage.com%2Fdocs%2F3114_..._raid_1008b.zip","msfn-98se","lead","class C?; tags LAST; FREE; Port SATA150 SATARAID Driver 1.0.0.8; driver; vendor availability not checked"
"siliconimagesii3x12sata150idedriver","Silicon Image SiI3x12 SATA150 IDE Driver","msfn-98se=1.2.0.57","98SE","","","Storage Drivers","freeware-unclear","","vendor driver (proprietary)","",,"http://www.siliconimage.com%2Fdocs%2F3112A..._idvr-12057.zip","msfn-98se","lead","class C?; tags LAST; FREE; Port SATA150 IDE Driver 1.2.0.57; driver; vendor availability not checked"
"siliconimagesii3x12sata150sataraiddriver","Silicon Image SiI3x12 SATA150 SATARAID Driver","msfn-98se=1.00.51","98SE","","","Storage Drivers","freeware-unclear","","vendor driver (proprietary)","",,"http://www.siliconimage.com%2Fdocs%2FSiI3x...%2520Driver.zip","msfn-98se","lead","class C?; tags LAST; FREE; Port SATA150 SATARAID Driver 1.00.51; driver; vendor availability not checked"
"simpedit","Simpedit","mdgx-toy=1.0","9x/NT4/2000/ME/XP/2003/Vista/2008/7/8/8.1/2012","","PHP support requires PHP5TS.DLL .","Text Editors","freeware","","freeware","https://www.mdgx.com/toy.htm","http://www.paehl.de/cms/simpedit/","http://www.paehl.de/beta/simpedit.zip","mdgx-toy","lead","class from source tag 'freeware' (entry text); other tags: free GPL"
"simplyzipbeta","Simplyzip beta","mdgx-toy=1.1","2000/XP/2003/Vista/2008/7","","","File Shrinkers","freeware","","freeware","https://www.mdgx.com/toy.htm","http://www.paehl.de/cms/simplyzip/","http://www.paehl.de/simplyzipse.exe","mdgx-toy","lead","class from source tag 'freeware' (entry text)"
"siscontents","SISContents","msfn-kernelex=1.57; osr-kernelex=1.57","Windows 98SE; Windows 98/ME","yes","KernelEx","Other","unknown","","","",,,"msfn-kernelex osr-kernelex","lead","status: partially working; thread note: It produces error messages, does not display some text (for example in caption), may crash, but I have successfully extracted sisx file with it. || source reports limitations or untested details"
"sisoftsandraprofessionalansi","Sisoft Sandra Professional ANSI","msfn-98se=2004.SP2b","98SE","","","Windows Utilities","commercial","","commercial (per thread tag)","",,,"msfn-98se","excluded","class D; tags LAST; COMM; v2004.10.9.133 [12-Aug-2004]; Win32 x86; commercial"
"sisoftwaresandrastandardansi","SiSoftware Sandra Standard ANSI","msfn-98se=2004.SP2b","98SE","","none known","Windows Utilities","commercial","","proprietary","",,"http://download.bomul.com/pds_download_cp.html?downparam=MTIzMDg6MTpQOnpkbmV0","msfn-98se","excluded","class D; tags LAST; FREE; 2004.10.9.133"
"sissis300sis305videodriver","SiS SiS300, SiS305 Video Driver","msfn-98se=1.15","98SE","","","SiS Video Drivers","freeware-unclear","","vendor driver (proprietary)","",,"http://driver.sis.com/graphic/gpu/300/300_115_win9x.zip","msfn-98se","lead","class C?; tags LAST; FREE; driver; vendor availability not checked"
"sissis315esis315videodriver","SiS SiS315E, SiS315 Video Driver","msfn-98se=3.51a","98SE","","","SiS Video Drivers","freeware-unclear","","vendor driver (proprietary)","",,"http://driver.sis.com/graphic/gpu/315/315_351a.zip","msfn-98se","lead","class C?; tags LAST; FREE; driver; vendor availability not checked"
"sissis540sis630xsis730xvideodriver","SiS SiS540, SiS630x, SiS730x Video Driver","msfn-98se=2.08a","98SE","","","SiS Video Drivers","freeware-unclear","","vendor driver (proprietary)","",,"http://driver.sis.com/graphic/igp/730630/630_208a_win9x.zip","msfn-98se","lead","class C?; tags LAST; FREE; driver; vendor availability not checked"
"sissis6326sis6326agpsis6326dvdvideodriver","SiS SiS6326, SiS6326AGP, SiS6326DVD Video Driver","msfn-98se=1.32","98SE","","","SiS Video Drivers","freeware-unclear","","vendor driver (proprietary)","",,"http://driver.sis.com/graphic/gpu/6326/6326_132_win98me.zip","msfn-98se","lead","class C?; tags LAST; FREE; driver; vendor availability not checked"
"sissis65xsis740univga3videodriver","SiS SiS65x, SiS740 UniVGA3 Video Driver","msfn-98se=3.73","98SE","","","SiS Video Drivers","freeware-unclear","","vendor driver (proprietary)","",,"http://driver.sis.com/graphic/igp/uniVGA3/uvga3_373.zip","msfn-98se","lead","class C?; tags LAST; FREE; driver; vendor availability not checked"
"sissis66xsis67xsis74xsis76xunivga3videodriver","SiS SiS66x, SiS67x, SiS74x, SiS76x UniVGA3 Video Driver","msfn-98se=3.83","98SE","","","SiS Video Drivers","freeware-unclear","","vendor driver (proprietary)","",,"http://driver.sis.com/graphic/igp/uniVGA3/uvga3_383.zip","msfn-98se","lead","class C?; tags ONGD; FREE; driver; vendor availability not checked"
"sissis96xraiddriver","SiS SiS96x RAID Driver","msfn-98se=4.11a","98SE","","","Storage Drivers","freeware-unclear","","vendor driver (proprietary)","",,"http://driver.sis.com/raid/raid411a.zip","msfn-98se","lead","class C?; tags ONGD; FREE; driver; vendor availability not checked"
"sisxabre80xabre200xabre400xabre600videodriver","SiS Xabre80, Xabre200, Xabre400, Xabre600 Video Driver","msfn-98se=3.57.53","98SE","","","SiS Video Drivers","freeware-unclear","","vendor driver (proprietary)","",,"http://driver.sis.com/graphic/gpu/xabre/xabre35753.zip","msfn-98se","lead","class C?; tags LAST; FREE; driver; vendor availability not checked"
"siteshoter","Siteshoter","msfn-kernelex=1.38; osr-kernelex=1.38","Windows 98SE; Windows 98/ME","yes","KernelEx 4.0","Screen Capture","freeware","","","",,,"msfn-kernelex osr-kernelex","lead","status: working; class from memory || class from memory"
"siw","SIW","","98SE","","unknown","System Information","commercial","","proprietary","",,"http://www.gtopala.com","msfn-98se","excluded","class D?; tags ONGD; FREE; "
"skype","Skype","msfn-98se=1.4.x; msfn-kernelex=3.8; osr-final=3.6.0.244","98SE; Windows 98SE; Windows 98/ME","yes","none known; KernelEx","Internet Plugins + Utilities","commercial","commercial / freeware-unclear","proprietary","",,"http://www.skype.com","msfn-98se msfn-kernelex osr-final","excluded","class D; tags LAST; FREE; 3.5.0.239 works without Video; service no longer works with old clients || status: working; class from memory || source flag FV (final working version); class from memory"
"skypecontactsview","SkypeContactsView","nirsoft-pad=1.05","Win2000,Win7 x32,Win7 x64,Win98,WinVista,WinVista x64,WinXP","","","Communications::Other Comms Tools","freeware","","NirSoft freeware (redistribution allowed, unmodified, free of charge)","http://www.nirsoft.net/utils/skype_contacts_view.html","http://www.nirsoft.net/utils/skype_contacts_view.html","http://www.nirsoft.net/utils/skypecontactsview.zip","nirsoft-pad","lead","PAD OS field lists 9x/ME; program page does not mention 9x/ME; PAD Program_Type 'Freeware'; class set per NirSoft license terms; page License: This utility is released as freeware. You are allowed to freely distribute this utility via floppy disk, CD-ROM, Internet, or in any other way, as long as you don't charge anything for this and you don't sell it or distribute it as a part of commercial prod..."
"slashx","SlashX","mdgx-toy=1.00","9x/NT4/2000/ME/XP/2003","","","System Enhancers / File Manager + Windows Explorer / File Explorer Replacement Tools","freeware","","freeware","https://www.mdgx.com/toy.htm","http://www.detoxsoft.com/","http://www.detoxsoft.com/SlashX100.exe","mdgx-toy","lead","class from source tag 'freeware' (entry text)"
"slimbrowser","SlimBrowser","msfn-98se=4.07.100","98SE","","unknown","Internet Browsers","freeware-unclear","","proprietary freeware","",,"http://www.flashpeak.com/sbrowser","msfn-98se","lead","class C?; tags LAST; FREE; FlashPeak; old 9x build availability unknown"
"slowview","SlowView","mdgx-toy=1.0 RC2","9x/NT4/2000/ME/XP/2003","","","Graphics Editors","freeware","","freeware","https://www.mdgx.com/toy.htm","http://www.buzzys.net/slowview.html","ftp://ftp.externet.hu/pub/mirror/sac/graph/slowview.zip","mdgx-toy","lead","class from source tag 'freeware' (entry text); source marks it discontinued"
"smartbarxp","SmartBarXP","mdgx-toy=1.0.201","98/2000/ME/XP/2003","","","System Enhancers / Other Enhancement Tools","freeware","","freeware","https://www.mdgx.com/toy.htm","http://www.softpedia.com/get/Desktop-Enhancements/Other-Desktop-Enhancements/SmartBarXP.shtml",,"mdgx-toy","lead","class from source tag 'freeware' (entry text)"
"smartftp","SmartFTP","","98SE","","","FTP Clients","commercial","","commercial (per thread tag)","",,"http://www.smartftp.com","msfn-98se","excluded","class D; tags ONGD; COMM; commercial"
"smartsniff","SmartSniff","nirsoft-pad=2.30","Win2000,Win7 x32,Win7 x64,Win98,WinOther,WinServer,WinVista,WinVista x64,WinXP,Other","","","Network & Internet::Network Monitoring","freeware","","NirSoft freeware (redistribution allowed, unmodified, free of charge)","http://www.nirsoft.net/utils/smsniff.html","http://www.nirsoft.net/utils/smsniff.html","http://www.nirsoft.net/utils/smsniff.zip","nirsoft-pad","lead","PAD OS field lists 9x/ME; page says: (Windows 98/ME/NT/2000/XP/2003/Vista) In order to use it, you have to download and install WinPcap Capture Driver from this Web sit ... System Requirements SmartSniff can capture TCP/IP packets on any version of Windows operating system (Windows 98/ME/NT/2000/XP/2003/2008/Vista/7/8) as long as Wi...; PAD Program_Type 'Freeware'; class set per NirSoft license terms; page License: This utility is released as freeware. You are allowed to freely distribute this utility via floppy disk, CD-ROM, Internet, or in any other way, as long as you don't charge anything for this. If you distribute this utility, you must include all files in the ..."
"smartuninstaller","Smart UNinstaller (SUN)","mdgx-toy=1.0","9x/NT4/2000/ME/XP/2003","","","System + Registry Fixers","freeware","","freeware","https://www.mdgx.com/toy.htm","http://www.webattack.com/get/smartuninstaller.shtml","http://ftp.sunet.se/pub/simtelnet/win95/install/sun1_0.zip","mdgx-toy","lead","class from source tag 'freeware' (entry text)"
"smithmicrocheckitdiagnostics","SmithMicro CheckIt Diagnostics","msfn-98se=7.1.1.5","98SE","","","Windows Utilities","commercial","","commercial (per thread tag)","",,"http://www.smithmicro.com/","msfn-98se","excluded","class D; tags LAST; COMM; commercial"
"smithmicrohotfaxmessagecenter","SmithMicro HotFax MessageCenter","msfn-98se=5.0.1","98SE","","","Connectivity","commercial","","commercial (per thread tag)","",,"http://www.smithmicro.com/","msfn-98se","excluded","class D; tags LAST; COMM; commercial"
"smplayer","SMPlayer","osr-kernelex=14.3.0","Windows 98/ME","yes","KernelEx 4.5.2019.24; Base Enhancements","Media Players","open-source","","","",,,"osr-kernelex","lead","portable build; class from memory"
"snicoedit","SnIco Edit","","9x/NT4/2000/ME/XP/2003/Vista/2008/7","","","Graphics Editors / FREE Windows 9x/NTx Icon Tools","freeware","","freeware","https://www.mdgx.com/toy.htm","https://web.archive.org/web/20080309140210/http://snidesoft.eu/","http://files.brothersoft.com/desktop_utilities/icon_tools/icoedit.zip","mdgx-toy","lead","class from source tag 'freeware' (entry text); source marks it discontinued"
"sniffpass","SniffPass","nirsoft-pad=1.13","Win2000,Win7 x32,Win7 x64,Win98,WinVista,WinVista x64,WinXP","","","Network & Internet::Network Monitoring","freeware","","NirSoft freeware (redistribution allowed, unmodified, free of charge)","http://www.nirsoft.net/utils/password_sniffer.html","http://www.nirsoft.net/utils/password_sniffer.html","http://www.nirsoft.net/toolsdownload/sniffpass.zip","nirsoft-pad","lead","PAD OS field lists 9x/ME; page says: System Requirements SniffPass can capture passwords on any 32-bit Windows operating system (Windows 98/ME/NT/2000/XP/2003/Vista) as long as WinPcap capture driver is installed and works properly with your network adapter; PAD Program_Type 'Freeware'; class set per NirSoft license terms; page License: This utility is released as freeware. You are allowed to freely distribute this utility via floppy disk, CD-ROM, Internet, or in any other way, as long as you don't charge anything for this. If you distribute this utility, you must include all files in the ..."
"songbird","SongBird","mdgx-toy=1.10.1","XP/2003/Vista/2008/7","","","Media Players + Recorders","open-source","","GPL (version not stated by source)","https://www.mdgx.com/toy.htm","http://www.getsongbird.com/","http://www.softpedia.com/get/Multimedia/Audio/Audio-Players/Songbird.shtml","mdgx-toy","lead","class from source tag 'free GPL' (entry text)"
"sonicfoundryacidpro","Sonic Foundry Acid Pro","msfn-98se=4","98SE","","","Others","commercial","","commercial (per thread tag)","",,,"msfn-98se","excluded","class D; tags LAST; COMM; eBay; commercial"
"sonicfoundrysoundforge","Sonic Foundry Sound Forge","msfn-98se=6.0; msfn-98se=5","98SE","","","Others","commercial","","commercial (per thread tag)","",,,"msfn-98se","excluded","class D; tags LAST; COMM; commercial || class D; tags LAST; COMM; eBay; commercial"
"sonixsn9c105pccameracontrollerdriver","Sonix SN9C105 PC Camera Controller Driver","","98SE","","","Webcam Drivers","freeware-unclear","","vendor driver (proprietary)","",,"http://www.sonix.com.tw/sonix/product.do?p=SN9C105","msfn-98se","lead","class C?; tags ONGD; FREE; Webcam; 5.21.2000; driver; vendor availability not checked"
"sophosantivirussbe","Sophos Anti-Virus SBE","msfn-98se=2.5","98SE","","","Virus and Spyware Scanners + Privacy and Security Tools","commercial","","commercial (per thread tag)","",,"http://www.sophos.com/products/small-business/sophos-anti-virus","msfn-98se","excluded","class D; tags ONGD; COMM; commercial"
"sophoscomputersecuritysbe","Sophos Computer Security SBE","msfn-98se=2.5","98SE","","","Virus and Spyware Scanners + Privacy and Security Tools","commercial","","commercial (per thread tag)","",,"http://www.sophos.com/products/small-business/sophos-computer-security","msfn-98se","excluded","class D; tags ONGD; COMM; commercial"
"sophosfreeencrytion","SophosFreeEncrytion","msfn-kernelex=2.40.0; osr-kernelex=2.40.0","Windows 98SE; Windows 98/ME","yes","KernelEx 4.0","Encryption","freeware-unclear","","","",,,"msfn-kernelex osr-kernelex","lead","status: working; class from memory || class from memory"
"sophossecuritysuitesbe","Sophos Security Suite SBE","msfn-98se=2.5","98SE","","","Virus and Spyware Scanners + Privacy and Security Tools","commercial","","commercial (per thread tag)","",,"http://www.sophos.com/products/small-business/sophos-security-suite","msfn-98se","excluded","class D; tags ONGD; COMM; commercial"
"sortmenu","SortMenu","mdgx-toy=2.0","98/ME","","","System Enhancers / Other Enhancement Tools","freeware","","freeware","https://www.mdgx.com/toy.htm",,"http://ftp.sunet.se/pub/simtelnet/win95/win98/sortmn20.zip","mdgx-toy","lead","class from source tag 'freeware' (entry text)"
"specialfoldersview","SpecialFoldersView","nirsoft-pad=1.26","Win7 x32,Win7 x64,WinVista,WinVista x64,WinXP","","","System Utilities::Shell Tools","freeware","","NirSoft freeware (redistribution allowed, unmodified, free of charge)","http://www.nirsoft.net/utils/special_folders_view.html","http://www.nirsoft.net/utils/special_folders_view.html","http://www.nirsoft.net/utils/specialfoldersview.zip","nirsoft-pad","lead","PAD OS field lists NT-family only; Windows 9x/ME mentioned on program page only; page says: There is also a separated non-unicode download for Windows 98/ME ... 2000/XP/2003/2008/Vista/7 Download SpecialFoldersView for x64 Download non-unicode version of SpecialFoldersView - for Windows 98/ME SpecialFoldersView is also available in other languages; PAD Program_Type 'Freeware'; class set per NirSoft license terms; page License: This utility is released as freeware. You are allowed to freely distribute this utility via floppy disk, CD-ROM, Internet, or in any other way, as long as you don't charge anything for this. If you distribute this utility, you must include all files in the ..."
"speedyfox","Speedyfox","","Windows 98SE","yes","KernelEx","Apps","unknown","","","",,,"msfn-kernelex","lead","status: working; qualifier: Firefox optimizer"
"splayer","SPlayer","mdgx-toy=3.5","2000/XP/2003/Vista/2008/7","","","Media Players + Recorders","open-source","","free, open source","https://www.mdgx.com/toy.htm","http://www.splayer.org/index.en.html","http://file.splayer.org/SPlayerSetup.exe","mdgx-toy","lead","class from source tag 'free, open source' (entry text)"
"spybotsearchdestroy","Spybot Search & Destroy","","98SE","","unknown","Virus and Spyware Scanners + Privacy and Security Tools","freeware-unclear","","proprietary freeware","",,"http://www.safer-networking.org","msfn-98se","lead","class C?; tags ONGD; FREE; Safer-Networking legacy 1.x availability unknown"
"spywareblaster","Spyware blaster","osr-final=4.6","98SE; Windows 98/ME","","unknown","Virus and Spyware Scanners + Privacy and Security Tools","commercial","commercial / freeware-unclear","proprietary freeware","",,"http://www.javacoolsoftware.com/","msfn-98se osr-final","excluded","class D?; tags ONGD; FREE; current SpywareBlaster not 9x (memory) || source flag FV (final working version); class from memory"
"sqlite","SQLite","osr-final=3.8.0.2","Windows 95/98/ME","","","Kernel Extensions, Rloew Patches, and Unofficial Updates","open-source","","blessing","","http://blog.livedoor.jp/blackwingcat/archives/1813730.html",,"osr-final","lead","unofficial build/backport per source; class from memory"
"stardownloader","Star Downloader","osr-final=1.52","Windows 98/ME","","","Download Accelerator","unknown","","","",,,"osr-final","lead","source flag FV (final working version)"
"starrynightcasp6","Starry Night CASP 6","","Windows 98SE; Windows 98/ME","yes","KernelEx","Digital Art Software","commercial","","","",,,"msfn-kernelex osr-kernelex","excluded","status: working; class from memory || class from memory"
"starter","Starter","mdgx-toy=5.6.2.9","9x/NT4/2000/ME/XP/2003/Vista/2008/7/8/8.1/2012","","","System Enhancers / Other Enhancement Tools","freeware","","freeware","https://www.mdgx.com/toy.htm","http://codestuff.obninsk.ru/products_starter.html","http://codestuff.obninsk.ru/StarterSetup.zip","mdgx-toy","lead","label: Startup Manager; class from source tag 'freeware' (entry text)"
"startright","StartRight","mdgx-toy=1.3.4","9x/NT4/2000/ME/XP/2003","","","System Enhancers / Other Enhancement Tools","freeware","","freeware","https://www.mdgx.com/toy.htm","http://www.joejoesoft.com/cms/showpage.php?cid=113","http://www.joejoesoft.com/cms/file.php?f=userupload%2f8%2ffiles%2fsrv134.zip","mdgx-toy","lead","label: Startup Manager; class from source tag 'freeware' (entry text)"
"startstop","StartStop","mdgx-toy=1.0","9x/NT4/2000/ME/XP/2003","","","System Enhancers / Other Enhancement Tools","freeware","","freeware","https://www.mdgx.com/toy.htm",,"http://ftp.sunet.se/pub/simtelnet/win95/util/tfiss10.zip","mdgx-toy","lead","label: Startup Manager; class from source tag 'freeware' (entry text)"
"startupcpl","Startup CPL","mdgx-toy=2.8","9x/NT4/2000/ME/XP/2003/Vista/2008/7/8/8.1/2012","","Windows 95/OSR1/OSR2/98/98 SP1/NT4 WITHOUT MS IE 5/6 installed require Microsoft Common Control DLL 5.80 Patch !","System Enhancers / Other Enhancement Tools","freeware","","freeware","https://www.mdgx.com/toy.htm","http://www.mlin.net/StartupCPL.shtml","http://www.mlin.net/files/StartupCPL.zip","mdgx-toy","lead","label: Startup Manager; class from source tag 'freeware' (entry text)"
"startupmanager","Startup Manager","mdgx-toy=1.5","9x/NT4/2000/ME/XP","","","System Enhancers / Other Enhancement Tools","freeware","","freeware","https://www.mdgx.com/toy.htm","http://home.ptd.net/~don5408/toolbox/startupcpl/","http://home.ptd.net/~don5408/apps/startman.exe","mdgx-toy","lead","class from source tag 'freeware' (entry text)"
"startupmonitor","StartupMonitor","mdgx-toy=1.02","98/NT4/2000/ME/XP/2003","","","System Enhancers / Other Enhancement Tools","freeware","","freeware","https://www.mdgx.com/toy.htm","http://www.mlin.net/StartupMonitor.shtml","http://www.mlin.net/files/StartupMonitor.zip","mdgx-toy","lead","label: Startup Manager; class from source tag 'freeware' (entry text)"
"startuprun","StartupRun","nirsoft-pad=1.22","Win98,WinME,WinNT 4.x,Windows2000,WinXP","","","System Utilities::Other","freeware","","NirSoft freeware (redistribution allowed, unmodified, free of charge)","http://www.nirsoft.net/utils/strun.html","http://www.nirsoft.net/utils/strun.html","http://www.nirsoft.net/utils/strun.zip","nirsoft-pad","lead","PAD OS field lists 9x/ME; page says: 22 - Startup Manager for Windows 9x/ME/NT/2000/XP Main Page Blog Search FAQ TOP 10 Links Awards Pad Files Contact About ... System Requirements This utility can work in all 32-bit Windows operating systems: Windows 9x, Windows NT, Windows 2000, and Windows XP; PAD Program_Type 'Freeware'; class set per NirSoft license terms; page License: This utility is released as freeware for personal and non-commercial use. You are allowed to freely distribute this utility via floppy disk, CD-ROM, Internet, or in any other way, as long as you don't charge anything for this. If you distribute this utility...; page limits use to personal/non-commercial"
"stduviewer","STDU Viewer","msfn-kernelex=1.5.647; osr-kernelex=1.6.171; osr-kernelex=1.5.647","Windows 98SE; Windows 98/ME","yes","KernelEx 4.5.1; KernelEx","Document Viewer (PDF, Epub, etc.)","freeware-unclear","","","","http://www.stdutility.com/stduviewer.html",,"msfn-kernelex osr-kernelex","lead","status: partially working; thread note: Some windows displaying problems but still usable for viewing.; class from memory || portable build; class from memory || source reports limitations or untested details; class from memory"
"steinbergcubasevst","Steinberg Cubase VST","msfn-98se=5","98SE","","","Others","commercial","","commercial (per thread tag)","",,,"msfn-98se","excluded","class D; tags LAST; COMM; eBay; commercial"
"steinbergwavelab","Steinberg Wavelab","msfn-98se=4","98SE","","","Others","commercial","","commercial (per thread tag)","",,,"msfn-98se","excluded","class D; tags LAST; COMM; eBay; commercial"
"stella","Stella","msfn-95=2.8.4","95","","","","open-source","","GPL-2.0-or-later","",,"https://github.com/stella-emu/stella/releases/tag/release-2.8.4","msfn-95","lead","status LAST (last version supporting Win95); class from source tag 'FREE'; release date per source: 2009-07-04; from opening post list; open-source class and SPDX id from memory, not stated by source"
"stompbackupmypc","Stomp Backup MyPC","msfn-98se=5.0","98SE","","","Compression + Archival + Backup Utilities","commercial","","commercial (per thread tag)","",,,"msfn-98se","excluded","class D; tags LAST; COMM; 4.10.18.0; commercial"
"subdesktop","Sub Desktop","mdgx-toy=1.2","9x/NT4/2000/ME/XP","","","System Enhancers / Other Enhancement Tools","freeware","","freeware","https://www.mdgx.com/toy.htm","http://www.gtdesktop.com/?page=gtdesktop_website/subdesktop","http://www.gtdesktop.com/subdesktop/download","mdgx-toy","lead","class from source tag 'freeware' (entry text)"
"sumatrapdf","SumatraPDF","osr-final=0.7; osr-kernelex=1.1; osr-kernelex=2.2.1; osr-kernelex=3.1.2","Windows 98/ME","yes","KernelEx","Document Viewer (PDF, Epub, etc.)","open-source","","GPL-3.0-only","",,,"osr-final osr-kernelex","lead","source flag FV (final working version); class from memory || portable build; class from memory || portable build; source reports limitations or untested details; class from memory"
"sumo","SUMo","msfn-98se=2.7.0.81","98SE","","unknown","Updaters","commercial","","proprietary","",,"http://www.kcsoftwares.com/index.php?sumo","msfn-98se","excluded","class D; tags ONGD; FREE; Software Update Monitor"
"super2009","Super2009","msfn-kernelex=build 36; osr-kernelex=build 36","Windows 98SE; Windows 98/ME","yes","KernelEx 4.0","Screen Recorder","freeware-unclear","","","",,,"msfn-kernelex osr-kernelex","lead","status: working; class from memory || class from memory"
"superantispywarefreeedition","SUPERAntiSpyware Free Edition","","Windows 98SE; Windows 98/ME","yes","KernelEx; XP mode; KernelEx 4.5.2; XP mode","Anti-Malware and Anti-Viruses","freeware-unclear","","","",,,"msfn-kernelex osr-kernelex","lead","status: working; thread note: Set XP mode also for installer.; class from memory || qualifier: 2013 or earlier build; class from memory"
"superedi","SuperEdi","","98/NT4/2000/ME/XP/2003/Vista/2008/7/8/8.1/2012","","","Text Editors","freeware","","freeware","https://www.mdgx.com/toy.htm","http://www.wolosoft.com/en/superedi/","http://www.wolosoft.com/files/SuperEdi-4.3.1.U.exe","mdgx-toy","lead","class from source tag 'freeware' (entry text)"
"superslydergame","Super Slyder Game","","98 SE/2000/ME/XP/2003","","","System Enhancers / Other Enhancement Tools","commercial","","Microsoft (proprietary)","",,"http://download.microsoft.com/download/2/c/5/2c5763a0-59de-42f7-9f3c-a54015b8dc0a/setup.exe","mdgx-toy","excluded","class from source tag 'freeware' (entry text); Microsoft component: source tag describes a free download, not redistribution rights; Microsoft component; class from memory"
"sview5","SView5","mdgx-toy=3.13","98/2000/ME/XP/2003/Vista/2008/7","","Requires (free): Microsoft Visual C++ 2008 (VC2008) Service Pack 1 (SP1) .","Graphics Editors","freeware","","freeware","https://www.mdgx.com/toy.htm","http://www.ar-kleinert.de/sview5_win_e.html","http://www.ar-kleinert.de/data/SView5-Install.zip","mdgx-toy","lead","class from source tag 'freeware' (entry text)"
"swissknife","SwissKnife","msfn-98se=V3.22","98SE","","unknown","Hard Disk Utilities","freeware-unclear","","freeware, terms unknown","",,"http://www.compuapps.com/download/Swissknife/swissknife.htm","msfn-98se","lead","class C?; tags ONGD; FREE; Convert NTFS to FAT32"
"switchwindow","SwitchWindow","mdgx-toy=1.0.1","98/2000/ME/XP/2003","","","System Enhancers / Other Enhancement Tools","freeware","","freeware","https://www.mdgx.com/toy.htm","http://www.desktopboosters.com/switch_window.html","http://www.desktopboosters.com/download/common/SwitchWindowSetup.exe","mdgx-toy","lead","class from source tag 'freeware' (entry text)"
"sygatepersonalfirewall","Sygate Personal Firewall","msfn-98se=5.6.2808","98SE","","none known","Firewalls","commercial","","proprietary (Symantec)","",,"http://www.freeware-guide.com/dir/util/firewall.html","msfn-98se","excluded","class D; tags LAST; FREE; last freeware version"
"symantecantiviruscorporateedition","Symantec AntiVirus Corporate Edition","msfn-98se=9.0.5.1000","98SE","","","Virus and Spyware Scanners + Privacy and Security Tools","commercial","","commercial (per thread tag)","",,,"msfn-98se","excluded","class D; tags LAST; COMM; commercial"
"symantecdesktopfirewall","Symantec Desktop Firewall","msfn-98se=2.0","98SE","","","Firewalls","commercial","","commercial (per thread tag)","",,"http://www.symantec.com","msfn-98se","excluded","class D; tags LAST; COMM; commercial"
"symanteceventlibrary","Symantec Event Library","msfn-98se=11.6.8.1","98SE","","none known","Virus and Spyware Scanners + Privacy and Security Tools","commercial","","proprietary (Symantec)","",,"ftp://ftp.symantec.com/public/english_us_canada/symevnt11/sevinst.exe","msfn-98se","excluded","class D; tags LAST; FREE; "
"symantecghost","Symantec Ghost","msfn-98se=9.0","98SE","","","Hard Disk Utilities","commercial","","commercial (per thread tag)","",,"http://www.symantec.com","msfn-98se","excluded","class D; tags LAST; COMM; commercial"
"symantecliveupdate","Symantec LiveUpdate","msfn-98se=3.0.0.177","98SE","","none known","Virus and Spyware Scanners + Privacy and Security Tools","commercial","","proprietary (Symantec)","",,"ftp://ftp.symantec.com/public/english_us_canada/liveupdate/3.0/lusetup.exe","msfn-98se","excluded","class D; tags LAST; FREE; "
"symantecnortonsystemworks","Symantec Norton SystemWorks","msfn-98se=2005 8.03","98SE","","","Windows Utilities","commercial","","commercial (per thread tag)","",,"http://www.symantec.com","msfn-98se","excluded","class D; tags LAST; COMM; 2005.8.3.15; commercial"
"symantecsecuritycheck","Symantec Security Check","","98SE","","IE6","Online Virus Scanners","commercial","","n/a (online service)","",,"http://security.symantec.com/sscv6/WelcomePage.asp","msfn-98se","excluded","class D; tags (untagged; online service); online service listed in post 1 (edited 2010-01-07); service, not packageable; long obsolete"
"syncback","SyncBack","msfn-kernelex=3.2.21.0; osr-kernelex=3.2.21.0","Windows 98SE; Windows 98/ME","yes","KernelEx","Back-Up","freeware-unclear","","","",,,"msfn-kernelex osr-kernelex","lead","status: working; class from memory || class from memory"
"synctoy","SyncToy","mdgx-toy=2.1","XP/Vista/7","","SyncToy 1.x/2.x requires Microsoft .Net Framework Redistributable (NFR) 2.0 (free)!","System + Registry Tweakers","commercial","","Microsoft (proprietary)","","https://web.archive.org/web/20080430165105/https://www.microsoft.com/windowsxp/using/digitalphotography/prophoto/synctoy.mspx","https://web.archive.org/web/20070905223541/http://download.microsoft.com/download/e/0/5/e05a8797-eceb-46f6-ad38-a81609e209a0/Setup.msi","mdgx-toy","excluded","class from source tag 'free' (entry text); Microsoft component: source tag describes a free download, not redistribution rights; Microsoft component; class from memory"
"syntexteditor","Syn Text Editor","mdgx-toy=2.1.0.46","9x/NT4/2000/ME/XP/2003","","Windows 95/OSR1/OSR2/98/98 SP1/NT4 WITHOUT MS IE 5/6 installed require Microsoft Common Control DLL 5.80 Patch !","Text Editors","open-source","","GPL (version not stated by source)","https://www.mdgx.com/toy.htm","http://sourceforge.net/projects/syn/","http://downloads.sourceforge.net/syn/synsetup-2.1.0.46.exe","mdgx-toy","lead","class from source tag 'free GPL' (entry text); other tags: free"
"sysexporter","SysExporter","nirsoft-pad=1.77","Win98,WinXP","","","System Utilities::Other","freeware","","NirSoft freeware (redistribution allowed, unmodified, free of charge)","https://www.nirsoft.net/utils/sysexp.html","https://www.nirsoft.net/utils/sysexp.html","https://www.nirsoft.net/utils/sysexp.zip","nirsoft-pad","lead","PAD OS field lists 9x/ME; page says: On Windows 9x and Windows ME, SysExporter can only export data from combo boxes and list boxes controls, but not from list-view and tree-view contro; CHECK: page mention of 9x/ME may be negative; PAD Program_Type 'Freeware'; class set per NirSoft license terms; page License: This utility is released as freeware. You are allowed to freely distribute this utility via floppy disk, CD-ROM, Internet, or in any other way, as long as you don't charge anything for this and you don't sell it or distribute it as a part of commercial prod..."
"sysinternalsprocessexplorer","Sysinternals Process Explorer","osr-final=11.11","Windows 98/ME","","","Task Managers","freeware-unclear","","","",,,"osr-final","excluded","source flag FV (final working version); class from memory; Microsoft component (excluded for now)"
"sysinternalstoolssuitegui+commandlinetools","SysInternals Tools Suite GUI + command line tools","","NTx","","","Power Toys on The Internet","commercial","","Sysinternals Software License (Microsoft; no redistribution)","","http://docs.microsoft.com/sysinternals/downloads/sysinternals-suite/","http://download.sysinternals.com/files/SysinternalsSuite.zip","mdgx-toy","excluded","class from memory (Microsoft Sysinternals)"
"systemiconcleaner","System Icon Cleaner","mdgx-toy=2.01","9x/NT4/2000/ME/XP","","","System + Registry Fixers","freeware","","freeware","https://www.mdgx.com/toy.htm","http://www.skylarkutilities.com/program.pcs?system-icon-cleaner","http://www.skylarkutilities.com/download/sysicon.zip","mdgx-toy","lead","class from source tag 'freeware' (entry text)"
"systemlock","System Lock","msfn-98se=1.2.1","98SE","","none known","Virus and Spyware Scanners + Privacy and Security Tools","freeware-unclear","","freeware, terms unknown","",,"http://www.r2.com.au/software.php?page=2&show=syslock&PHPSESSID=1dd01c3f402955f4055e8939cc2751ce","msfn-98se","lead","class C?; tags LAST; FREE; lock your Win98/Me desktop"
"systemsafetymonitor","System Safety Monitor","msfn-98se=2.0.8.583","98SE","","none known","Virus and Spyware Scanners + Privacy and Security Tools","commercial","","commercial (per thread tag)","",,"http://www.syssafety.com/","msfn-98se","excluded","class D; tags LAST; FREE; publisher gone || class D; tags ONGD; COMM; Host Intrusion Protection System; commercial"
"systemschedulerfreeversion","System Scheduler Free Version","","98SE","","unknown","Others","freeware-unclear","","freeware, terms unknown","",,"http://www.splinterware.com/products/wincron.htm","msfn-98se","lead","class C?; tags ONGD; FREE; schedule unattended tasks"
"talismandesktop","Talisman Desktop","osr-final=3.1","Windows 98/ME","","","Customization","shareware","","","",,,"osr-final","excluded","source flag FV (final working version); class from memory"
"talkworkspro","TalkWorks PRO","msfn-98se=3.0","98SE","","","Connectivity","commercial","","commercial (per thread tag)","",,"http://www.symantec.com","msfn-98se","excluded","class D; tags LAST; COMM; commercial"
"taskinfo2000","TaskInfo 2000","osr-final=3.0","Windows 98/ME, Windows NT 4.0","","","Task Managers","unknown","","","",,,"osr-final","lead","source flag FV (final working version)"
"tclock2","TClock2","mdgx-toy=1.20","9x/NT4/2000/ME/2000/XP/2003","","","System Enhancers / Other Enhancement Tools","open-source","","GPL (version not stated by source)","https://www.mdgx.com/toy.htm","http://www.shii.org/tclock/","http://www.shii.org/tclock/tclock2_120.zip","mdgx-toy","lead","class from source tag 'free GPL' (entry text)"
"tclockex","TClockEx","mdgx-toy=1.4.2","9x/NT4/2000/ME/XP/2003","","","System Enhancers / Other Enhancement Tools","freeware","","freeware","https://www.mdgx.com/toy.htm","http://www.rcis.co.za/dale/tclockex/","http://www.rcis.co.za/anonftp/pub/dale/tclockex.exe","mdgx-toy","lead","class from source tag 'freeware' (entry text)"
"tcpmpplayer","TCPMP Player","osr-final=0.72RC1","Windows 98/ME","","","Media Players","open-source","","","","https://retrosystemsrevival.blogspot.com/2020/01/tcpmp-072rc1-mod-6.html",,"osr-final","lead","source flag FV (final working version); qualifier: Mod 6; class from memory"
"tednotepadse","TED Notepad SE","mdgx-toy=6.3.1","9x/NTx","","","Text Editors","freeware","","freeware","https://www.mdgx.com/toy.htm","http://jsimlo.sk/notepad/","http://jsimlo.sk/notepad/download.php","mdgx-toy","lead","label: TED Notepad; class from source tag 'freeware' (entry text)"
"terragenclassic","Terragen Classic","osr-final=0.9.43","Windows 98/ME","","","3D Modelling Software","freeware-unclear","","","",,,"osr-final","lead","source flag FV (final working version); class from memory"
"testdisk","TestDisk","osr-final=7.2","Windows 98/ME","","","File Recovery","open-source","","GPL-2.0-or-later","",,,"osr-final","lead","source flag CS (concurrent support); class from memory"
"testrunbybb","TestRun by BB","","98SE","","unknown","Windows Utilities","commercial","","unknown","",,"http://rapidshare.com/files/72091836/Test-Run_v_2.1.2.zip.html","msfn-98se","excluded","class D; tags LAST; FREE; Registry Protection; link is a RapidShare upload"
"textaloud","Textaloud","msfn-kernelex=2.303; osr-kernelex=2.303","Windows 98SE; Windows 98/ME","yes","KernelEx","Text-to-Speech Software","shareware","","","",,,"msfn-kernelex osr-kernelex","excluded","status: working; class from memory || class from memory"
"texter","Texter","mdgx-toy=1.1.1.0","XP/2003/Vista/2008/7/8/8.1/2012","","Requires Microsoft .Net Framework Redistributable (NFR) 4.0 (free)!","Text Editors","freeware","","free","https://www.mdgx.com/toy.htm","http://sourceforge.net/projects/texter/","http://downloads.sourceforge.net/project/texter/Texter%28v1.1.1.0%29.zip","mdgx-toy","lead","class from source tag 'free' (entry text)"
"textmaker2008","TextMaker 2008","","Windows 98/ME","yes","KernelEx","Office Suite","commercial","","","",,,"osr-kernelex","excluded","class from memory"
"textmakerviewer2010","TextMaker Viewer 2010","","Windows 98SE; Windows 98/ME","yes","KernelEx 4.5; KernelEx","Office Suite","freeware-unclear","","","","http://www.officeviewers.com",,"msfn-kernelex osr-kernelex","lead","status: partially working; thread note: It crashed when I tried to view html file, but it opened several doc files and tmd file correctly without errors.; class from memory || source reports limitations or untested details; class from memory"
"textshieldfusionbuild644","TextShield Fusion Build 644","","9x/NT4/2000/ME/XP/2003","","Windows 95/98 require Rich Text Format (RTF) Edit Fix (free)!","Text Editors","freeware","","freeware","https://www.mdgx.com/toy.htm","http://members.multimania.nl/textshield/","http://members.multimania.nl/textshield/Setup.exe","mdgx-toy","lead","class from source tag 'freeware' (entry text)"
"thechroniclesofriddickefbbdemo","The Chronicles of Riddick EFBB Demo","","Windows 98SE","yes","KernelEx","Games","unknown","","","",,,"msfn-kernelex","lead","status: working"
"thecoremediaplayer","The Core Media Player","osr-final=4.11 build 452","Windows 98/ME","","","MP3/Music Player","shareware","","","",,,"osr-final","excluded","source marks ~$ (freemium); source flag FV (final working version)"
"thegimp","The Gimp","msfn-98se=2.0.5","98SE","","GTK+ 2 runtime","Graphical Design","open-source","","GPL-2.0+ (memory)","",,"http://www.gimp.org","msfn-98se","lead","class A; tags LAST; FREE; GIMP 2.0.5"
"thegun","TheGun","","98SE","","none known","Notepad Replacements","freeware-unclear","","freeware, terms unknown","",,"http://www.movsd.com/thegun.htm","msfn-98se","lead","class C?; tags LAST; FREE; "
"theklitecodecpack","The K-Lite Codec Pack","msfn-98se=3.4.5 Full","98SE","","none known","Media Players + Encoders + Codecs","commercial","","bundle of third-party codecs","",,"http://codecpack.nl/klcodec345f.exe","msfn-98se","excluded","class D; tags ONGD; FREE; bundle contains components with their own terms; old pack not offered"
"therename","THE Rename","mdgx-toy=2.1.6","9x/NT4/2000/ME/XP/2003","","","System Enhancers / Other Enhancement Tools","freeware","","donationware","https://www.mdgx.com/toy.htm","http://www.herve-thouzard.com/the-rename/","http://www.herve-thouzard.com/therename.zip","mdgx-toy","lead","class from source tag 'donationware' (entry text)"
"thunderbird","Thunderbird","msfn-kernelex=3.0","Windows 98SE","yes","KernelEx; Win2k mode","Apps","open-source","","","","http://www.mozillamessaging.com/en-US/thunderbird/3.0rc1",,"msfn-kernelex","lead","status: working; class from memory"
"tinypersonalfirewall","Tiny Personal Firewall","msfn-98se=2.0.15A","98SE","","none known","Firewalls","commercial","","proprietary","",,"http://www.oldversion.com/program.php?n=tpfirewall","msfn-98se","excluded","class D; tags LAST; FREE; publisher gone"
"tinywatcher","Tiny Watcher","msfn-98se=1.5","98SE","","unknown","Virus and Spyware Scanners + Privacy and Security Tools","freeware-unclear","","freeware, terms unknown","",,"http://kubicle.dcmembers.com/watcher","msfn-98se","lead","class C?; tags ONGD; FREE; v1.5"
"topocr","TopOCR","msfn-kernelex=2.6; osr-kernelex=2.6","Windows 98SE; Windows 98/ME","yes","KernelEx 4.0","Picture-to-Text Converter (ORC)","unknown","","","",,,"msfn-kernelex osr-kernelex","lead","status: working"
"torino","Torino","msfn-98se=2006","98SE","","","Games","commercial","","commercial (per thread tag)","",,"http://2ksports.com/games/torino2006","msfn-98se","excluded","class D; tags LAST; COMM; commercial"
"totalcommander","Total Commander","msfn-95=9.0a","95; 98SE","","","","shareware","","SHAR (Shareware per thread legend)","https://msfn.org/board/topic/176623-last-versions-of-software-for-windows-95/#findComment-1137960",,"http://totalcommander.ch/win/tcmd900ax32.exe","msfn-95 msfn-98se","excluded","status ONGD (ongoing development); class from source tag 'SHAR'; release date per source: 2016-12-14; from reply by ppgrainbow (page 2), not in opening post list || class D; tags ONGD; SHAR; shareware/trial"
"totaltextcontainer","Total Text Container","","Windows 98SE; Windows 98/ME","yes","KernelEx 4.5; Win2k mode; KernelEx 4.5; Windows 2000 mode","Diary","unknown","","","","http://sites.google.com/site/totaltextcontainer",,"msfn-kernelex osr-kernelex","lead","status: working"
"touhouchireidensubterraneananimismdemo","Touhou Chireiden ~ Subterranean Animism demo","msfn-kernelex=0.02a","Windows 98SE","yes","KernelEx; d3dx9_37.dll","Games","unknown","","","","http://www16.big.or.jp/~zun",,"msfn-kernelex","lead","status: working; thread note: Requires d3dx9_37.dll"
"touhouseirensenundefinedfantasticobjectdemo","Touhou Seirensen ~ Undefined Fantastic Object demo","msfn-kernelex=0.02a","Windows 98SE","yes","KernelEx; d3dx9_40.dll","Games","unknown","","","","http://www16.big.or.jp/~zun",,"msfn-kernelex","lead","status: working; thread note: Requires d3dx9_40.dll"
"trayhelperbasic","Tray Helper Basic","mdgx-toy=4.9","9x/NT4/2000/ME/XP/2003","","","System Enhancers / Other Enhancement Tools","freeware-unclear","","crippled freeware","https://www.mdgx.com/toy.htm","http://www.trayhelper.com/indexeng.html","http://www.trayhelper.com/dload/Setup_FREE.exe","mdgx-toy","lead","class from source tag 'crippled freeware' (entry text)"
"trayicon","TrayIcon","mdgx-toy=2.5","9x/NT4/2000/ME/XP/2003/Vista/2008/7/8/8.1/2012","","","System Enhancers / Other Enhancement Tools","freeware","","donationware","https://www.mdgx.com/toy.htm","https://www.mdgx.com/files/trayicon.php","https://www.mdgx.com/files/TI25.ZIP","mdgx-toy","lead","class from source tag 'donationware' (entry text)"
"traylaunch","TrayLaunch","mdgx-toy=1.1","9x/NT4/2000/ME","","","System Enhancers / Other Enhancement Tools","freeware","","freeware","https://www.mdgx.com/toy.htm","http://www.wolosoft.com/en/traylaunch/traylaunch.html","http://www.wolosoft.com/files/trayl11.zip","mdgx-toy","lead","class from source tag 'freeware' (entry text)"
"traysaverbeta10","TraySaver beta 10","","9x/NT4/2000/ME","","","System Enhancers / Other Enhancement Tools","freeware","","freeware","https://www.mdgx.com/toy.htm","https://web.archive.org/web/20060715224213/http://www.mlin.net/TraySaver.shtml","https://web.archive.org/web/20060615204241/http://www.mlin.net/files/TraySaverB10.exe","mdgx-toy","lead","class from source tag 'freeware' (entry text)"
"trendmicrohousecall","Trend Micro Housecall","msfn-98se=6.5","98SE","","IE6","Online Virus Scanners","commercial","","n/a (online service)","",,"http://housecall.trendmicro.com/uk","msfn-98se","excluded","class D; tags (untagged; online service); online service listed in post 1 (edited 2010-01-07); service, not packageable; long obsolete"
"triplecheese","Triple Cheese","","Windows 98SE; Windows 98/ME","yes","KernelEx","VST Software/Plugins","unknown","","","",,,"msfn-kernelex osr-kernelex","lead","status: working || qualifier: 2013 or older builds"
"troutaudioplayer","Trout Audio Player","osr-final=1.0.6 build 71","Windows 98/ME","","","MP3/Music Player","unknown","","","",,,"osr-final","lead",""
"truecrypt","TrueCrypt","osr-final=1.0","Windows 98/ME","","","Encryption Software","freeware-unclear","","TrueCrypt License","",,,"osr-final","lead","source flag FV (final working version); class from memory"
"tugzip","TUGZip","mdgx-toy=3.5.0.0","9x/NT4/2000/ME/XP/2003/Vista/2008/7","","","File Shrinkers","freeware","","freeware","https://www.mdgx.com/toy.htm","http://www.tugzip.com/","http://www.tugzip.com/?page=downloads","mdgx-toy","lead","class from source tag 'freeware' (entry text)"
"turbonavigator","Turbo Navigator","","9x/NT4/2000/ME/XP/2003","","Turbo Navigator 32-bit Windows 9x/NT4/2000/ME/XP/2003 Windows Explorer replacement: full drag & drop support, built-in TXT, RTF + binary file viewer, advanced attribute change, advanced copy/move filtering, total deletion, built-in WAV, MID, MP3, AVI + MPG ...","System Enhancers / File Manager + Windows Explorer / File Explorer Replacement Tools","freeware","","freeware","https://www.mdgx.com/toy.htm","http://www.pricelesswarehome.org/WoundedMoon/win32/turbonavigator.html","http://download.microsoft.com/download/platformsdk/Comctl32/5.80.2614.3600/W9XNT4/EN-US/50comupd.exe","mdgx-toy","lead","class from source tag 'freeware' (entry text); source marks it discontinued"
"turbowinmd5filechecksumverification+repairtool","Turbo WinMD5 file checksum verification + repair tool","mdgx-toy=0.45","9x/NT4/2000/ME/XP/2003/Vista/2008/7/8/8.1/2012","","","Hex Editors / FREE Windows x/NTx Checksum Tools","freeware","","freeware","https://www.mdgx.com/toy.htm","http://www.paehl.de/cms/winmd5/",,"mdgx-toy","lead","class from source tag 'freeware' (entry text)"
"turnedontimesview","TurnedOnTimesView","nirsoft-pad=1.46","Win2000,Win7 x32,Win7 x64,Win98,WinVista,WinVista x64,WinXP","","","System Utilities::Other","freeware","","NirSoft freeware (redistribution allowed, unmodified, free of charge)","https://www.nirsoft.net/utils/computer_turned_on_times.html","https://www.nirsoft.net/utils/computer_turned_on_times.html","https://www.nirsoft.net/utils/turnedontimesview.zip","nirsoft-pad","lead","PAD OS field lists 9x/ME; program page does not mention 9x/ME; PAD Program_Type 'Freeware'; class set per NirSoft license terms; page License: This utility is released as freeware. You are allowed to freely distribute this utility via floppy disk, CD-ROM, Internet, or in any other way, as long as you don't charge anything for this and you don't sell it or distribute it as a part of commercial prod..."
"tweakall","TweakAll","mdgx-toy=3.0","9x/NT4/2000/ME/XP","","TweakAll v3.0 32-bit for Windows 9x/NT4/2000/ME/XP tweaks boot/run/shut down options, tons of GUI/Explorer/Internet/Security settings, Vcache/Disk Cache parameters, 3dfx/NVidia video performance, frees unused memory etc, requires installing separate plugins...","System + Registry Tweakers","freeware","","freeware","https://www.mdgx.com/toy.htm","http://www.codeforge.co.uk/tweakall.php","http://www.codeforge.co.uk/files/tweakall3fullsetup.exe","mdgx-toy","lead","class from source tag 'freeware' (entry text)"
"tweakdb","TweakDB","mdgx-toy=3.0 Beta 1","9x/NT4/2000/ME/XP/2003","","","System + Registry Tweakers","freeware","","freeware","https://www.mdgx.com/toy.htm","http://www.tweakdb.tk/","http://www.stickney7.freeserve.co.uk/files/TweakDB3_Beta1_Full.exe","mdgx-toy","lead","class from source tag 'freeware' (entry text)"
"tweaker2001","Tweaker 2001","mdgx-toy=6.0","9x/NT4/2000/ME/XP","","","System + Registry Tweakers","freeware","","freeware","https://www.mdgx.com/toy.htm","http://rmsoft.itgo.com/tweaker.html","http://ftp.sunet.se/pub/simtelnet/win95/util/tweak60.zip","mdgx-toy","lead","class from source tag 'freeware' (entry text)"
"tweaknowregcleaner","TweakNow RegCleaner","mdgx-toy=2.0.9","98/2000/ME/XP/2003","","","System + Registry Fixers","freeware-unclear","","crippled freeware","https://www.mdgx.com/toy.htm","http://www.tweaknow.com/regcleaner.html","http://tweaknow.fileburst.com/New/RegCleaner.exe","mdgx-toy","lead","class from source tag 'crippled freeware' (entry text)"
"tweakrevisited","Tweak Revisited","mdgx-toy=3.2","9x/ME","","Requires Microsoft Visual Basic 6 (VB6) Runtime Libraries (free)!","System + Registry Tweakers","shareware","","crippled shareware","https://www.mdgx.com/toy.htm","https://www.mdgx.com/add.htm#VB6","http://ftp.sunet.se/pub/simtelnet/win95/util/twkrv32.zip","mdgx-toy","excluded","class from source tag 'crippled shareware' (entry text); other tags: free"
"tweakui","TweakUI","","9x/NT4/2000/ME/XP/2003","","","System + Registry Tweakers","commercial","","Microsoft (proprietary)","","https://www.mdgx.com/98-3.htm#TWK98","http://download.microsoft.com/download/f/c/a/fca6767b-9ed9-45a6-b352-839afb2a2679/TweakUiPowertoySetup.exe","mdgx-toy","excluded","class from source tag 'FINAL release , free, unsupported, English' (entry text); Microsoft component: source tag describes a free download, not redistribution rights; Microsoft component; class from memory; source says unsupported"
"types","types","osr-kernelex=1.9.3","Windows 98/ME","yes","KernelEx 4.5.1; Windows 2000 SP4","Windows Customization","unknown","","","",,,"osr-kernelex","lead",""
"ubiquitousplayer","Ubiquitous Player","mdgx-toy=10.01","XP/2003/Vista/2008/7/8/8.1/2012","","","Media Players + Recorders","freeware","","freeware","https://www.mdgx.com/toy.htm","http://ubiquitous-player.blogspot.com/","http://www.softpedia.com/get/File-managers/Ubiquitous-Player.shtml","mdgx-toy","lead","class from source tag 'freeware' (entry text)"
"ugssolidedge","UGS Solid Edge","msfn-98se=10.8","98SE","","","CAD + CAM + Design & Drafting Software","commercial","","commercial (per thread tag)","",,"http://www.solid-edge.com","msfn-98se","excluded","class D; tags LAST; COMM; commercial"
"uleadmediastudiopro","Ulead MediaStudio Pro","msfn-98se=7","98SE","","","Others","commercial","","commercial (per thread tag)","",,,"msfn-98se","excluded","class D; tags LAST; COMM; eBay; commercial"
"uleadphotoimpact","Ulead Photoimpact","msfn-98se=11","98SE","","","Others","commercial","","commercial (per thread tag)","",,,"msfn-98se","excluded","class D; tags LAST; COMM; eBay; commercial"
"umplayer","UMPlayer","osr-kernelex=0.98","Windows 98/ME","yes","KernelEx 4.5.2019.24","Media Players","open-source","","","",,,"osr-kernelex","lead","portable build; class from memory"
"unfreez","UnFREEz","msfn-98se=2.1","98SE","","none known","Graphical Design","freeware-unclear","","freeware, terms unknown","",,"http://www.whitsoftdev.com/unfreez","msfn-98se","lead","class C?; tags ONGD; FREE; Animated GIF maker"
"uninstallcleaner","UnInstall Cleaner","mdgx-toy=1.1.0","9x/ME","","","System + Registry Fixers","freeware","","freeware","https://www.mdgx.com/toy.htm","http://www.webmasterfree.com/jsuninstallcleaner.html","http://www.brothersoft.com/soft/jsuic.exe","mdgx-toy","lead","class from source tag 'freeware' (entry text)"
"universalextractor","Universal Extractor","mdgx-toy=1.6.1; msfn-kernelex=1.6 beta; osr-kernelex=1.6 beta","9x/NT4/2000/ME/XP/2003/Vista/2008/7/8/8.1/2012; Windows 98SE; Windows 98/ME","yes","KernelEx","File Shrinkers","freeware","freeware / open-source","freeware","https://www.mdgx.com/toy.htm","http://www.legroom.net/software/uniextract/","http://www.legroom.net/files/software/uniextract161.exe","mdgx-toy msfn-kernelex osr-kernelex","lead","class from source tag 'freeware' (entry text) || status: working; class from memory || class from memory"
"unofficialdirectx","Unofficial DirectX","osr-final=9.0c","Windows 98/ME","","DirectX 9","Official Microsoft Updates","freeware-unclear","","","",,"http://www.mdgx.com/files/DX90C.EXE","osr-final","excluded","qualifier: August 2007; unofficial build/backport per source; class from memory; Microsoft component (excluded for now)"
"unofficialkillerreplacementsme98se","Unofficial Killer Replacements: ME → 98 SE","","","","","Windows 98 SE Unofficial Updates + Fixes","open-source","","free, open source","https://www.mdgx.com/web.htm","https://www.mdgx.com/98-5.htm#KRM9S","https://www.mdgx.com/9s2m/98SE2ME.EXE","mdgx-web","lead","label: 98SE2ME; class from source tag 'free, open source' (entry text)"
"unofficialusb","Unofficial USB 2.0 WDM Drivers USBCCGP.SYS 5.1.2600.5512, USBEHCI.SYS 5.0.2195.6882, USBHUB20.SYS 4.90.3000.11, USBPORT.SYS 5.0.2195.5652, USBSTOR.SYS 5.0.2195.6773 + WDMSTUB.SYS 5.0.0.6","","98 SE/ME","","","Windows ME Updates + Fixes","commercial","","unofficial patch of Microsoft files","","http://www.msfn.org/board/index.php?showtopic=91336","https://www.mdgx.com/files/USB20DRV.EXE","mdgx-web","excluded","unofficial fix repackaging Microsoft system files; class from memory; also listed under: Windows 98 SE Updates + Fixes"
"unofficialvisualc++2008runtime","Unofficial Visual C++ 2008 Runtime","","Windows 98/ME","","","Kernel Extensions, Rloew Patches, and Unofficial Updates","freeware-unclear","","","","https://retrosystemsrevival.blogspot.com/2018/05/windows-98se-service-pack-362.html",,"osr-final","excluded","source flag FV (final working version); unofficial build/backport per source; class from memory; Microsoft component (excluded for now)"
"unofficialwindows9595aosr195bosr2095cosr25fixed","Unofficial Windows 95/95a OSR1/95B OSR2.0/95C OSR2.5 Fixed 2.1 GHz CPU Limitation Patch","","95/95a OSR1/95B OSR2.0/95C OSR2.5","","","Windows 95B/95C OSR2 Service Pack 1 (SP1) + Unofficial Updates/Fixes","freeware","","free, English","https://www.mdgx.com/web.htm","http://www.msfn.org/board/index.php?showtopic=141402","https://www.mdgx.com/spx/FIX95CPU.ZIP","mdgx-web","lead","label: FIX95CPU; class from source tag 'free, English' (entry text); unofficial patch/pack that likely contains Microsoft files: the free tag does not settle redistribution rights"
"unofficialwindows9596upgrade","Unofficial Windows 95 → 96 Upgrade","","95","","","WINDOWS 95/95A OSR1 ESSENTIAL FREE UPGRADES + FIXES","unknown","","","",,"https://www.mdgx.com/files/WIN96.ZIP","mdgx-web","lead",""
"unofficialwindows9598meanimatedcursor+iconhandlingsecurityvulnerabilityq891711dll","Unofficial Windows 95/98/ME Animated Cursor (.ANI) + Icon Handling Security Vulnerability Q891711.DLL 4.10.2223 + KB891711.EXE 4.10.2227 Fix","","95/98/ME","","","Windows 95 Updates + Fixes","commercial","","unofficial patch of Microsoft files","","https://www.mdgx.com/files/U891711.TXT","https://www.mdgx.com/files/U891711.EXE","mdgx-web","excluded","label: U891711; unofficial fix repackaging Microsoft system files; class from memory"
"unofficialwindows9598mecdtracksaswavscdfsvxdpatch","Unofficial Windows 95/98/ME CD Tracks as WAVs CDFS.VXD Patch","","95/98/ME","","","WINDOWS MILLENNIUM EDITION (ME) ESSENTIAL FREE UPGRADES + FIXES","freeware","","freeware","https://www.mdgx.com/web.htm","http://www.sonicspot.com/alternatecdfsvxd/alternatecdfsvxd.html",,"mdgx-web","lead","class from source tag 'freeware' (entry text); unofficial patch/pack that likely contains Microsoft files: the free tag does not settle redistribution rights; also listed under: WINDOWS 98 SECOND EDITION (SE) ESSENTIAL FREE UPGRADES + FIXES; also listed under: WINDOWS 95/95A OSR1 ESSENTIAL FREE UPGRADES + FIXES"
"unofficialwindows9598mecomdlg32dlldialogresizepatch","Unofficial Windows 95/98/ME COMDLG32.DLL Dialog Resize Patch","","95/98/ME","","","WINDOWS MILLENNIUM EDITION (ME) ESSENTIAL FREE UPGRADES + FIXES","freeware","","freeware","https://www.mdgx.com/web.htm","http://www.netcult.ch/elmue/ElmueSoft-en.htm",,"mdgx-web","lead","class from source tag 'freeware' (entry text); unofficial patch/pack that likely contains Microsoft files: the free tag does not settle redistribution rights; also listed under: WINDOWS 98 SECOND EDITION (SE) ESSENTIAL FREE UPGRADES + FIXES; also listed under: WINDOWS 95/95A OSR1 ESSENTIAL FREE UPGRADES + FIXES"
"unofficialwindows9598memprdllpasswordlockpatch","Unofficial Windows 95/98/ME MPR.DLL Password Lock Patch","","95/98/ME","","","WINDOWS MILLENNIUM EDITION (ME) ESSENTIAL FREE UPGRADES + FIXES","freeware","","freeware","https://www.mdgx.com/web.htm",,"https://www.mdgx.com/files/PASSLOCK.ZIP","mdgx-web","lead","class from source tag 'freeware' (entry text); unofficial patch/pack that likely contains Microsoft files: the free tag does not settle redistribution rights; also listed under: WINDOWS 98 SECOND EDITION (SE) ESSENTIAL FREE UPGRADES + FIXES; also listed under: WINDOWS 95/95A OSR1 ESSENTIAL FREE UPGRADES + FIXES"
"unofficialwindows9598meq891711dll","Unofficial Windows 95/98/ME Q891711.DLL 4.10.2223 + KB891711.EXE 4.10.2227 Fix","","95/98/ME","","","Windows ME Updates + Fixes","commercial","","Microsoft (proprietary)","","https://www.mdgx.com/files/U891711.TXT","https://www.mdgx.com/files/U891711.EXE","mdgx-web","excluded","label: U891711; Microsoft component; class from memory; also listed under: Windows 98 SE Updates + Fixes"
"unofficialwindows9598meservicesupdate","Unofficial Windows 95/98/ME SERVICES Update","","95/98/ME","","","Windows ME Updates + Fixes","commercial","","unofficial patch of Microsoft files","","http://www.faqs.org/rfcs/rfc1060.html","https://www.mdgx.com/files/SERVIC9X.EXE","mdgx-web","excluded","unofficial fix repackaging Microsoft system files; class from memory; also listed under: Windows 98 SE Updates + Fixes; also listed under: Windows 95 Updates + Fixes"
"unofficialwindows95b95cosr","Unofficial Windows 95B/95C OSR 2.0/2.1/2.5 Service Pack 1 (SP1) 1.05","","95B/95C OSR 2.0","","","Windows 95B/95C OSR2 Service Pack 1 (SP1) + Unofficial Updates/Fixes","freeware","","English, free","https://www.mdgx.com/web.htm","http://www.msfn.org/board/index.php?showtopic=129504","https://www.mdgx.com/spx/OSR2SP1.EXE","mdgx-web","lead","label: OSR2 SP1; class from source tag 'English, free' (entry text); unofficial patch/pack that likely contains Microsoft files: the free tag does not settle redistribution rights"
"unofficialwindows95b95cosr2x48bitlba137gbideatapiharddiskdriveresdi506pdr","Unofficial Windows 95B/95C OSR 2.x 48-bit LBA (Logical Block Addressing) > 137 GB (E)IDE/ATAPI Hard Disk Driver ESDI_506.PDR 4.00.1119 Fix","","95B/95C OSR 2.x","","","Windows 95B/95C OSR2 Updates + Fixes","commercial","","unofficial patch of Microsoft files","","http://www.msfn.org/board/index.php?showtopic=78592","https://www.mdgx.com/files/48BLOSR2.EXE","mdgx-web","excluded","unofficial fix repackaging Microsoft system files; class from memory"
"unofficialwindows95b95cosr2xupgradespatches+fixeslist","Unofficial Windows 95B/95C OSR 2.x Upgrades, Patches + Fixes List","","95B/95C OSR 2.x","","","WINDOWS 95B/95C OSR 2.X ESSENTIAL FREE UPGRADES + FIXES","commercial","","unofficial patch of Microsoft files","","https://web.archive.org/web/20030801182223/www.walbeehm.com/win95upd.html",,"mdgx-web","excluded","unofficial fix repackaging Microsoft system files; class from memory"
"unofficialwindows95b95cosr2xusbstoragedriverpackbeta1","Unofficial Windows 95B/95C OSR 2.x USB Storage Driver Pack (USBSTR95) Beta 1","","95B/95C OSR 2.x","","","Windows 95B/95C OSR2 Service Pack 1 (SP1) + Unofficial Updates/Fixes","freeware","","free, English","https://www.mdgx.com/web.htm","http://www.msfn.org/board/index.php?showtopic=109521","https://www.mdgx.com/spx/USBSTR95.EXE","mdgx-web","lead","label: USBSTR95; class from source tag 'free, English' (entry text)"
"unofficialwindows95osr1osr2256colorsiconsexplorerexplorerexe","Unofficial Windows 95/OSR1/OSR2 256 Colors Icons Explorer EXPLORER.EXE 4.00.953 Fix","","95/OSR1/OSR2","","","Windows 95 Updates + Fixes","commercial","","unofficial patch of Microsoft files","","https://www.mdgx.com/files/explor9x.php","https://www.mdgx.com/files/EXPLOR95.EXE","mdgx-web","excluded","unofficial fix repackaging Microsoft system files; class from memory"
"unofficialwindows95osr1osr29898sp198sent4metzenvironmentvariableerrorsmsvcrtdll","Unofficial Windows 95/OSR1/OSR2/98/98 SP1/98 SE/NT4/ME TZ Environment Variable Errors MSVCRT.DLL 6.1.9848.0 Fix","","95/OSR1/OSR2/98/98 SP1/98 SE/NT4/ME","","","Windows ME Updates + Fixes","commercial","","unofficial patch of Microsoft files","","http://support.microsoft.com/help/932590","https://www.mdgx.com/files/Q932590.EXE","mdgx-web","excluded","unofficial fix repackaging Microsoft system files; class from memory; also listed under: Windows 98 SE Updates + Fixes; also listed under: Windows 95 Updates + Fixes"
"unofficialwindows95osr1osr2filemanagergpfwinfileexe","Unofficial Windows 95/OSR1/OSR2 File Manager GPF WINFILE.EXE 4.00.952 Fix","","95/OSR1/OSR2","","","Windows 95 Updates + Fixes","commercial","","unofficial patch of Microsoft files","","http://support.microsoft.com/help/267375","https://www.mdgx.com/files/WINFIL95.EXE","mdgx-web","excluded","unofficial fix repackaging Microsoft system files; class from memory"
"unofficialwindows95osr1osr2openglipferroropengl32dll","Unofficial Windows 95/OSR1/OSR2 OpenGL IPF Error OPENGL32.DLL 4.1.1381.7035 Fix","mdgx-web=4.00","95/OSR1/OSR2","","","Windows 95 Updates + Fixes","commercial","","unofficial patch of Microsoft files","","http://support.microsoft.com/help/240896","https://www.mdgx.com/files/GL240896.EXE","mdgx-web","excluded","unofficial fix repackaging Microsoft system files; class from memory"
"unofficialwindows9848bitlba137gbideatapiharddiskdriveresdi506pdr","Unofficial Windows 98 48-bit LBA (Logical Block Addressing) > 137 GB (E)IDE/ATAPI Hard Disk Driver ESDI_506.PDR 4.10.2186 Fix","","98","","","WINDOWS 98 ESSENTIAL FREE UPGRADES + FIXES","commercial","","unofficial patch of Microsoft files","","http://www.msfn.org/board/index.php?showtopic=78592","https://www.mdgx.com/files/9848BLBA.EXE","mdgx-web","excluded","unofficial fix repackaging Microsoft system files; class from memory"
"unofficialwindows9898sp1256colorsiconsexplorerexplorerexe","Unofficial Windows 98/98 SP1 256 Colors Icons Explorer EXPLORER.EXE 4.72.3612.1710 Fix","","98/98 SP1","","","WINDOWS 98 ESSENTIAL FREE UPGRADES + FIXES","commercial","","unofficial patch of Microsoft files","","https://www.mdgx.com/files/explor9x.php","https://www.mdgx.com/files/EXPL98FE.EXE","mdgx-web","excluded","unofficial fix repackaging Microsoft system files; class from memory"
"unofficialwindows9898sp198se128bitsslsecurityserviceprovidersecur32dll","Unofficial Windows 98/98 SP1/98 SE 128-bit SSL Security Service Provider SECUR32.DLL 4.10.2228 Fix","","98/98 SP1/98 SE","","Requires Active Directory Services (ADS) Client already installed!","Windows 98 SE Updates + Fixes","freeware","","free","https://www.mdgx.com/web.htm","https://www.mdgx.com/add.htm#ADS","https://www.mdgx.com/files/SECUR98.EXE","mdgx-web","lead","class from source tag 'free' (entry text); unofficial patch/pack that likely contains Microsoft files: the free tag does not settle redistribution rights; also listed under: WINDOWS 98 ESSENTIAL FREE UPGRADES + FIXES"
"unofficialwindows9898sp198se24gbfileserrorskernel32dllfix","Unofficial Windows 98/98 SP1/98 SE 2-4 GB Files Errors KERNEL32.DLL (4.10.2002 for Win98/98 SP1 + 4.10.2226 for Win98 SE) Fix","","98/98 SP1/98 SE","","","Windows 98 SE Updates + Fixes","commercial","","unofficial patch of Microsoft files","","http://support.microsoft.com/help/318293","https://www.mdgx.com/files/COPY2GB.EXE","mdgx-web","excluded","unofficial fix repackaging Microsoft system files; class from memory"
"unofficialwindows9898sp198se255devicesadditions+removalserrorvoltrackvxd","Unofficial Windows 98/98 SP1/98 SE 255 Devices Additions + Removals Error VOLTRACK.VXD 4.10.1999 Fix","","98/98 SP1/98 SE","","","Windows 98 SE Updates + Fixes","commercial","","unofficial patch of Microsoft files","","http://support.microsoft.com/help/249824","https://www.mdgx.com/files/Q249824.EXE","mdgx-web","excluded","unofficial fix repackaging Microsoft system files; class from memory"
"unofficialwindows9898sp198sebigopenboxcomdlg32dlldialogresizepatch","Unofficial Windows 98/98 SP1/98 SE Big Open Box COMDLG32.DLL Dialog Resize Patch","","98/98 SP1/98 SE","","","WINDOWS 98 SECOND EDITION (SE) ESSENTIAL FREE UPGRADES + FIXES","freeware","","freeware","https://www.mdgx.com/web.htm","http://www.htasoft.com/bigopenbox.htm",,"mdgx-web","lead","class from source tag 'freeware' (entry text); unofficial patch/pack that likely contains Microsoft files: the free tag does not settle redistribution rights"
"unofficialwindows9898sp198secddiskscsismartvoliosubsystemcdfsvxd","Unofficial Windows 98/98 SP1/98 SE CD/DISK/SCSI/SMART/VOL I/O Subsystem CDFS.VXD 4.90.3002 (patched for > 2 GB DVD size), CDTSD.VXD 4.90.3001, CDVSD.VXD 4.90.3004, DISKTSD.VXD 4.90.3001, DISKVSD.VXD 4.90.3002, SCSI1HLP.VXD 4.90.3001, SMARTVSD.VXD 4.90.3001 + VOLTRACK.VXD 4.90.3001 Drivers Fix","mdgx-web=2","98/98 SP1/98 SE","","","Windows 98 SE Updates + Fixes","freeware","","freeware","https://www.mdgx.com/web.htm","https://www.mdgx.com/files/iosys98.php","https://www.mdgx.com/files/IOSYS98.EXE","mdgx-web","lead","class from source tag 'freeware' (entry text); unofficial patch/pack that likely contains Microsoft files: the free tag does not settle redistribution rights"
"unofficialwindows9898sp198secomputerhangswithieee1394dvd+usbdrivescdvsdvxd","Unofficial Windows 98/98 SP1/98 SE Computer Hangs With IEEE 1394 (FireWire) DVD + USB Drives CDVSD.VXD 4.90.3004 Fix","","98/98 SP1/98 SE","","","Windows 98 SE Updates + Fixes","commercial","","unofficial patch of Microsoft files","","https://web.archive.org/web/20041113063902/http://support.microsoft.com/?kbid=304708","https://www.mdgx.com/files/Q304708.EXE","mdgx-web","excluded","unofficial fix repackaging Microsoft system files; class from memory"
"unofficialwindows9898sp198secomputerhangswithremovablediskdiskvsdvxd","Unofficial Windows 98/98 SP1/98 SE Computer Hangs With Removable Disk DISKVSD.VXD 4.90.3002 Fix","","98/98 SP1/98 SE","","","Windows 98 SE Updates + Fixes","commercial","","unofficial patch of Microsoft files","","https://web.archive.org/web/20010712011146/http://support.microsoft.com/support/kb/articles/q271/2/77.asp","https://www.mdgx.com/files/Q271277.EXE","mdgx-web","excluded","unofficial fix repackaging Microsoft system files; class from memory"
"unofficialwindows9898sp198secontrolpanelappletslockupscontrolexe","Unofficial Windows 98/98 SP1/98 SE Control Panel Applets Lockups CONTROL.EXE 4.10.1999 Fix","","98/98 SP1/98 SE","","","Windows 98 SE Updates + Fixes","commercial","","unofficial patch of Microsoft files","","https://www.mdgx.com/98-5.htm#KRM9S","https://www.mdgx.com/files/CNTROL98.EXE","mdgx-web","excluded","unofficial fix repackaging Microsoft system files; class from memory"
"unofficialwindows9898sp198sedisplayerrorsformatcom+fdiskexefix","Unofficial Windows 98/98 SP1/98 SE Display Errors FORMAT.COM + FDISK.EXE Fix","","98/98 SP1/98 SE","","","Windows 98 SE Updates + Fixes","commercial","","unofficial patch of Microsoft files","","http://www.msfn.org/board/index.php?showtopic=85573","https://www.mdgx.com/files/FDSKFRMT.EXE","mdgx-web","excluded","unofficial fix repackaging Microsoft system files; class from memory"
"unofficialwindows9898sp198seexplorerlockupswithinternetexplorer5xx6xxshell32dll","Unofficial Windows 98/98 SP1/98 SE Explorer Lockups With Internet Explorer 5.xx/6.xx SHELL32.DLL 4.72.3812.634 Fix","","98/98 SP1/98 SE","","","Windows 98 SE Updates + Fixes","commercial","","unofficial patch of Microsoft files","","http://www.msfn.org/board/index.php?showtopic=84451","https://www.mdgx.com/files/SHELL98.EXE","mdgx-web","excluded","unofficial fix repackaging Microsoft system files; class from memory"
"unofficialwindows9898sp198sefilemanagergpfwinfileexe","Unofficial Windows 98/98 SP1/98 SE File Manager GPF WINFILE.EXE 4.10.1999 Fix","","98/98 SP1/98 SE","","","Windows 98 SE Updates + Fixes","commercial","","unofficial patch of Microsoft files","","http://support.microsoft.com/help/267375","https://www.mdgx.com/files/WINFIL98.EXE","mdgx-web","excluded","unofficial fix repackaging Microsoft system files; class from memory"
"unofficialwindows9898sp198segraphicsrenderingenginewindowsmetafilegdi32dll+gdiexesecurityvulnerabilityfix","Unofficial Windows 98/98 SP1/98 SE Graphics Rendering Engine (GRE) Windows MetaFile (WMF) GDI32.DLL + GDI.EXE (4.10.2003 for Win98/98 SP1 + 4.10.2227 for Win98 SE) Security Vulnerability Fix","","98/98 SP1/98 SE","","","Windows 98 SE Updates + Fixes","freeware","","freeware","https://www.mdgx.com/web.htm","http://technet.microsoft.com/library/security/ms06-001.aspx","https://www.mdgx.com/files/Q912919.EXE","mdgx-web","lead","class from source tag 'freeware' (entry text); unofficial patch/pack that likely contains Microsoft files: the free tag does not settle redistribution rights"
"unofficialwindows9898sp198semehtmlhelpexpiredsecuritycertificaterunhelpcab+htmlhelphtmfix","Unofficial Windows 98/98 SP1/98 SE/ME HTML Help Expired Security Certificate RUNHELP.CAB + HTMLHELP.HTM Fix","","98/98 SP1/98 SE/ME","","","Windows ME Updates + Fixes","commercial","","unofficial patch of Microsoft files","",,"https://www.mdgx.com/files/RUNHELP.EXE","mdgx-web","excluded","unofficial fix repackaging Microsoft system files; class from memory; also listed under: Windows 98 SE Updates + Fixes"
"unofficialwindows9898sp198semekernelextensions","Unofficial Windows 98/98 SP1/98 SE/ME Kernel Extensions (KernelEx) 4.5.2","","98/98 SP1/98 SE/ME","yes","Requires Microsoft Layer for Unicode (MSLU) UNICOWS.DLL 1.1.3790.0 ! | KernelEx (mentioned)","Windows 98 SE Unofficial Updates + Fixes","open-source","","GPL (version not stated by source)","https://www.mdgx.com/web.htm","http://www.msfn.org/board/index.php?showtopic=130936","http://downloads.sourceforge.net/project/kernelex/KernelEx/4.5.2/KernelEx-4.5.2.exe","mdgx-web","lead","label: KernelEx; class from source tag 'free GPL, multilingual' (entry text)"
"unofficialwindows9898sp198semepostinstallwizard","Unofficial Windows 98/98 SP1/98 SE/ME Post-Install Wizard (WPI)","","98/98 SP1/98 SE/ME","","","WINDOWS MILLENNIUM EDITION (ME) ESSENTIAL FREE UPGRADES + FIXES","unknown","","","","http://www.wpiw.net/Classic/",,"mdgx-web","lead","also listed under: WINDOWS 98 SECOND EDITION (SE) ESSENTIAL FREE UPGRADES + FIXES"
"unofficialwindows9898sp198semerevolutionspack","Unofficial Windows 98/98 SP1/98 SE/ME Revolutions Pack (RP)","","98/98 SP1/98 SE/ME","","","WINDOWS MILLENNIUM EDITION (ME) ESSENTIAL FREE UPGRADES + FIXES","unknown","","","","http://www.msfn.org/board/index.php?showtopic=131040",,"mdgx-web","lead","also listed under: WINDOWS 98 SECOND EDITION (SE) ESSENTIAL FREE UPGRADES + FIXES"
"unofficialwindows9898sp198semescannersfax+digitalcamerastwaindll","Unofficial Windows 98/98 SP1/98 SE/ME Scanners, Fax + Digital Cameras TWAIN.DLL 1.7.0.0, TWAIN_32.DLL 1.7.1.1, TWUNK_16.EXE 1.7.0.0 + TWUNK_32.EXE 1.7.1.0 Update","","98/98 SP1/98 SE/ME","","","Windows ME Updates + Fixes","commercial","","unofficial patch of Microsoft files","","http://en.wikipedia.org/wiki/TWAIN","https://www.mdgx.com/files/TWAIN9X.EXE","mdgx-web","excluded","unofficial fix repackaging Microsoft system files; class from memory; also listed under: Windows 98 SE Updates + Fixes; also listed under: WINDOWS 98 ESSENTIAL FREE UPGRADES + FIXES"
"unofficialwindows9898sp198semesetupapidll","Unofficial Windows 98/98 SP1/98 SE/ME SETUPAPI.DLL 5.1.2600.2180 Update","","98/98 SP1/98 SE/ME","","","Windows 98 SE Updates + Fixes","commercial","","unofficial patch of Microsoft files","","https://www.mdgx.com/#NUS","https://www.mdgx.com/files/SETUPAPI.EXE","mdgx-web","excluded","unofficial fix repackaging Microsoft system files; class from memory"
"unofficialwindows9898sp198semesnmpmemorycorruptionsnmpapidll","Unofficial Windows 98/98 SP1/98 SE/ME SNMP Memory Corruption SNMPAPI.DLL 5.0.2195.6811 + SNMP.EXE 5.0.2195.7112 Security Vulnerability Fix","","98/98 SP1/98 SE/ME","","","Windows ME Updates + Fixes","commercial","","unofficial patch of Microsoft files","","http://technet.microsoft.com/library/security/ms06-074.aspx","https://www.mdgx.com/files/Q926247.EXE","mdgx-web","excluded","unofficial fix repackaging Microsoft system files; class from memory; also listed under: Windows 98 SE Updates + Fixes"
"unofficialwindows9898sp198semeuserenvdll","Unofficial Windows 98/98 SP1/98 SE/ME USERENV.DLL","","98/98 SP1/98 SE/ME","yes","KernelEx (mentioned)","WINDOWS MILLENNIUM EDITION (ME) ESSENTIAL FREE UPGRADES + FIXES","freeware","","free","https://www.mdgx.com/web.htm","http://www.msfn.org/board/index.php?showtopic=138911","https://www.mdgx.com/files/USERENV.ZIP","mdgx-web","lead","class from source tag 'free' (entry text); unofficial patch/pack that likely contains Microsoft files: the free tag does not settle redistribution rights; also listed under: WINDOWS 98 SECOND EDITION (SE) ESSENTIAL FREE UPGRADES + FIXES"
"unofficialwindows9898sp198senetworkingerrorsvnetbiosvxd","Unofficial Windows 98/98 SP1/98 SE Networking Errors VNETBIOS.VXD 4.90.3001 Fix","","98/98 SP1/98 SE","","","Windows 98 SE Updates + Fixes","commercial","","unofficial patch of Microsoft files","","https://web.archive.org/web/20050206045511/http://support.microsoft.com/?kbid=272991","https://www.mdgx.com/files/Q272991.EXE","mdgx-web","excluded","unofficial fix repackaging Microsoft system files; class from memory"
"unofficialwindows9898sp198sent4+sp6ameembeddedwebfontst2embeddll","Unofficial Windows 98/98 SP1/98 SE/NT4+SP6a/ME Embedded Web Fonts T2EMBED.DLL 5.00.2195.7348 Security Vulnerability Fix","","98/98 SP1/98 SE/NT4+SP6a/ME","","Requires MS IE 5.5 SP2 or newer already installed!","Windows ME Updates + Fixes","commercial","","unofficial patch of Microsoft files","","http://technet.microsoft.com/library/security/ms10-001.aspx","https://www.mdgx.com/files/Q972270.EXE","mdgx-web","excluded","unofficial fix repackaging Microsoft system files; class from memory; also listed under: Windows 98 SE Updates + Fixes"
"unofficialwindows9898sp198sent4sp6amehyperlinkobjecthlinkdll","Unofficial Windows 98/98 SP1/98 SE/NT4 SP6a/ME Hyperlink Object HLINK.DLL 5.2.3790.2748 Security Vulnerability Fix","","98/98 SP1/98 SE/NT4 SP6a/ME","","","Windows ME Updates + Fixes","commercial","","unofficial patch of Microsoft files","","http://technet.microsoft.com/library/security/ms06-050.aspx","https://www.mdgx.com/files/Q920670.EXE","mdgx-web","excluded","unofficial fix repackaging Microsoft system files; class from memory; also listed under: Windows 98 SE Updates + Fixes"
"unofficialwindows9898sp198seusbfloppylockupsdisktsdvxd","Unofficial Windows 98/98 SP1/98 SE USB Floppy Lockups DISKTSD.VXD 4.90.3001 Fix","","98/98 SP1/98 SE","","","Windows 98 SE Updates + Fixes","commercial","","unofficial patch of Microsoft files","","http://www.msfn.org/board/index.php?showtopic=43605&st=352","https://www.mdgx.com/files/USBFDD98.EXE","mdgx-web","excluded","unofficial fix repackaging Microsoft system files; class from memory"
"unofficialwindows9898sp198sezipdecompressionuncheckedbuffer+recoverablecompressedzipfolderspasswordsdzip32dll","Unofficial Windows 98/98 SP1/98 SE ZIP Decompression Unchecked Buffer + Recoverable Compressed ZIP Folders Passwords DZIP32.DLL 4.00.04, DUNZIP32.DLL 4.00.04 + ZIPFLDR.DLL 5.50.4921.1000 Security Vulnerability Fix","","98/98 SP1/98 SE","","","Windows 98 SE Updates + Fixes","commercial","","unofficial patch of Microsoft files","","http://technet.microsoft.com/library/security/ms02-054.aspx","https://www.mdgx.com/files/Q329048.EXE","mdgx-web","excluded","unofficial fix repackaging Microsoft system files; class from memory"
"unofficialwindows9898sp1animatedcursor+iconhandlinguser32dll+userexe","Unofficial Windows 98/98 SP1 Animated Cursor (.ANI) + Icon Handling USER32.DLL + USER.EXE 4.10.2003 Security Vulnerability Fix","","98/98 SP1","","","WINDOWS 98 ESSENTIAL FREE UPGRADES + FIXES","commercial","","unofficial patch of Microsoft files","","https://www.mdgx.com/files/q891711.php","https://www.mdgx.com/files/KB891711.EXE","mdgx-web","excluded","unofficial fix repackaging Microsoft system files; class from memory"
"unofficialwindows9898sp1gdi32dll+gdiexe","Unofficial Windows 98/98 SP1 GDI32.DLL + GDI.EXE 4.10.2004 Fix","","98/98 SP1","","","WINDOWS 98 ESSENTIAL FREE UPGRADES + FIXES","commercial","","Microsoft (proprietary)","","https://www.mdgx.com/files/918547.php","https://www.mdgx.com/files/KB918547.EXE","mdgx-web","excluded","label: KB918547; Microsoft component; class from memory"
"unofficialwindows9898sp1nativeusbdrivers","Unofficial Windows 98/98 SP1 Native USB Drivers (NUSB98FE) 3.20","","98/98 SP1","","","Windows 98 Service Pack 2 (SP2) + Unofficial Updates/Fixes","freeware","","free","https://www.mdgx.com/web.htm","http://www.msfn.org/board/index.php?showtopic=43605&st=340","https://www.mdgx.com/spx/NUSBFEFX.EXE","mdgx-web","lead","label: 98/98 SP1 NUSB; class from source tag 'free' (entry text)"
"unofficialwindows98meacmpatchedmsacmdrv","Unofficial Windows 98/ME ACM Patched MSACM.DRV","","98/ME","","","WINDOWS MILLENNIUM EDITION (ME) ESSENTIAL FREE UPGRADES + FIXES","freeware","","freeware","https://www.mdgx.com/web.htm","http://btwincap.sourceforge.net/download.html",,"mdgx-web","lead","class from source tag 'freeware' (entry text); unofficial patch/pack that likely contains Microsoft files: the free tag does not settle redistribution rights; also listed under: WINDOWS 98 SECOND EDITION (SE) ESSENTIAL FREE UPGRADES + FIXES"
"unofficialwindows98pnpserialdevicesprinterinstallerrorserenumvxd","Unofficial Windows 98 PnP Serial Devices Printer Install Error SERENUM.VXD 4.10.2222 Fix","","98","","","WINDOWS 98 ESSENTIAL FREE UPGRADES + FIXES","commercial","","unofficial patch of Microsoft files","","http://support.microsoft.com/help/242941","https://www.mdgx.com/files/FE242941.EXE","mdgx-web","excluded","unofficial fix repackaging Microsoft system files; class from memory"
"unofficialwindows98se256colorsiconsexplorerexplorerexe","Unofficial Windows 98 SE 256 Colors Icons Explorer EXPLORER.EXE 4.72.3612.1710 Fix","","98 SE","","","Windows 98 SE Updates + Fixes","commercial","","unofficial patch of Microsoft files","","https://www.mdgx.com/files/explor9x.php","https://www.mdgx.com/files/EXPLOR98.EXE","mdgx-web","excluded","unofficial fix repackaging Microsoft system files; class from memory"
"unofficialwindows98se256colorstrayicon+warninghotplugdll+systrayexe","Unofficial Windows 98 SE 256 Colors Tray Icon + Warning HOTPLUG.DLL + SYSTRAY.EXE 4.10.2225 Fix","","98 SE","","","Windows 98 SE Updates + Fixes","commercial","","unofficial patch of Microsoft files","","http://www.dr-hoiby.com/TrayIconIn256Color/","https://www.mdgx.com/files/SYSPLG98.EXE","mdgx-web","excluded","unofficial fix repackaging Microsoft system files; class from memory"
"unofficialwindows98se48bitlba137gbataidedmaimprovedharddiskdriveresdi506pdr","Unofficial Windows 98 SE 48-bit LBA (Logical Block Addressing) > 137 GB ATA(PI)/(E)IDE/(U)DMA Improved Hard Disk Driver ESDI_506.PDR 4.10.2230","","98 SE","","","Windows 98 SE Updates + Fixes","commercial","","unofficial patch of Microsoft files","","https://www.mdgx.com/files/atadrv98.php","https://www.mdgx.com/files/ATADRV98.EXE","mdgx-web","excluded","unofficial fix repackaging Microsoft system files; class from memory"
"unofficialwindows98se48bitlba137gbideatapiharddiskdriveresdi506pdr","Unofficial Windows 98 SE 48-bit LBA (Logical Block Addressing) > 137 GB (E)IDE/ATAPI Hard Disk Driver ESDI_506.PDR 4.10.2225 Fix","","98 SE","","","Windows 98 SE Updates + Fixes","commercial","","unofficial patch of Microsoft files","","http://www.msfn.org/board/index.php?showtopic=78592","https://www.mdgx.com/files/48BITLB2.EXE","mdgx-web","excluded","unofficial fix repackaging Microsoft system files; class from memory"
"unofficialwindows98seanimatedcursor+iconhandlinguser32dll+userexe","Unofficial Windows 98 SE Animated Cursor (.ANI) + Icon Handling USER32.DLL + USER.EXE 4.10.2233 Security Vulnerability Fix","","98 SE","","","Windows 98 SE Updates + Fixes","commercial","","unofficial patch of Microsoft files","","https://www.mdgx.com/files/q891711.php","https://www.mdgx.com/files/Q891711.EXE","mdgx-web","excluded","unofficial fix repackaging Microsoft system files; class from memory"
"unofficialwindows98secumulativeupdate","Unofficial Windows 98 SE Cumulative Update (MDCU) 3.05","","98 SE","","","Windows 98 SE Unofficial Updates + Fixes","freeware","","English, free","https://www.mdgx.com/web.htm","http://www.msfn.org/board/index.php?showtopic=89232","https://www.mdgx.com/spx/MDCU.ZIP","mdgx-web","lead","label: 98 SE MDCU; class from source tag 'English, free' (entry text); unofficial patch/pack that likely contains Microsoft files: the free tag does not settle redistribution rights"
"unofficialwindows98segdi32dll+gdiexe","Unofficial Windows 98 SE GDI32.DLL + GDI.EXE 4.10.2227 Fix","","98 SE","","","Windows 98 SE Updates + Fixes","commercial","","Microsoft (proprietary)","","https://www.mdgx.com/files/918547.php","https://www.mdgx.com/files/Q918547.EXE","mdgx-web","excluded","label: Q918547; Microsoft component; class from memory"
"unofficialwindows98seintelcpumicrocodeupdatesys","Unofficial Windows 98 SE Intel CPU Microcode UPDATE.SYS 4.10.2223 Fix","","98 SE","","","Windows 98 SE Updates + Fixes","commercial","","unofficial patch of Microsoft files","","http://www.msfn.org/board/index.php?showtopic=44388","https://www.mdgx.com/files/98UPDSYS.EXE","mdgx-web","excluded","unofficial fix repackaging Microsoft system files; class from memory"
"unofficialwindows98selivecd","Unofficial Windows 98 SE Live CD (98LIVECD)","","98 SE","yes","Requires: Build Floppy Image (BFI) tool (freeware). | KernelEx (mentioned)","Windows 98 SE Unofficial Updates + Fixes","freeware","","multilanguage, free","https://www.mdgx.com/web.htm","http://www.msfn.org/board/index.php?showtopic=140391","https://www.mdgx.com/spx/98LIVECD.ZIP","mdgx-web","lead","label: 98 Live CD; class from source tag 'multilanguage, free' (entry text)"
"unofficialwindows98selockeddrivecreatefileerrorifsmgrvxd","Unofficial Windows 98 SE Locked Drive CreateFile Error IFSMGR.VXD 4.10.2227 Fix","","98 SE","","","Windows 98 SE Updates + Fixes","commercial","","unofficial patch of Microsoft files","","http://support.microsoft.com/help/301540","https://www.mdgx.com/files/Q301540.EXE","mdgx-web","excluded","unofficial fix repackaging Microsoft system files; class from memory"
"unofficialwindows98senativeusbdrivers","Unofficial Windows 98 SE Native USB Drivers (NUSB) 3.3","","98 SE","","","Windows 98 SE Unofficial Updates + Fixes","freeware","","free","https://www.mdgx.com/web.htm","http://www.msfn.org/board/index.php?showtopic=43605","https://www.mdgx.com/spx/NUSB.EXE","mdgx-web","lead","label: 98 SE NUSB; class from source tag 'free' (entry text)"
"unofficialwindows98seoutofmemoryerrorsvcachevxd","Unofficial Windows 98 SE Out Of Memory Errors VCACHE.VXD 4.10.2223 Fix","","98 SE","","","Windows 98 SE Updates + Fixes","commercial","","unofficial patch of Microsoft files","","http://support.microsoft.com/help/253912","https://www.mdgx.com/files/Q253912.EXE","mdgx-web","excluded","unofficial fix repackaging Microsoft system files; class from memory"
"unofficialwindows98seplus","Unofficial Windows 98 SE Plus! (MDCUPL) 3.1 Windows ME style","","98 SE","","","Windows 98 SE Unofficial Updates + Fixes","freeware","","English, free","https://www.mdgx.com/web.htm","http://www.msfn.org/board/index.php?showtopic=93452","https://www.mdgx.com/spx/MDCUPL.ZIP","mdgx-web","lead","label: 98 SE MDCUPL; class from source tag 'English, free' (entry text)"
"unofficialwindows98servicepack2","Unofficial Windows 98 Service Pack 2 (SP2) 2.5.8","","98","","","Windows 98 Service Pack 2 (SP2) + Unofficial Updates/Fixes","freeware","","free","https://www.mdgx.com/web.htm","http://www.msfn.org/board/index.php?showtopic=156672","https://www.mdgx.com/spx/FESP258EN-F.EXE","mdgx-web","lead","label: 98 SP2; class from source tag 'free' (entry text); unofficial patch/pack that likely contains Microsoft files: the free tag does not settle redistribution rights"
"unofficialwindows98seservicepack3","Unofficial Windows 98 SE Service Pack 3 (SP3)","","98 SE","","","Windows 98 SE Service Pack 3 (SP3)","freeware","","free","https://www.mdgx.com/web.htm","http://www.htasoft.com/u98sesp/","http://www.techtalk.cc/download/U98SESP3.66.EXE","mdgx-web","lead","label: 98 SE SP3; class from source tag 'free' (entry text); unofficial patch/pack that likely contains Microsoft files: the free tag does not settle redistribution rights"
"unofficialwindows98seupgradepackdozenafterlifeeditionnovember2010","Unofficial Windows 98 SE Upgrade Pack (WUPG) Dozen Afterlife Edition November 2010","","98 SE","yes","KernelEx (mentioned)","Windows 98 SE Unofficial Updates + Fixes","freeware","","free","https://www.mdgx.com/web.htm","http://www.w98upg.net.tf/","https://www.mdgx.com/spx/WUPG98.EXE","mdgx-web","lead","label: 98 SE WUPG; class from source tag 'free' (entry text)"
"unofficialwindowsimageacquisition","Unofficial Windows Image Acquisition (WIA) 1.1 Windows ME API","","ME","","","Windows 98 SE Unofficial Updates + Fixes","unknown","","","","http://www.msfn.org/board/index.php?showtopic=113276","https://www.mdgx.com/spx/WIA11.EXE","mdgx-web","lead","label: 98 SE WIA"
"unofficialwindowsme24gbfileserrorskernel32dll","Unofficial Windows ME 2-4 GB Files Errors KERNEL32.DLL 4.90.3001 Fix","","ME","","","Windows ME Updates + Fixes","commercial","","unofficial patch of Microsoft files","","http://support.microsoft.com/help/318293","https://www.mdgx.com/files/C2GBME.EXE","mdgx-web","excluded","unofficial fix repackaging Microsoft system files; class from memory"
"unofficialwindowsme256colorstrayicon+warninghotplugdll+systrayexe","Unofficial Windows ME 256 Colors Tray Icon + Warning HOTPLUG.DLL + SYSTRAY.EXE 4.90.3003 Fix","","ME","","","Windows ME Updates + Fixes","commercial","","unofficial patch of Microsoft files","","http://www.dr-hoiby.com/TrayIconIn256Color/","https://www.mdgx.com/files/SYSPLGME.EXE","mdgx-web","excluded","unofficial fix repackaging Microsoft system files; class from memory"
"unofficialwindowsme2gbdvdsizecdfsvxd","Unofficial Windows ME > 2 GB DVD size CDFS.VXD 4.90.3002 Fix","","ME","","","Windows ME Updates + Fixes","freeware","","freeware","https://www.mdgx.com/web.htm","http://rloew.x10hosting.com/prerel.htm","https://www.mdgx.com/files/CDFSME.EXE","mdgx-web","lead","class from source tag 'freeware' (entry text); unofficial patch/pack that likely contains Microsoft files: the free tag does not settle redistribution rights"
"unofficialwindowsme48bitlba137gbideatapiharddiskdriveresdi506pdr","Unofficial Windows ME 48-bit LBA (Logical Block Addressing) > 137 GB (E)IDE/ATAPI Hard Disk Driver ESDI_506.PDR 4.90.3000 Fix","","ME","","","Windows ME Updates + Fixes","commercial","","unofficial patch of Microsoft files","","http://www.msfn.org/board/index.php?showtopic=78592","https://www.mdgx.com/files/ME48BLBA.EXE","mdgx-web","excluded","unofficial fix repackaging Microsoft system files; class from memory"
"unofficialwindowsmebootdiskmaker","Unofficial Windows ME Boot Disk Maker","mdgx-web=1.2","ME","","","Windows ME Updates + Fixes","unknown","","","",,"ftp://ftp.seu.edu.cn/Pub/System/OS/WinMe/WinMeBootDiskMaker/me_bootdisk_setup.exe","mdgx-web","lead",""
"unofficialwindowsmecontrolpanelappletslockupscontrolexe","Unofficial Windows ME Control Panel Applets Lockups CONTROL.EXE 4.90.3001 Fix","","ME","","","Windows ME Updates + Fixes","commercial","","unofficial patch of Microsoft files","",,"https://www.mdgx.com/files/CNTROLME.EXE","mdgx-web","excluded","unofficial fix repackaging Microsoft system files; class from memory"
"unofficialwindowsmeexplorerlockupswithinternetexplorer5xx6xxshell32dll","Unofficial Windows ME Explorer Lockups With Internet Explorer 5.xx/6.xx SHELL32.DLL 5.50.4134.120 Fix","","ME","","","Windows ME Updates + Fixes","commercial","","unofficial patch of Microsoft files","","http://www.msfn.org/board/index.php?showtopic=84451","https://www.mdgx.com/files/SHELLME.EXE","mdgx-web","excluded","unofficial fix repackaging Microsoft system files; class from memory"
"unofficialwindowsmefilemanagergpfwinfileexe","Unofficial Windows ME File Manager GPF WINFILE.EXE 4.90.3001 Fix","","ME","","","Windows ME Updates + Fixes","commercial","","unofficial patch of Microsoft files","","http://support.microsoft.com/help/267375","https://www.mdgx.com/files/WINFILME.EXE","mdgx-web","excluded","unofficial fix repackaging Microsoft system files; class from memory"
"unofficialwindowsmegdi32dll+gdiexe","Unofficial Windows ME GDI32.DLL + GDI.EXE 4.90.3003 Fix","","ME","","","Windows ME Updates + Fixes","commercial","","Microsoft (proprietary)","","https://www.mdgx.com/files/918547.php","https://www.mdgx.com/files/ME918547.EXE","mdgx-web","excluded","label: ME918547; Microsoft component; class from memory"
"unofficialwindowsmegraphicsrenderingenginewindowsmetafilegdi32dll+gdiexe","Unofficial Windows ME Graphics Rendering Engine (GRE) Windows MetaFile (WMF) GDI32.DLL + GDI.EXE 4.90.3002 Security Vulnerability Fix","","ME","","","Windows ME Updates + Fixes","freeware","","freeware","https://www.mdgx.com/web.htm","http://technet.microsoft.com/library/security/ms06-001.aspx","https://www.mdgx.com/files/ME912919.EXE","mdgx-web","lead","class from source tag 'freeware' (entry text); unofficial patch/pack that likely contains Microsoft files: the free tag does not settle redistribution rights"
"unofficialwindowsmeintelcpumicrocodeupdatesys","Unofficial Windows ME Intel CPU Microcode UPDATE.SYS 4.90.3001 Fix","","ME","","","Windows ME Updates + Fixes","commercial","","unofficial patch of Microsoft files","","http://www.msfn.org/board/index.php?showtopic=44388","https://www.mdgx.com/files/MEUPDSYS.EXE","mdgx-web","excluded","unofficial fix repackaging Microsoft system files; class from memory"
"unofficialwindowsmeservicepack2alpha2","Unofficial Windows ME Service Pack 2 (SP2) Alpha 2","","ME","","Requires MS IE 6.0 SP1 already installed!","Windows ME Service Packs (SPs)","freeware","","free","https://www.mdgx.com/web.htm","http://www.winprj.net/board/viewtopic.php?t=781","https://www.mdgx.com/spx/MESP2.EXE","mdgx-web","lead","label: ME SP2; class from source tag 'free' (entry text); unofficial patch/pack that likely contains Microsoft files: the free tag does not settle redistribution rights"
"unofficialwindowsmesystemeditor","Unofficial Windows ME System Editor (SysEdit)","mdgx-toy=1.5; mdgx-web=1.5","ME","","","Windows ME Updates + Fixes","freeware","","","https://www.mdgx.com/toy.htm",,"https://www.mdgx.com/files/SYSEDME.ZIP","mdgx-toy mdgx-web","lead","class from source tag 'freeware' (entry text)"
"unofficialwindowsmesystemrestoreremoverpro","Unofficial Windows ME System Restore Remover Pro (SRP)","mdgx-web=1.5","ME","","","Windows ME Updates + Fixes","unknown","","","","http://www.majorgeeks.com/download516.html","https://www.mdgx.com/files/SRP11.EXE","mdgx-web","lead",""
"unofficialwindowsmewebvwdll","Unofficial Windows ME WEBVW.DLL 5.50.4134.7069 Security Vulnerability Fix","","ME","","","Windows ME Updates + Fixes","commercial","","unofficial patch of Microsoft files","","http://technet.microsoft.com/library/security/ms05-049.aspx","https://www.mdgx.com/files/ME900725.EXE","mdgx-web","excluded","unofficial fix repackaging Microsoft system files; class from memory"
"urlprotocolview","URLProtocolView","nirsoft-pad=1.15","Win98,WinME,WinNT 4.x,Windows2000,WinXP,Windows2003,Windows Vista Starter,Windows Vista Home Basic,Windows Vista Home Premium,Windows Vista Business,Windows Vista Enterprise,Windows Vista Ultimate,Windows Vista Home Basic x64,Windows Vista Home Premium x64,Windows Vista Business x64,Windows Vista Enterprise x64,Windows Vista Ultimate x64","","","System Utilities::Other","freeware","","NirSoft freeware (redistribution allowed, unmodified, free of charge)","http://www.nirsoft.net/utils/url_protocol_view.html","http://www.nirsoft.net/utils/url_protocol_view.html","http://www.nirsoft.net/utils/urlprotocolview.zip","nirsoft-pad","lead","PAD OS field lists 9x/ME; page says: System Requirements This utility works on the following operating systems: Windows 98/ME, Windows 2000, Windows XP, Windows Server 2003, and Windows Vista ... click the 'OK' button Watch the opening windows show :-) This bug is reproducible on Windows 98 SE, Windows XP/SP2, Windows Vista, and pos...; PAD Program_Type 'Freeware'; class set per NirSoft license terms; page License: This utility is released as freeware. You are allowed to freely distribute this utility via floppy disk, CD-ROM, Internet, or in any other way, as long as you don't charge anything for this. If you distribute this utility, you must include all files in the ..."
"usblogview","USBLogView","nirsoft-pad=1.26","Win98,WinXP","","","System Utilities::Other","freeware","","NirSoft freeware (redistribution allowed, unmodified, free of charge)","https://www.nirsoft.net/utils/usb_log_view.html","https://www.nirsoft.net/utils/usb_log_view.html","https://www.nirsoft.net/utils/usblogview.zip","nirsoft-pad","lead","PAD OS field lists 9x/ME; program page does not mention 9x/ME; PAD Program_Type 'Freeware'; class set per NirSoft license terms; page License: This utility is released as freeware. You are allowed to freely distribute this utility via floppy disk, CD-ROM, Internet, or in any other way, as long as you don't charge anything for this and you don't sell it or distribute it as a part of commercial prod..."
"usbviewexe","USBVIEW.EXE","osr-kernelex=2.0.1.0","Windows 98/ME","yes","KernelEx","Official Microsoft Files","freeware-unclear","","","",,,"osr-kernelex","excluded","class from memory; Microsoft component (excluded for now)"
"utorrent","uTorrent","msfn-kernelex=2.0.2; osr-final=1.8.5; osr-kernelex=2.0.4","Windows 98SE; Windows 98/ME","yes","KernelEx 4.5; KernelEx 4.5.2","Torrent Clients","freeware-unclear","","","",,,"msfn-kernelex osr-final osr-kernelex","lead","status: working; class from memory || source flag FV (final working version); class from memory || class from memory"
"vcr9xexe","VC_R_9X.EXE","","Windows 98/ME","yes","KernelEx","Official Microsoft Files","freeware-unclear","","","",,,"osr-kernelex","excluded","qualifier: Visual C++ 2008 Runtime; class from memory; Microsoft component (excluded for now)"
"vebwiev","Vebwiev","mdgx-toy=2.1","98/2000/ME/XP/2003","","","System Enhancers / Other Enhancement Tools","freeware","","freeware","https://www.mdgx.com/toy.htm","http://vebwiev.tripod.com/","http://vebwiev.tripod.com/download/vebwiev21-31102005.zip","mdgx-toy","lead","class from source tag 'freeware' (entry text)"
"viaenvy24audiodriver","VIA Envy24 Audio Driver","msfn-98se=5.20b","98SE","","","Audio Drivers","freeware-unclear","","vendor driver (proprietary)","",,"http://www.viaarena.com/default.aspx?PageID=420&OSID=6&CatID=1440","msfn-98se","lead","class C?; tags ONGD; FREE; 5.20b; driver; vendor availability not checked"
"viahyperionpro","VIA Hyperion Pro (without 9x VIAStor IDE driver)","msfn-98se=5.20A; msfn-98se=5.11A; msfn-98se=5.13A","98SE","","","Chipset Drivers","freeware-unclear","","vendor driver","",,"http://drivers.viaarena.com/via_hyperionpro_v511a(20070131140503).zip","msfn-98se","lead","class C?; tags ONGD; FREE; 5.20A with 9x VIAStor IDE driver; driver || class C?; tags LAST; FREE; with Windows 9x VIAStor IDE driver * Install VIA Hyperion Pro 5.11A followed by 5.13A to get IDE driver and also latest other drivers/infs.; driver || class C?; tags ONGD; FREE; VIAStor IDE driver; 5.13A; driver"
"viavinylaudiodriver","VIA Vinyl Audio Driver","msfn-98se=7.00b","98SE","","","Audio Drivers","freeware-unclear","","vendor driver (proprietary)","",,"http://www.viaarena.com/default.aspx?PageID=420&OSID=6&CatID=1440","msfn-98se","lead","class C?; tags ONGD; FREE; 7.00b; driver; vendor availability not checked"
"videocacheview","VideoCacheView","nirsoft-pad=3.11","Win2000,Win7 x32,Win7 x64,Win98,WinVista,WinVista x64,WinXP","","","Audio & Multimedia::Video Tools","freeware","","NirSoft freeware (redistribution allowed, unmodified, free of charge)","https://www.nirsoft.net/utils/video_cache_view.html","https://www.nirsoft.net/utils/video_cache_view.html","https://www.nirsoft.net/utils/videocacheview.zip","nirsoft-pad","lead","PAD OS field lists 9x/ME; program page does not mention 9x/ME; PAD Program_Type 'Freeware'; class set per NirSoft license terms; page License: This utility is released as freeware. You are allowed to freely distribute this utility via floppy disk, CD-ROM, Internet, or in any other way, as long as you don't charge anything for this. If you distribute this utility, you must include all files in the ..."
"videolanclientmediaplayer","VideoLAN Client (VLC) Media Player","","9x/2000/ME/XP/2003/Vista/2008/7/8/8.1/2012","","Windows 98, 98 SE + ME require Microsoft Layer for Unicode (MSLU) UNICOWS.DLL 1.1.3790.0 !","Media Players + Recorders","open-source","","GPL (version not stated by source)","https://www.mdgx.com/toy.htm","http://www.videolan.org/vlc/","http://download.videolan.org/pub/videolan/vlc/0.8.6i/win32/vlc-0.8.6i-win32.exe","mdgx-toy","lead","label: VideoLAN Client (VLC); class from source tag 'free GPL' (entry text)"
"videolanvlcplayer","VideoLAN VLC Player","msfn-98se=0.8.6","98SE","yes","none for 0.8.6; newer need KernelEx (verified videolan.org: ""install KernelEx or take an old version"")","Media Players + Encoders + Codecs","open-source","","GPL-2.0 (memory)","",,"http://download.videolan.org/pub/videolan/vlc/&quot","msfn-98se","lead","class A; tags LAST; FREE; 0.9 Nightlies work; old builds in download.videolan.org archive (verified)"
"vinamp","VinAmp","osr-final=1.5","Windows 98/ME","","","MP3/Music Player","unknown","","","",,,"osr-final","lead","source flag FV (final working version)"
"virtualbox","VirtualBox","osr-final=1.5.6","Windows 98/ME","","","Virtualization/Emulation Software","unknown","","","",,,"osr-final","lead","source flag FV (final working version)"
"virtualclonedrive","Virtual Clone Drive","osr-final=5.5.2.0; osr-final=5.4.5.0","Windows 98/ME","","","Mounting Software","freeware-unclear","","","",,,"osr-final","lead","class from memory"
"virtualdub","VirtualDub","msfn-98se=1.5.10","98SE","","none known","Media Players + Encoders + Codecs","open-source","","GPL-2.0 (memory)","",,"http://www.virtualdub.org","msfn-98se","lead","class A; tags LAST; FREE; VirtualDub 1.5.10"
"virtualpc2004","VirtualPC 2004","","Windows 98/ME","","","Virtualization/Emulation Software","freeware-unclear","","","",,,"osr-final","excluded","source flag FV (final working version); class from memory; Microsoft component (excluded for now)"
"visualbasic","Visual Basic","msfn-95=6","95","","","","commercial","","Microsoft (proprietary)","",,,"msfn-95","excluded","status LAST (last version supporting Win95); class from source tag '$$$$'; from reply by ppgrainbow (page 1), not in opening post list; Microsoft component; class from memory"
"visualbcdeditorbootconfigurationdata+bcdeditexeinterfacetweakingtool","Visual BCD Editor (VBCDE) Boot Configuration Data (BCD) + BCDEdit.exe interface (GUI) tweaking tool","mdgx-toy=0.9.3.1","Vista/2008/7/8/8.1/2012","","Requires Microsoft .Net Framework Redistributable (NFR) 2.0 or 4.0 (free)!","Boot Tweakers","freeware-unclear","","freeware for non-profit use, right-click to save!","https://www.mdgx.com/toy.htm","http://www.boyans.net/","http://www.boyans.net/VisualBcd/VisualBcd_0.9.3.1.msi","mdgx-toy","lead","label: Visual BCD Editor (VBCDE); class from source tag 'freeware for non-profit use, right-click to save!' (entry text); other tags: free"
"visualboyadvance","VisualBoyAdvance","osr-final=1.7.2","Windows 98/ME","","","Virtualization/Emulation Software","open-source","","GPL-2.0-or-later","",,,"osr-final","lead","source flag FV (final working version); class from memory"
"visualc++net2003redistributables","Visual C++ .NET 2003 Redistributables","","95","","","","commercial","","Microsoft (proprietary)","",,"http://www.mdgx.com/files/VC_R_71.EXE","msfn-95","excluded","status LAST (last version supporting Win95); class from source tag 'FREE'; from reply by ppgrainbow (page 1), not in opening post list; Microsoft component; class from memory"
"visualc++toolkit2003","Visual C++ Toolkit 2003","","Windows 98SE; Windows 98/ME","yes","KernelEx","IDE (Integrated Development Environment)","freeware-unclear","","","",,,"msfn-kernelex osr-kernelex","excluded","status: working; class from memory; Microsoft component (excluded for now) || class from memory; Microsoft component (excluded for now)"
"vlc","VLC 2.2.1","osr-final=0.8.6i","XP SP2/2003/Vista/2008/7/8/8.1/2012; Windows 98/ME","yes","KernelEx (mentioned)","Media Players + Recorders","open-source","","GPL (version not stated by source)","https://www.mdgx.com/toy.htm","http://www.videolan.org/vlc/download-windows.html",,"mdgx-toy osr-final","lead","class from source tag 'free GPL' (entry text) || source flag FV (final working version); class from memory"
"vlcmediaplayer","VLC Media Player","msfn-95=0.8.6d; msfn-kernelex=2.0.3","95; Windows 98SE","yes","KernelEx 4.5.2; Win2k mode (crash in XP mode)","","open-source","","GPL-2.0-or-later","","http://www.videolan.org","http://download.videolan.org/pub/videolan/vlc/0.8.6d/win32/","msfn-95 msfn-kernelex","lead","status LAST (last version supporting Win95); class from source tag 'FREE'; release date per source: 2007-11-30; from reply by ppgrainbow (page 1), not in opening post list; open-source class and SPDX id from memory, not stated by source || status: partially working; class from memory"
"vlcplayer","VLC Player","osr-kernelex=1.1.1; osr-kernelex=2.0.5; osr-kernelex=3.0.0","Windows 98/ME","yes","KernelEx; KernelEx 4.5.2019.24; Base Enhancements","Media Players","open-source","","GPL-2.0-or-later","",,,"osr-kernelex","lead","class from memory || source reports limitations or untested details; KernelEx wiki link given: http://kernelex.sourceforge.net/wiki/VLC_Media_Player; class from memory"
"vncpassview","VNCPassView","nirsoft-pad=1.05","Win98,WinXP","","","Security & Privacy::Password Managers","freeware","","NirSoft freeware (redistribution allowed, unmodified, free of charge)","http://www.nirsoft.net/utils/vnc_password.html","http://www.nirsoft.net/utils/vnc_password.html","http://www.nirsoft.net/toolsdownload/vncpassview.zip","nirsoft-pad","lead","PAD OS field lists 9x/ME; program page does not mention 9x/ME; PAD Program_Type 'Freeware'; class set per NirSoft license terms; page License: This utility is released as freeware. You are allowed to freely distribute this utility via floppy disk, CD-ROM, Internet, or in any other way, as long as you don't charge anything for this. If you distribute this utility, you must include all files in the ..."
"volumouse","Volumouse","nirsoft-pad=2.21","Win2000,Win7 x32,Win7 x64,Win98,WinVista,WinVista x64,WinXP","","","Desktop::Other","freeware","","NirSoft freeware (redistribution allowed, unmodified, free of charge)","http://www.nirsoft.net/utils/volumouse.html","http://www.nirsoft.net/utils/volumouse.html","http://www.nirsoft.net/utils/volumouse.zip","nirsoft-pad","lead","PAD OS field lists 9x/ME; page says: System Requirements Windows operating system: Windows 98, Windows ME, Windows NT, Windows 2000, Windows XP, Windows Server 2003, Windows 7/Vista/2008/8/10/11 ... (Windows 95 is not supported) Wheel mouse Sound card; CHECK: page mention of 9x/ME may be negative; PAD Program_Type 'Freeware'; class set per NirSoft license terms; page License: This utility is released as freeware. You are allowed to freely distribute this utility via floppy disk, CD-ROM, Internet, or in any other way, as long as you don't charge anything for this. If you distribute this utility, you must include all files in the ..."
"voodoowin9xdrivers","Voodoo Win9x Drivers","","98SE","","","3dfx Video Drivers","commercial","","vendor driver (vendor defunct)","",,"http://www.falconfly.de/3dfx","msfn-98se","excluded","class D; tags LAST; FREE; 3dfx defunct; fan mirror"
"voxengovstplugins","Voxengo VST plugins","","Windows 98SE; Windows 98/ME","yes","KernelEx","VST Software/Plugins","unknown","","","","http://www.voxengo.com",,"msfn-kernelex osr-kernelex","lead","status: working; qualifier: tested on the free plugins only || qualifier: 2013 or older builds"
"vstpluginsbymeldaproductions","VST plugins by Melda Productions","","Windows 98SE; Windows 98/ME","yes","KernelEx","VST Software/Plugins","unknown","","","","http://www.meldaproduction.com",,"msfn-kernelex osr-kernelex","lead","status: working || qualifier: 2013 or older builds"
"vstpluginsrequiringthepluggoruntime","VST plugins requiring the Pluggo Runtime","","Windows 98SE; Windows 98/ME","yes","KernelEx","VST Software/Plugins","unknown","","","","http://www.cycling74.com/products/pluggo",,"msfn-kernelex osr-kernelex","lead","status: working || qualifier: 2013 or older builds"
"vuplayer","VU Player","osr-final=2.49","Windows 98/ME","","","MP3/Music Player","unknown","","","",,,"osr-final","lead","source flag FV (final working version)"
"vuze","Vuze","","Windows 98/ME","","","Torrent Clients","unknown","","","",,,"osr-final","lead","qualifier: March 2014 build"
"wallpaperchanger","Wallpaper Changer (WPC)","mdgx-toy=1.91","9x/NT4/2000/ME/XP/2003/Vista/2008/7/8/8.1/2012","","","System Enhancers / Other Enhancement Tools","freeware","","freeware","https://www.mdgx.com/toy.htm","https://web.archive.org/web/20120904040206/http://www.wallpaperchanger.de/","https://web.archive.org/web/20120704234658/http://www.wallpaperchanger.de/archives/wpc_build280702xp.zip","mdgx-toy","lead","class from source tag 'freeware' (entry text)"
"wassociate","WAssociate","mdgx-toy=3.44","9x/NT4/2000/ME/XP/2003","","","System Enhancers / Other Enhancement Tools","freeware","","freeware","https://www.mdgx.com/toy.htm","http://www.xs4all.nl/~wstudios/Associate/","http://www.xs4all.nl/~wstudios/Associate/setup_wassociate.exe","mdgx-toy","lead","class from source tag 'freeware' (entry text)"
"whoiscl","WhoisCL","nirsoft-pad=1.90","Win2000,Win7 x32,Win7 x64,Win98,WinVista,WinVista x64,WinXP","","","Network & Internet::Search/Lookup Tools","freeware","","NirSoft freeware (redistribution allowed, unmodified, free of charge)","http://www.nirsoft.net/utils/whoiscl.html","http://www.nirsoft.net/utils/whoiscl.html","http://www.nirsoft.net/utils/whoiscl.zip","nirsoft-pad","lead","PAD OS field lists 9x/ME; page says: System Requirements Windows operating system: Windows 98/ME/2000/XP/2003/2008/7/8; PAD Program_Type 'Freeware'; class set per NirSoft license terms; page License: This utility is released as freeware. You are allowed to freely distribute this utility via floppy disk, CD-ROM, Internet, or in any other way, as long as you don't charge anything for this. If you distribute this utility, you must include all files in the ..."
"whoisthisdomain","WhoisThisDomain","nirsoft-pad=2.46","Win2000,Win7 x32,Win7 x64,Win98,WinVista,WinVista x64,WinXP","","","Network & Internet::Search/Lookup Tools","freeware","","NirSoft freeware (redistribution allowed, unmodified, free of charge)","https://www.nirsoft.net/utils/whois_this_domain.html","https://www.nirsoft.net/utils/whois_this_domain.html","https://www.nirsoft.net/utils/whoistd.zip","nirsoft-pad","lead","PAD OS field lists 9x/ME; page says: Also, because of the new Unicode support, WhoisThisDomain may not work properly under Windows 98 ... If you're still using Windows 98, you can download v1; CHECK: page mention of 9x/ME may be negative; PAD Program_Type 'Freeware'; class set per NirSoft license terms; page License: This utility is released as freeware. You are allowed to freely distribute this utility via floppy disk, CD-ROM, Internet, or in any other way, as long as you don't charge anything for this. If you distribute this utility, you must include all files in the ..."
"whosip","WhosIP","nirsoft-pad=1.18","Win98,WinXP","","","Network & Internet::Search/Lookup Tools","freeware","","NirSoft freeware (redistribution allowed, unmodified, free of charge)","http://www.nirsoft.net/utils/whosip.html","http://www.nirsoft.net/utils/whosip.html","http://www.nirsoft.net/utils/whosip.zip","nirsoft-pad","lead","PAD OS field lists 9x/ME; page says: System Requirements Any Windows operating system - from Windows 95 and up to Windows 8; PAD Program_Type 'Freeware'; class set per NirSoft license terms; page License: This utility is released as freeware. You are allowed to freely distribute this utility via floppy disk, CD-ROM, Internet, or in any other way, as long as you don't charge anything for this. If you distribute this utility, you must include all files in the ..."
"win32pad","Win32Pad","mdgx-toy=1.5.10.4","9x/NT4/2000/ME/XP/2003/Vista/2008/7/8/8.1/2012","","Windows 95/98/NT4 require Microsoft RTF Control Libraries and Shell Folder Service ! | Windows 95, 98 + ME require Microsoft Layer for Unicode (MSLU) UNICOWS.DLL 1.1.3790.0 !","Text Editors","freeware","","freeware","https://www.mdgx.com/toy.htm","http://www.gena01.com/win32pad/","http://www.gena01.com/win32pad/win32pad_1_5_10_4.exe","mdgx-toy","lead","class from source tag 'freeware' (entry text)"
"winamp","Winamp","msfn-95=2.95","95","","","","freeware","","FREE (Freeware/Open Source per thread legend)","https://msfn.org/board/topic/176623-last-versions-of-software-for-windows-95/#findComment-1137692",,"http://www.oldversion.com/windows/winamp-2-95","msfn-95","lead","status LAST (last version supporting Win95); class from source tag 'FREE'; release date per source: 2003-06-26; from opening post list"
"winampfull","WinAmp Full","mdgx-toy=5.60","2000/XP/2003/Vista/2008/7","","","Media Players + Recorders","freeware-unclear","","freeware + ADWARE!: eMusic + free MP3 offer!","https://www.mdgx.com/toy.htm","http://www.winamp.com/","http://download.nullsoft.com/winamp/client/winamp56_full_bundle_emusic-7plus_all.exe","mdgx-toy","lead","class from source tag 'freeware + ADWARE!: eMusic + free MP3 offer!' (entry text)"
"winamppro","Winamp Pro","msfn-kernelex=5.541; osr-kernelex=5.541","Windows 98SE; Windows 98/ME","yes","KernelEx 4.5.1; XP mode","MP3/Music Player","commercial","","","",,,"msfn-kernelex osr-kernelex","excluded","status: working; class from memory || class from memory"
"winbar","WinBar","mdgx-toy=1.2.95","9x/NT4/2000/ME/XP","","","System Enhancers / Other Enhancement Tools","freeware","","freeware","https://www.mdgx.com/toy.htm","http://www.winbar.nl/","http://www.winbar.nl/download.php","mdgx-toy","lead","class from source tag 'freeware' (entry text)"
"winbartaskbarandshellreplacement","WinBar taskbar and shell replacement","mdgx-toy=1.2","95/98/ME","","","System Enhancers / Other Enhancement Tools","freeware","","free","https://www.mdgx.com/toy.htm",,"http://www.iko-world.hit.bg/winbar.zip","mdgx-toy","lead","class from source tag 'free' (entry text)"
"wincrc","WinCRC","mdgx-toy=1.2","","","","Hex Editors / FREE Windows x/NTx Checksum Tools","freeware","","freeware","https://www.mdgx.com/toy.htm","http://www.dr-hoiby.com/WinCRC/",,"mdgx-toy","lead","class from source tag 'freeware' (entry text)"
"windowregistryrepair","Window Registry Repair","mdgx-toy=2.5","98/NT4/2000/ME/XP/2003/Vista/2008/7","","","System + Registry Fixers","freeware","","freeware","https://www.mdgx.com/toy.htm","http://www.regsofts.com/free_registry_repair/registry_repair.htm","http://www.regsofts.com/download/RegpairSetup.exe","mdgx-toy","lead","class from source tag 'freeware' (entry text)"
"windows9898sp198secursor+iconhandlingsecurityvulnerabilityfixes","Windows 98/98 SP1/98 SE Cursor + Icon Handling Security Vulnerability Fixes","","98/98 SP1/98 SE","","","Windows 98 SE Updates + Fixes","commercial","","Microsoft (proprietary)","","http://technet.microsoft.com/library/security/ms05-002.aspx","http://download.windowsupdate.com/msdownload/update/v3-19990518/cabpool/Windows98-KB891711-v2-ENU_27519b9f8157c1e9a52e443b0208e0e.EXE","mdgx-web","excluded","Microsoft component; class from memory"
"windows9898sp1graphicsrenderingenginewindowsmetafilesecurityvulnerabilityfixes","Windows 98/98 SP1 Graphics Rendering Engine (GRE) Windows MetaFile (WMF) Security Vulnerability Fixes","","98/98 SP1","","","WINDOWS 98 ESSENTIAL FREE UPGRADES + FIXES","commercial","","Microsoft (proprietary)","","http://technet.microsoft.com/library/security/ms06-026.aspx","http://download.windowsupdate.com/msdownload/update/v3-19990518/cabpool/Windows98-KB918547-ENU_ab29740587b8bf4cd6380a47a89e3ce.exe","mdgx-web","excluded","Microsoft component; class from memory"
"windows98segraphicsrenderingenginewindowsmetafilesecurityvulnerabilityfixes","Windows 98 SE Graphics Rendering Engine (GRE) Windows MetaFile (WMF) Security Vulnerability Fixes","","98 SE","","","Windows 98 SE Updates + Fixes","commercial","","Microsoft (proprietary)","","http://technet.microsoft.com/library/security/ms06-026.aspx","http://download.windowsupdate.com/msdownload/update/v3-19990518/cabpool/Windows98-KB918547-ENU_ab29740587b8bf4cd6380a47a89e3ce.exe","mdgx-web","excluded","Microsoft component; class from memory"
"windows98seunofficialservicepack","Windows 98SE Unofficial Service Pack","osr-final=3.87","Windows 98/ME","","","Kernel Extensions, Rloew Patches, and Unofficial Updates","freeware-unclear","","","","https://retrosystemsrevival.blogspot.com/2018/05/windows-98se-service-pack-362.html",,"osr-final","excluded","source flag FV (final working version); unofficial build/backport per source; class from memory; Microsoft component (excluded for now)"
"windowsadministratorv3b","Windows Administrator v.3.b","","9x/NT4","","","System + Registry Tweakers","freeware","","freeware","https://www.mdgx.com/toy.htm","http://www.communicator.pl/winad.html","http://www.communicator.pl/winad_download.html","mdgx-toy","lead","class from source tag 'freeware' (entry text)"
"windowsconfigurator","Windows Configurator","mdgx-toy=0.6","9x/ME","","","System + Registry Tweakers","freeware","","freeware","https://www.mdgx.com/toy.htm","http://skorczyl.w.interia.pl/freeware/index_en.html","http://ftp.sunet.se/pub/simtelnet/win95/util/wndcfg06.exe","mdgx-toy","lead","class from source tag 'freeware' (entry text)"
"windowsmecursor+iconhandlingsecurityvulnerabilityfixes","Windows ME Cursor + Icon Handling Security Vulnerability Fixes","","ME","","","Windows ME Updates + Fixes","commercial","","Microsoft (proprietary)","","http://technet.microsoft.com/library/security/ms05-002.aspx","http://download.windowsupdate.com/msdownload/update/v3-19990518/cabpool/WindowsME-KB891711-v2-ENU_71c3336e6d7630cff2739a9d05d2eed.EXE","mdgx-web","excluded","Microsoft component; class from memory"
"windowsmediaplayer","Windows Media Player","msfn-95=6.4","95","","","","commercial","","Microsoft (proprietary)","",,"http://www.oldapps.com/windows_media_player.php?old_windows_media_player=3","msfn-95","excluded","status LAST (last version supporting Win95); class from source tag 'FREE'; release date per source: 1999-04-29; from reply by ppgrainbow (page 1), not in opening post list; Microsoft component; class from memory"
"windowsmediaplayer10","Windows Media Player 10","","Windows 98/ME","","","Kernel Extensions, Rloew Patches, and Unofficial Updates","freeware-unclear","","","",,,"osr-final","excluded","source flag FV (final working version); class from memory; Microsoft component (excluded for now)"
"windowsmegraphicsrenderingenginewindowsmetafilesecurityvulnerabilityfixes","Windows ME Graphics Rendering Engine (GRE) Windows MetaFile (WMF) Security Vulnerability Fixes","","ME","","","Windows ME Updates + Fixes","commercial","","Microsoft (proprietary)","","http://technet.microsoft.com/library/security/ms06-026.aspx","http://download.windowsupdate.com/msdownload/update/v3-19990518/cabpool/WindowsME-KB918547-ENU_346d1c5b14e4c033781cc9630fd4a9a.exe","mdgx-web","excluded","Microsoft component; class from memory"
"windowsmeunofficialservicepack","Windows ME Unofficial Service Pack","osr-final=1.02","Windows 98/ME","","","Kernel Extensions, Rloew Patches, and Unofficial Updates","freeware-unclear","","","","https://retrosystemsrevival.blogspot.com/2019/05/windows-me-service-pack-102.html",,"osr-final","excluded","source flag FV (final working version); unofficial build/backport per source; class from memory; Microsoft component (excluded for now)"
"windowspasswordrecoverypackage","Windows Password Recovery Package","nirsoft-pad=3.65","Win2000,Win7 x32,Win7 x64,Win98,WinVista,WinVista x64,WinXP","","","Security & Privacy::Other","freeware","","NirSoft freeware (redistribution allowed, unmodified, free of charge)","https://www.nirsoft.net/password_recovery_tools.html","https://www.nirsoft.net/password_recovery_tools.html","https://www.nirsoft.net/packages/passrecpk.zip","nirsoft-pad","lead","PAD OS field lists 9x/ME; program page does not mention 9x/ME; PAD Program_Type 'Freeware'; class set per NirSoft license terms; CHECK: no License section found on program page"
"windowsrepair","Windows Repair (All In One)","mdgx-toy=1.5.4","XP/2003/Vista/2008/7","","","System + Registry Fixers","freeware","","freeware","https://www.mdgx.com/toy.htm","http://www.tweaking.com/content/page/windows_repair_all_in_one.html","http://www.majorgeeks.com/download7141.html","mdgx-toy","lead","class from source tag 'freeware' (entry text)"
"windowssystemoptimizerfreeedition","Windows System Optimizer Free Edition","mdgx-toy=2.0","9x/NT4/2000/ME/XP/2003","","","System + Registry Fixers","freeware-unclear","","crippled freeware","https://www.mdgx.com/toy.htm","http://free.windowssystemoptimizer.com/","http://free.windowssystemoptimizer.com/freewindowssystemoptimizer.exe","mdgx-toy","lead","class from source tag 'crippled freeware' (entry text)"
"winfaxbasic","WinFax Basic","msfn-98se=10.02","98SE","","","Connectivity","commercial","","commercial (per thread tag)","",,"http://www.symantec.com","msfn-98se","excluded","class D; tags LAST; COMM; commercial"
"winfaxpro","WinFax PRO","msfn-98se=10.02","98SE","","","Connectivity","commercial","","commercial (per thread tag)","",,"http://www.symantec.com","msfn-98se","excluded","class D; tags LAST; COMM; commercial"
"wings3d","Wings3D","msfn-kernelex=1.0; osr-kernelex=1.0","Windows 98SE; Windows 98/ME","yes","KernelEx","Digital Art Software","open-source","","","","http://www.wings3d.com",,"msfn-kernelex osr-kernelex","lead","status: working; class from memory || class from memory"
"winhlp32fromwinxpsp2","WinHlp32 from WinXP SP2","","Windows 98SE","yes","KernelEx","Apps","freeware-unclear","","","",,,"msfn-kernelex","excluded","status: working; thread note: In original WinHlp32 mouse scrolling did not worked, in this it works.; class from memory; Microsoft component (excluded for now)"
"winhttrack","WinHTTrack","","98SE","","unknown","Internet Plugins + Utilities","open-source","","GPL-3.0 (memory)","",,"http://www.httrack.com","msfn-98se","lead","class A; tags ONGD; FREE; Website Copier-Offline Browser; last 9x version unknown"
"wink","Wink","","98SE","","unknown","Others","freeware-unclear","","freeware, terms unknown","",,"http://www.debugmode.com/wink","msfn-98se","lead","class C?; tags ONGD; FREE; Tutorial and Presentation creation software"
"winkeywindowskeyenhancer","WinKey Windows key enhancer","mdgx-toy=2.8","9x/NT4/2000/ME/XP/2003","","","System Enhancers / Other Enhancement Tools","freeware","","freeware","https://www.mdgx.com/toy.htm","http://www.copernic.com/en/support/faq-winkey.html","http://www.copernic.com/winkey/winkey.exe","mdgx-toy","lead","class from source tag 'freeware' (entry text); source marks it discontinued"
"winlister","WinLister","nirsoft-pad=1.22","Win98,WinXP","","","System Utilities::Other","freeware","","NirSoft freeware (redistribution allowed, unmodified, free of charge)","http://www.nirsoft.net/utils/winlister.html","http://www.nirsoft.net/utils/winlister.html","http://www.nirsoft.net/utils/winlister.zip","nirsoft-pad","lead","PAD OS field lists 9x/ME; page says: System Requirements This utility works properly on any version of Windows, starting from Windows 98 and up to Windows 8; PAD Program_Type 'Freeware'; class set per NirSoft license terms; page License: This utility is released as freeware. You are allowed to freely distribute this utility via floppy disk, CD-ROM, Internet, or in any other way, as long as you don't charge anything for this. If you distribute this utility, you must include all files in the ..."
"winmedefrag","WinME Defrag","msfn-98se=4.90.3000","98SE","","","Hard Disk Utilities","commercial","","Microsoft","",,"http://www.mesich.com/framed.html?page=defrag","msfn-98se","excluded","class D; tags LAST; FREE; Microsoft"
"winmerge","WinMerge","mdgx-toy=2.14.0","9x/NT4/2000/ME/XP/2003/Vista/2008/7/8/8.1/2012","","","System Enhancers / Other Enhancement Tools","open-source","","GPL (version not stated by source)","https://www.mdgx.com/toy.htm","http://www.winmerge.org/","http://www.winmerge.org/downloads/","mdgx-toy","lead","class from source tag 'free GPL' (entry text); other tags: free; free, open source"
"winpatrol","WinPatrol (Windows 95)","msfn-98se=10.03","98SE","","unknown","Virus and Spyware Scanners + Privacy and Security Tools","commercial","","proprietary freeware","",,"http://www.oldapps.com/WinPatrol.php","msfn-98se","excluded","class D?; tags LAST; FREE; v10.03; Windows 95; as above (Win95 build)"
"winpatrol2010","WinPatrol 2010 (98/SE/ME)","msfn-98se=17.0.2010.0","98SE","","unknown","Virus and Spyware Scanners + Privacy and Security Tools","commercial","","proprietary freeware","",,"http://www.winpatrol.com","msfn-98se","excluded","class D?; tags ONGD; FREE; v17.0.2010.0; Windows 98/SE/ME; WinPatrol ownership changed; old version availability unknown"
"winrar","WinRAR","msfn-95=3.80; osr-final=3.93","95; 98SE; Windows 98/ME","","","","shareware","","SHAR (Shareware per thread legend)","https://msfn.org/board/topic/176623-last-versions-of-software-for-windows-95/#findComment-1137960",,"http://www.oldversion.com/windows/winrar-3-80","msfn-95 msfn-98se osr-final","excluded","status LAST (last version supporting Win95); class from source tag 'SHAR'; release date per source: 2008-05-30; from reply by ppgrainbow (page 2), not in opening post list || class D; tags ONGD; SHAR; shareware/trial || source flag FV (final working version); class from memory"
"winret","WinRet","mdgx-toy=4.9a Beta","9x/NT4/2000/ME/XP/2003","","","System + Registry Fixers","freeware","","freeware, English","https://www.mdgx.com/toy.htm","http://winret.sourceforge.net/","http://winret.sourceforge.net/Files/WinRetEn4.9.exe","mdgx-toy","lead","class from source tag 'freeware, English' (entry text)"
"winscp","WinSCP","","98SE","","unknown","FTP Clients","open-source","","GPL-3.0 (memory)","",,"http://winscp.net","msfn-98se","lead","class A; tags ONGD; FREE; version for 9x not stated; unverified"
"winsizebeta1","WinSize beta 1","mdgx-toy=1.6","9x/NT4/2000/ME/XP","","","System Enhancers / Other Enhancement Tools","freeware","","freeware","https://www.mdgx.com/toy.htm","http://www.aroundcny.com/Technofile/texts/tec080199.html","http://www.aroundcny.com/Technofile/texts/winsize.zip","mdgx-toy","lead","class from source tag 'freeware' (entry text); source marks it discontinued"
"wintidy","WinTidy","mdgx-toy=2.0","9x/NT4/2000/ME/XP","","","System Enhancers / Other Enhancement Tools","unknown","","","","http://www.pcmag.com/article2/0,1759,367,00.asp","http://images.vnunet.com/v6_static/pcm/p_11n01/files/wintidy.zip","mdgx-toy","lead",""
"winupdateslist","WinUpdatesList","mdgx-toy=1.12; nirsoft-pad=1.33","98/2000/ME/XP/2003; Win98,WinXP","","","System Utilities::System Maintenance","freeware","","NirSoft freeware (redistribution allowed, unmodified, free of charge)","https://www.mdgx.com/toy.htm http://www.nirsoft.net/utils/wul.html","http://www.nirsoft.net/utils/wul.html","http://www.nirsoft.net/utils/wul_setup.exe","mdgx-toy nirsoft-pad","lead","class from source tag 'freeware' (entry text) || PAD OS field lists 9x/ME; page says: System Requirements This utility works on Windows 98, Windows ME, Windows 2000, and Windows XP ... On Windows 98/ME, some columns are not displayed, because the related information is not stored in the Registry as in Windows 2000/XP; CHECK: page mention of 9x/ME may be negative; PAD Program_Type 'Freeware'; class set per NirSoft license terms; page License: This utility is released as freeware. You are allowed to freely distribute this utility via floppy disk, CD-ROM, Internet, or in any other way, as long as you don't charge anything for this. If you distribute this utility, you must include all files in the ..."
"winuscon","Winuscon (Windows User Console)","mdgx-toy=1.56","9x/NT4/2000/ME/XP/2003","","","System + Registry Tweakers","freeware","","freeware","https://www.mdgx.com/toy.htm","http://www.matirsoft.com/main/winuscon.htm","http://www.matirsoft.com/trials/winuscon.exe","mdgx-toy","lead","class from source tag 'freeware' (entry text)"
"winvi32","WinVi32","","9x/NTx","","","Text Editors","open-source","","GPL (version not stated by source)","https://www.mdgx.com/toy.htm","http://www.winvi.de/en/","http://www.winvi.de/winvi302.zip","mdgx-toy","lead","class from source tag 'free GPL' (entry text)"
"winzip","WinZip","msfn-95=8.1 SR1; msfn-98se=10; osr-final=14.5","95; 98SE; Windows 98/ME","","","","shareware","","SHAR (Shareware per thread legend)","https://msfn.org/board/topic/176623-last-versions-of-software-for-windows-95/#findComment-1137692",,"http://www.oldversion.com/windows/winzip-8-1-sr1","msfn-95 msfn-98se osr-final","excluded","status LAST (last version supporting Win95); class from source tag 'SHAR'; release date per source: 2002-10-24; from opening post list || class D; tags LAST; SHAR; *; WinZip 11.1 works; shareware/trial || source flag FV (final working version); class from memory"
"winzipstandard","WinZip Standard","","9x/NT4/2000/ME/XP/2003/Vista/2008/7","","","File Shrinkers","shareware","","shareware $30, 21 days free trial","https://www.mdgx.com/toy.htm","http://www.winzip.com/","http://download.winzip.com/ov/winzip121.exe","mdgx-toy","excluded","class from source tag 'shareware $30, 21 days free trial' (entry text)"
"wisediskcleaner","WISE Disk Cleaner","msfn-98se=2.91","98SE","","unknown","Windows Utilities","commercial","","proprietary","",,"http://www.wisecleaner.com","msfn-98se","excluded","class D?; tags ONGD; FREE; Cleans hard disk of junk files"
"wiseregistrycleaner","WISE Registry Cleaner","msfn-98se=2.9.5","98SE","","unknown","Windows Registry Utilities","commercial","","proprietary","",,"http://www.wisecleaner.com","msfn-98se","excluded","class D?; tags ONGD; FREE; "
"wordpadexe","WORDPAD.EXE","osr-kernelex=5.00.2195.7155","Windows 98/ME","yes","KernelEx","Official Microsoft Files","freeware-unclear","","","",,,"osr-kernelex","excluded","class from memory; Microsoft component (excluded for now)"
"wordperfectx3","WordPerfect X3","","Windows 98SE; Windows 98/ME","yes","KernelEx","Office Suite","commercial","","","",,,"msfn-kernelex osr-kernelex","excluded","status: working; class from memory || class from memory"
"worksoftnavigator","WorkSoft Navigator","mdgx-toy=0.985","9x/NT4/2000/ME/XP/2003/Vista/2008/7/8/8.1/2012","","Requires: Microsoft Internet Explorer 4/5/6/newer . | Windows 95/OSR1/OSR2/98/98 SP1/NT4 WITHOUT MS IE 5/6 installed require Microsoft Common Control DLL 5.80 Fix .","System Enhancers / File Manager + Windows Explorer / File Explorer Replacement Tools","freeware","","freeware","https://www.mdgx.com/toy.htm","http://www.sura.ru/uddm/template.php?area=wsnen","http://www.sura.ru/uddm/download/wsnsetup.zip","mdgx-toy","lead","class from source tag 'freeware' (entry text)"
"wsftple","WS_FTP LE","msfn-95=5.08","95","","","","freeware","","FREE (Freeware/Open Source per thread legend)","https://msfn.org/board/topic/176623-last-versions-of-software-for-windows-95/#findComment-1137747",,"http://www.oldversion.com/windows/ws-ftp-le-5-08-32-bit","msfn-95","lead","status LAST (last version supporting Win95); class from source tag 'FREE'; from reply by ppgrainbow (page 1), not in opening post list; caution (from memory): free for non-commercial/educational use"
"wsftplimitededition","WSFTP Limited Edition","msfn-98se=5.08","98SE","","none known","FTP Clients","commercial","","proprietary (Ipswitch/Progress)","",,"http://www.oldversion.com/program.php?n=wsftp","msfn-98se","excluded","class D; tags LAST; FREE; not offered"
"wsftppro","WS_FTP Pro","msfn-95=7","95","","","","commercial","","$$$$ (commercial per thread legend)","https://msfn.org/board/topic/176623-last-versions-of-software-for-windows-95/#findComment-1137747",,,"msfn-95","excluded","status LAST (last version supporting Win95); class from source tag '$$$$'; from reply by ppgrainbow (page 1), not in opening post list"
"wxchecksums","wxChecksums","","9x/2000/ME/XP/2003/Vista/2008/7/8/8.1/2012","","","Hex Editors / FREE Windows x/NTx Checksum Tools","open-source","","GPL (version not stated by source)","https://www.mdgx.com/toy.htm","http://wxchecksums.sourceforge.net/mainpage_en.html",,"mdgx-toy","lead","class from source tag 'free GPL' (entry text)"
"wyzo","Wyzo","msfn-kernelex=3.0.3","Windows 98SE","yes","KernelEx; XP mode","Apps","unknown","","","",,,"msfn-kernelex","lead","status: working; qualifier: Firefox clone"
"xbmc","XBMC (XBox Media Center)","mdgx-toy=13.2","XP/2003/Vista/2008/7/8/8.1/2012","","","Media Players + Recorders","open-source","","GPL (version not stated by source)","https://www.mdgx.com/toy.htm","http://www.xbmc.org/","http://www.xbmc.org/download/","mdgx-toy","lead","class from source tag 'free GPL' (entry text)"
"xchm","xCHM","","Windows 98SE; Windows 98/ME","yes","KernelEx","Other","open-source","","","","http://sourceforge.net/project/showfiles.php?group_id=87007&package_id=171760",,"msfn-kernelex osr-kernelex","lead","status: working; listed as: an excellent viewer for chm files; class from memory || qualifier: 2013 or earlier build tested; class from memory"
"xmplay","XMPlay","","Windows 98/ME","","","MP3/Music Player","freeware-unclear","","","",,,"osr-final","lead","source flag CS (concurrent support); class from memory"
"xmplayer","Xmplayer","msfn-98se=3.6","98SE","","none (verified: publisher says Windows 95 to 11)","Media Players + Encoders + Codecs","freeware-unclear","","freeware, redistribution terms not verified","",,"http://www.un4seen.com","msfn-98se","lead","class C; tags ONGD; FREE; XMPlay current 4.1 still supports 95+ (verified un4seen.com); list version is old"
"xnresourceeditor","XN Resource Editor","mdgx-toy=3.0.0.1","9x/NT4/2000/ME/XP/2003","","","Hex Editors","open-source","","free, open source","https://www.mdgx.com/toy.htm","http://www.wilsonc.demon.co.uk/d10resourceeditor.htm","http://www.btinternet.com/~wilsoncpw/xn_resourceeditor_setup.exe","mdgx-toy","lead","class from source tag 'free, open source' (entry text)"
"xnview","XnView","msfn-95=1.82.4; osr-final=2.13","95; 98SE; Windows 98/ME","","unknown","","freeware","freeware / freeware-unclear","FREE (Freeware/Open Source per thread legend)","https://msfn.org/board/topic/176623-last-versions-of-software-for-windows-95/#findComment-1137735",,"http://download.xnview.com/old_versions/","msfn-95 msfn-98se osr-final","lead","status LAST (last version supporting Win95); class from source tag 'FREE'; from reply by ppgrainbow (page 1), not in opening post list; caution (from memory): free for private/non-commercial use only || class C; tags ONGD; FREE; publisher hosts old builds at download.xnview.com/versions/ (verified); last 9x version unknown || source flag FV (final working version); class from memory"
"xnview+nconvert","XnView + NConvert v6.05 command line tool + Add-ons/Plug-ins + ShellEx + Media Detector","mdgx-toy=1.98.7","3.1x","","XnView + NConvert : XnView v1.98.7 + NConvert v6.05 command line tool + Add-ons/Plug-ins + ShellEx + Media Detector 32-bit graphics viewer, editor + conversion tools for Windows/WfWG 3.1x/9x/NT/2000/ME/XP/2003/Vista/2008/7 support most popular formats: GIF,...","Graphics Editors","freeware-unclear","","freeware for personal use","https://www.mdgx.com/toy.htm","http://www.xnview.com/en/xnview.html","ftp://ftp.microsoft.com/softlib/mslfiles/PW1118.EXE","mdgx-toy","lead","label: XnView + NConvert; class from source tag 'freeware for personal use' (entry text); other tags: free; freeware"
"xpantispy","XP-AntiSpy","mdgx-toy=3.98-2","98/2000/ME/XP/2003/Vista/2008/7/8/8.1/2012","","","System + Registry Tweakers","freeware","","donationware","https://www.mdgx.com/toy.htm","http://www.xp-antispy.org/en/","http://www.xp-antispy.org/en/download/","mdgx-toy","lead","class from source tag 'donationware' (entry text)"
"xpcodecpack","XP-Codec Pack","msfn-kernelex=2.5.0; osr-kernelex=2.5.0","Windows 98SE; Windows 98/ME","yes","KernelEx 4.0rc2","Codecs","unknown","","","",,,"msfn-kernelex osr-kernelex","lead","status: working"
"xpicture","XPicture","mdgx-toy=2.1","98/2000/ME/XP/2003","","","Graphics Editors","freeware","","freeware","https://www.mdgx.com/toy.htm","http://www.goztun.com/products/xpicture/","http://www.goztun.com/download/XPictureSetup.exe","mdgx-toy","lead","class from source tag 'freeware' (entry text)"
"xplite+2000liteprofessional","XPlite + 2000lite Professional","mdgx-toy=1.6","2000/XP","","","System + Registry Fixers","shareware","","no nag trial shareware","https://www.mdgx.com/toy.htm","http://www.litepc.com/xplite.html",,"mdgx-toy","excluded","class from source tag 'no nag trial shareware' (entry text)"
"xplorer2lite","xplorer 2 lite","mdgx-toy=2.2.0.2","9x/NT4/2000/ME/XP/2003/Vista/2008/7; Windows 98/ME","","","System Enhancers / File Manager + Windows Explorer / File Explorer Replacement Tools","freeware-unclear","","crippled freeware","https://www.mdgx.com/toy.htm","http://www.zabkat.com/x2lite.htm","http://www.zabkat.com/download.php?p=2","mdgx-toy osr-final","lead","class from source tag 'crippled freeware' (entry text); other tags: freeware || source flag CS (concurrent support); class from memory"
"xplorerlite","xplorer² Lite","","98SE","","unknown","Internet Browsers","freeware-unclear","","proprietary freeware","",,"http://www.zabkat.com/x2lite.htm","msfn-98se","lead","class C?; tags LAST; FREE; Explorer replacement; zabkat; 9x-compatible Lite availability unknown"
"xplorerpro","xplorer² Pro","","98SE","","","Internet Browsers","commercial","","commercial (per thread tag)","",,"http://www.zabkat.com/index.htm","msfn-98se","excluded","class D; tags LAST; COMM; Explorer replacement; commercial"
"xsetuppro","X-Setup Pro","","9x/NT4/2000/ME/XP/2003/Vista/2008/7","","strongly recommended for all power users, gamers, system administrators and anyone aiming to obtain MAXimum computing performance, customization, stability, compatibility and speed (former shareware, now freeware with this key: XSA092-11TA9R-8K12YT ): Windo...","System + Registry Tweakers","freeware-unclear","","former shareware, now freeware with this key: XSA092-11TA9R-8K12YT","https://www.mdgx.com/toy.htm","https://www.mdgx.com/xset.htm","http://digilander.libero.it/molearchive3/xqdcxsp-setup-en.zip","mdgx-toy","lead","class from source tag 'former shareware, now freeware with this key: XSA092-11TA9R-8K12YT' (entry text); source marks it discontinued"
"xulplayer","XULPlayer","mdgx-toy=0.6.0","2000/XP/2003/Vista/2008/7","","","Media Players + Recorders","open-source","","free, open source","https://www.mdgx.com/toy.htm","http://xulplayer.sourceforge.net/","http://xulplayer.sourceforge.net/download.html","mdgx-toy","lead","class from source tag 'free, open source' (entry text)"
"xvi32","XVI32","mdgx-toy=2.55","9x/NT4/2000/ME/XP/2003/Vista/2008/7/8/8.1/2012","","","Hex Editors","freeware","","freeware","https://www.mdgx.com/toy.htm","http://www.chmaas.handshake.de/delphi/freeware/xvi32/xvi32.htm","http://www.handshake.de/user/chmaas/delphi/download/xvi32.zip","mdgx-toy","lead","class from source tag 'freeware' (entry text)"
"xxcopy","XXCOPY","msfn-98se=2.97.1","98SE","","none known","Hard Disk Utilities","freeware-unclear","","freeware, terms unknown","",,"http://www.xxcopy.com","msfn-98se","lead","class C?; tags ONGD; FREE; cloning HDD's & System files; duplicate of XXCOPY"
"xxcopyfreeware","XXCOPY FREEWARE","msfn-98se=v.2.96.5","98SE","","none known","Windows Utilities","freeware-unclear","","freeware, terms unknown","",,"http://www.xxcopy.com/download/xxfw2965.zip","msfn-98se","lead","class C?; tags LAST; FREE; "
"yahoocaantispy","Yahoo CA Anti-spy","","Windows 98SE","yes","KernelEx 4.0rc2","Apps","freeware-unclear","","","",,,"msfn-kernelex","lead","status: working; class from memory"
"yahoomessenger","Yahoo! Messenger","msfn-95=5.6","95","","","","freeware","","FREE (Freeware/Open Source per thread legend)","https://msfn.org/board/topic/176623-last-versions-of-software-for-windows-95/#findComment-1137960",,,"msfn-95","lead","status LAST (last version supporting Win95); class from source tag 'FREE'; no longer functional; from reply by ppgrainbow (page 2), not in opening post list; caution (from memory): proprietary client; redistribution terms not verified"
"yplay","yPlay","","Windows 98/ME","","","MP3/Music Player","unknown","","","",,,"osr-final","lead","source flag FV (final working version)"
"ytraymagiclite","YTrayMagic Lite","mdgx-toy=1.0","9x/ME","","","System Enhancers / Other Enhancement Tools","freeware","","freeware","https://www.mdgx.com/toy.htm","http://www.xwen.org/products.html","http://www.xwen.org/download/ytraylsetup.exe","mdgx-toy","lead","class from source tag 'freeware' (entry text)"
"zipcentral","ZIPCentral","mdgx-toy=4.01","9x/NT4/2000/ME/XP/2003","","","File Shrinkers","freeware","","freeware, English","https://www.mdgx.com/toy.htm","http://www.softpedia.com/get/Compression-tools/ZipCentral.shtml",,"mdgx-toy","lead","class from source tag 'freeware, English' (entry text); source marks it discontinued"
"zipegbeta","Zipeg beta","mdgx-toy=2.91","9x/NT4/2000/ME/XP/2003/Vista/2008/7","","","File Shrinkers","open-source","","free, open source","https://www.mdgx.com/toy.htm","http://www.zipeg.com/","http://zipeg.googlecode.com/files/zipeg.2.9.1.1204.exe","mdgx-toy","lead","class from source tag 'free, open source' (entry text)"
"zipgeniussuiteedition","ZipGenius Suite Edition","mdgx-toy=6.3.1","9x/NT4/2000/ME/XP/2003/Vista/2008/7","","","File Shrinkers","freeware","","freeware","https://www.mdgx.com/toy.htm","http://www.zipgenius.com/","http://www.zipgenius.com/?id=33","mdgx-toy","lead","class from source tag 'freeware' (entry text)"
"zipinstaller","ZipInstaller","nirsoft-pad=1.21","Win95,Win98,WinME,WinNT 4.x,Windows2000,WinXP","","","Development::Install & Setup","freeware","","NirSoft freeware (redistribution allowed, unmodified, free of charge)","http://www.nirsoft.net/utils/zipinst.html","http://www.nirsoft.net/utils/zipinst.html","http://www.nirsoft.net/utils/zipinst.zip","nirsoft-pad","lead","PAD OS field lists 9x/ME; program page does not mention 9x/ME; PAD Program_Type 'Freeware'; class set per NirSoft license terms; page License: This utility is released as freeware. You are allowed to freely distribute this utility via floppy disk, CD-ROM, Internet, or in any other way, as long as you don't charge anything for this."
"zombieshooter","Zombie Shooter","","Windows 98SE","yes","KernelEx","Games","commercial","","","",,,"msfn-kernelex","excluded","status: working; class from memory"
"zonealarm","ZoneAlarm","msfn-98se=6.1.744.001","98SE","","none known","Firewalls","commercial","","proprietary","",,"http://www.oldversion.com/download.php?idlong=3e21066e0e9c82845db078ffd60a98b0","msfn-98se","excluded","class D; tags LAST; FREE; "
"zonealarmpro","ZoneAlarm Pro","msfn-kernelex=4.0; osr-kernelex=4.0","Windows 98SE; Windows 98/ME","yes","KernelEx 4.0rc2","Firewall","commercial","","","",,,"msfn-kernelex osr-kernelex","excluded","status: working; class from memory || class from memory"
"zoomplayer","ZoomPlayer","osr-final=14.5; osr-kernelex=12.5","Windows 98/ME","yes","GDIPLUS.dll; KernelEx 4.5.2019.24; Base Enhancements","Media Players","unknown","","","",,,"osr-final osr-kernelex","lead","source flag FV (final working version); source reports limitations || source reports limitations or untested details"
"zsnes","ZSNES","","Windows 98/ME","","","Virtualization/Emulation Software","open-source","","GPL-2.0-or-later","",,,"osr-final","lead","class from memory"
"zsoftuninstaller","ZSoft Uninstaller","msfn-98se=2.4.1; osr-kernelex=2.5","98SE; Windows 98/ME","yes","unknown; KernelEx 4.5.2","Uninstallers","freeware-unclear","","freeware, terms unknown","",,"http://www.zsoft.dk/index/software_details/4","msfn-98se osr-kernelex","lead","class C?; tags ONGD; FREE;  || class from memory"
