source,name,version,os,needs,category,license_class,license,license_evidence,homepage,download,notes
"mdgx-web","Microsoft Windows ME Updates","","ME","","WINDOWS MILLENNIUM EDITION (ME) ESSENTIAL FREE UPGRADES + FIXES","commercial","Microsoft (proprietary)","","http://windowsupdate.microsoft.com/","","Microsoft component; class from memory"
"mdgx-web","Unofficial Windows 98/98 SP1/98 SE/ME Revolutions Pack (RP)","","98/98 SP1/98 SE/ME","","WINDOWS MILLENNIUM EDITION (ME) ESSENTIAL FREE UPGRADES + FIXES","unknown","","","http://www.msfn.org/board/index.php?showtopic=131040","","also listed under: WINDOWS 98 SECOND EDITION (SE) ESSENTIAL FREE UPGRADES + FIXES"
"mdgx-web","Unofficial Windows 98/98 SP1/98 SE/ME Post-Install Wizard (WPI)","","98/98 SP1/98 SE/ME","","WINDOWS MILLENNIUM EDITION (ME) ESSENTIAL FREE UPGRADES + FIXES","unknown","","","http://www.wpiw.net/Classic/","","also listed under: WINDOWS 98 SECOND EDITION (SE) ESSENTIAL FREE UPGRADES + FIXES"
"mdgx-web","Unofficial Windows 98/98 SP1/98 SE/ME USERENV.DLL","","98/98 SP1/98 SE/ME","KernelEx (mentioned)","WINDOWS MILLENNIUM EDITION (ME) ESSENTIAL FREE UPGRADES + FIXES","freeware","free","https://www.mdgx.com/web.htm","http://www.msfn.org/board/index.php?showtopic=138911","https://www.mdgx.com/files/USERENV.ZIP","class from source tag 'free' (entry text); unofficial patch/pack that likely contains Microsoft files: the free tag does not settle redistribution rights; also listed under: WINDOWS 98 SECOND EDITION (SE) ESSENTIAL FREE UPGRADES + FIXES"
"mdgx-web","Unofficial Windows 95/98/ME MPR.DLL Password Lock Patch","","95/98/ME","","WINDOWS MILLENNIUM EDITION (ME) ESSENTIAL FREE UPGRADES + FIXES","freeware","freeware","https://www.mdgx.com/web.htm","","https://www.mdgx.com/files/PASSLOCK.ZIP","class from source tag 'freeware' (entry text); unofficial patch/pack that likely contains Microsoft files: the free tag does not settle redistribution rights; also listed under: WINDOWS 98 SECOND EDITION (SE) ESSENTIAL FREE UPGRADES + FIXES; also listed under: WINDOWS 95/95A OSR1 ESSENTIAL FREE UPGRADES + FIXES"
"mdgx-web","Unofficial Windows 95/98/ME COMDLG32.DLL Dialog Resize Patch","","95/98/ME","","WINDOWS MILLENNIUM EDITION (ME) ESSENTIAL FREE UPGRADES + FIXES","freeware","freeware","https://www.mdgx.com/web.htm","http://www.netcult.ch/elmue/ElmueSoft-en.htm","","class from source tag 'freeware' (entry text); unofficial patch/pack that likely contains Microsoft files: the free tag does not settle redistribution rights; also listed under: WINDOWS 98 SECOND EDITION (SE) ESSENTIAL FREE UPGRADES + FIXES; also listed under: WINDOWS 95/95A OSR1 ESSENTIAL FREE UPGRADES + FIXES"
"mdgx-web","Unofficial Windows 95/98/ME CD Tracks as WAVs CDFS.VXD Patch","","95/98/ME","","WINDOWS MILLENNIUM EDITION (ME) ESSENTIAL FREE UPGRADES + FIXES","freeware","freeware","https://www.mdgx.com/web.htm","http://www.sonicspot.com/alternatecdfsvxd/alternatecdfsvxd.html","","class from source tag 'freeware' (entry text); unofficial patch/pack that likely contains Microsoft files: the free tag does not settle redistribution rights; also listed under: WINDOWS 98 SECOND EDITION (SE) ESSENTIAL FREE UPGRADES + FIXES; also listed under: WINDOWS 95/95A OSR1 ESSENTIAL FREE UPGRADES + FIXES"
"mdgx-web","Unofficial Windows 98/ME ACM Patched MSACM.DRV","","98/ME","","WINDOWS MILLENNIUM EDITION (ME) ESSENTIAL FREE UPGRADES + FIXES","freeware","freeware","https://www.mdgx.com/web.htm","http://btwincap.sourceforge.net/download.html","","class from source tag 'freeware' (entry text); unofficial patch/pack that likely contains Microsoft files: the free tag does not settle redistribution rights; also listed under: WINDOWS 98 SECOND EDITION (SE) ESSENTIAL FREE UPGRADES + FIXES"
"mdgx-web","NOVOLTRACK: Windows 9x/ME OEM Floppy Registry Patch","","9x/ME","","WINDOWS MILLENNIUM EDITION (ME) ESSENTIAL FREE UPGRADES + FIXES","open-source","GPL (version not stated by source)","https://www.mdgx.com/web.htm","https://web.archive.org/web/20151223131252/http://www.ibiblio.org/pub/micro/pc-stuff/freedos/win9x/","","class from source tag 'free GPL' (entry text); also listed under: WINDOWS 98 SECOND EDITION (SE) ESSENTIAL FREE UPGRADES + FIXES; also listed under: WINDOWS 95/95A OSR1 ESSENTIAL FREE UPGRADES + FIXES"
"mdgx-web","Unofficial Windows ME Service Pack 2 (SP2) Alpha 2","","ME","Requires MS IE 6.0 SP1 already installed!","Windows ME Service Packs (SPs)","freeware","free","https://www.mdgx.com/web.htm","http://www.winprj.net/board/viewtopic.php?t=781","https://www.mdgx.com/spx/MESP2.EXE","label: ME SP2; class from source tag 'free' (entry text); unofficial patch/pack that likely contains Microsoft files: the free tag does not settle redistribution rights"
"mdgx-web","OLD Unofficial Windows ME Service Pack 1 (SP1) 2.02 Beta 9","","ME","","Windows ME Service Packs (SPs)","freeware","free","https://www.mdgx.com/web.htm","http://www.msfn.org/board/index.php?showtopic=61407","https://www.mdgx.com/spx/MESP1.EXE","label: OLD ME SP1; class from source tag 'free' (entry text)"
"mdgx-web","Unofficial Windows 98/98 SP1/98 SE/ME Scanners, Fax + Digital Cameras TWAIN.DLL 1.7.0.0, TWAIN_32.DLL 1.7.1.1, TWUNK_16.EXE 1.7.0.0 + TWUNK_32.EXE 1.7.1.0 Update","","98/98 SP1/98 SE/ME","","Windows ME Updates + Fixes","commercial","unofficial patch of Microsoft files","","http://en.wikipedia.org/wiki/TWAIN","https://www.mdgx.com/files/TWAIN9X.EXE","unofficial fix repackaging Microsoft system files; class from memory; also listed under: Windows 98 SE Updates + Fixes; also listed under: WINDOWS 98 ESSENTIAL FREE UPGRADES + FIXES"
"mdgx-web","Unofficial Windows ME 256 Colors Tray Icon + Warning HOTPLUG.DLL + SYSTRAY.EXE 4.90.3003 Fix","","ME","","Windows ME Updates + Fixes","commercial","unofficial patch of Microsoft files","","http://www.dr-hoiby.com/TrayIconIn256Color/","https://www.mdgx.com/files/SYSPLGME.EXE","unofficial fix repackaging Microsoft system files; class from memory"
"mdgx-web","Unofficial USB 2.0 WDM Drivers USBCCGP.SYS 5.1.2600.5512, USBEHCI.SYS 5.0.2195.6882, USBHUB20.SYS 4.90.3000.11, USBPORT.SYS 5.0.2195.5652, USBSTOR.SYS 5.0.2195.6773 + WDMSTUB.SYS 5.0.0.6","","98 SE/ME","","Windows ME Updates + Fixes","commercial","unofficial patch of Microsoft files","","http://www.msfn.org/board/index.php?showtopic=91336","https://www.mdgx.com/files/USB20DRV.EXE","unofficial fix repackaging Microsoft system files; class from memory; also listed under: Windows 98 SE Updates + Fixes"
"mdgx-web","Unofficial Windows ME > 2 GB DVD size CDFS.VXD 4.90.3002 Fix","","ME","","Windows ME Updates + Fixes","freeware","freeware","https://www.mdgx.com/web.htm","http://rloew.x10hosting.com/prerel.htm","https://www.mdgx.com/files/CDFSME.EXE","class from source tag 'freeware' (entry text); unofficial patch/pack that likely contains Microsoft files: the free tag does not settle redistribution rights"
"mdgx-web","Microsoft Windows ME Hibernate With More Than 192 MB RAM VMM.VXD 4.90.3003 Fix","","ME","","Windows ME Updates + Fixes","commercial","Microsoft (proprietary)","","https://web.archive.org/web/20050208131847/http://support.microsoft.com/?kbid=296773","https://www.mdgx.com/files/ME296773.EXE","Microsoft component; class from memory"
"mdgx-web","Microsoft Windows ME Multicast Packets With TTL=0 TCP/IP Errors TCPIP.SYS 4.90.3004, NDIS.VXD 4.90.3001 + PPPMAC.VXD 4.90.3002 Fix","","ME","","Windows ME Updates + Fixes","commercial","Microsoft (proprietary)","","http://support.microsoft.com/help/301453","https://www.mdgx.com/files/ME301453.EXE","Microsoft component; class from memory"
"mdgx-web","Unofficial Windows ME Control Panel Applets Lockups CONTROL.EXE 4.90.3001 Fix","","ME","","Windows ME Updates + Fixes","commercial","unofficial patch of Microsoft files","","","https://www.mdgx.com/files/CNTROLME.EXE","unofficial fix repackaging Microsoft system files; class from memory"
"mdgx-web","Unofficial Windows 95/OSR1/OSR2/98/98 SP1/98 SE/NT4/ME TZ Environment Variable Errors MSVCRT.DLL 6.1.9848.0 Fix","","95/OSR1/OSR2/98/98 SP1/98 SE/NT4/ME","","Windows ME Updates + Fixes","commercial","unofficial patch of Microsoft files","","http://support.microsoft.com/help/932590","https://www.mdgx.com/files/Q932590.EXE","unofficial fix repackaging Microsoft system files; class from memory; also listed under: Windows 98 SE Updates + Fixes; also listed under: Windows 95 Updates + Fixes"
"mdgx-web","Unofficial Windows ME File Manager GPF WINFILE.EXE 4.90.3001 Fix","","ME","","Windows ME Updates + Fixes","commercial","unofficial patch of Microsoft files","","http://support.microsoft.com/help/267375","https://www.mdgx.com/files/WINFILME.EXE","unofficial fix repackaging Microsoft system files; class from memory"
"mdgx-web","OLD 2005 DOS Help System, Windows 95/98/ME Install EXE","","95/98/ME","","Windows ME Updates + Fixes","unknown","","","https://www.mdgx.com/add.htm#INF","https://www.mdgx.com/files/HELPHLP.EXE","also listed under: Windows 98 SE Updates + Fixes; also listed under: Windows 95 Updates + Fixes"
"mdgx-web","Unofficial Windows 98/98 SP1/98 SE/ME SETUPAPI.DLL 5.1.2600.2180 Update","","98/98 SP1/98 SE/ME","","Windows ME Updates + Fixes","commercial","unofficial patch of Microsoft files","","","https://www.mdgx.com/files/SETUPAPI.EXE","unofficial fix repackaging Microsoft system files; class from memory"
"mdgx-web","Unofficial Windows ME Explorer Lockups With Internet Explorer 5.xx/6.xx SHELL32.DLL 5.50.4134.120 Fix","","ME","","Windows ME Updates + Fixes","commercial","unofficial patch of Microsoft files","","http://www.msfn.org/board/index.php?showtopic=84451","https://www.mdgx.com/files/SHELLME.EXE","unofficial fix repackaging Microsoft system files; class from memory"
"mdgx-web","Unofficial Windows 98/98 SP1/98 SE/ME SNMP Memory Corruption SNMPAPI.DLL 5.0.2195.6811 + SNMP.EXE 5.0.2195.7112 Security Vulnerability Fix","","98/98 SP1/98 SE/ME","","Windows ME Updates + Fixes","commercial","unofficial patch of Microsoft files","","http://technet.microsoft.com/library/security/ms06-074.aspx","https://www.mdgx.com/files/Q926247.EXE","unofficial fix repackaging Microsoft system files; class from memory; also listed under: Windows 98 SE Updates + Fixes"
"mdgx-web","Unofficial Windows 95/98/ME SERVICES Update","","95/98/ME","","Windows ME Updates + Fixes","commercial","unofficial patch of Microsoft files","","http://www.faqs.org/rfcs/rfc1060.html","https://www.mdgx.com/files/SERVIC9X.EXE","unofficial fix repackaging Microsoft system files; class from memory; also listed under: Windows 98 SE Updates + Fixes; also listed under: Windows 95 Updates + Fixes"
"mdgx-web","Unofficial Windows 98/98 SP1/98 SE/ME HTML Help Expired Security Certificate RUNHELP.CAB + HTMLHELP.HTM Fix","","98/98 SP1/98 SE/ME","","Windows ME Updates + Fixes","commercial","unofficial patch of Microsoft files","","","https://www.mdgx.com/files/RUNHELP.EXE","unofficial fix repackaging Microsoft system files; class from memory; also listed under: Windows 98 SE Updates + Fixes"
"mdgx-web","Unofficial Windows ME 2-4 GB Files Errors KERNEL32.DLL 4.90.3001 Fix","","ME","","Windows ME Updates + Fixes","commercial","unofficial patch of Microsoft files","","http://support.microsoft.com/help/318293","https://www.mdgx.com/files/C2GBME.EXE","unofficial fix repackaging Microsoft system files; class from memory"
"mdgx-web","Unofficial Windows 98/98 SP1/98 SE/NT4 SP6a/ME Hyperlink Object HLINK.DLL 5.2.3790.2748 Security Vulnerability Fix","","98/98 SP1/98 SE/NT4 SP6a/ME","","Windows ME Updates + Fixes","commercial","unofficial patch of Microsoft files","","http://technet.microsoft.com/library/security/ms06-050.aspx","https://www.mdgx.com/files/Q920670.EXE","unofficial fix repackaging Microsoft system files; class from memory; also listed under: Windows 98 SE Updates + Fixes"
"mdgx-web","Unofficial Windows ME WEBVW.DLL 5.50.4134.7069 Security Vulnerability Fix","","ME","","Windows ME Updates + Fixes","commercial","unofficial patch of Microsoft files","","http://technet.microsoft.com/library/security/ms05-049.aspx","https://www.mdgx.com/files/ME900725.EXE","unofficial fix repackaging Microsoft system files; class from memory"
"mdgx-web","Unofficial Windows ME 48-bit LBA (Logical Block Addressing) > 137 GB (E)IDE/ATAPI Hard Disk Driver ESDI_506.PDR 4.90.3000 Fix","","ME","","Windows ME Updates + Fixes","commercial","unofficial patch of Microsoft files","","http://www.msfn.org/board/index.php?showtopic=78592","https://www.mdgx.com/files/ME48BLBA.EXE","unofficial fix repackaging Microsoft system files; class from memory"
"mdgx-web","Windows ME Graphics Rendering Engine (GRE) Windows MetaFile (WMF) Security Vulnerability Fixes","","ME","","Windows ME Updates + Fixes","commercial","Microsoft (proprietary)","","http://technet.microsoft.com/library/security/ms06-026.aspx","http://download.windowsupdate.com/msdownload/update/v3-19990518/cabpool/WindowsME-KB918547-ENU_346d1c5b14e4c033781cc9630fd4a9a.exe","Microsoft component; class from memory"
"mdgx-web","Unofficial Windows ME GDI32.DLL + GDI.EXE 4.90.3003 Fix","","ME","","Windows ME Updates + Fixes","commercial","Microsoft (proprietary)","","https://www.mdgx.com/files/918547.php","https://www.mdgx.com/files/ME918547.EXE","label: ME918547; Microsoft component; class from memory"
"mdgx-web","Unofficial Windows 98/98 SP1/98 SE/NT4+SP6a/ME Embedded Web Fonts T2EMBED.DLL 5.00.2195.7348 Security Vulnerability Fix","","98/98 SP1/98 SE/NT4+SP6a/ME","Requires MS IE 5.5 SP2 or newer already installed!","Windows ME Updates + Fixes","commercial","unofficial patch of Microsoft files","","http://technet.microsoft.com/library/security/ms10-001.aspx","https://www.mdgx.com/files/Q972270.EXE","unofficial fix repackaging Microsoft system files; class from memory; also listed under: Windows 98 SE Updates + Fixes"
"mdgx-web","Unofficial Windows ME Graphics Rendering Engine (GRE) Windows MetaFile (WMF) GDI32.DLL + GDI.EXE 4.90.3002 Security Vulnerability Fix","","ME","","Windows ME Updates + Fixes","freeware","freeware","https://www.mdgx.com/web.htm","http://technet.microsoft.com/library/security/ms06-001.aspx","https://www.mdgx.com/files/ME912919.EXE","class from source tag 'freeware' (entry text); unofficial patch/pack that likely contains Microsoft files: the free tag does not settle redistribution rights"
"mdgx-web","Unofficial Windows ME Intel CPU Microcode UPDATE.SYS 4.90.3001 Fix","","ME","","Windows ME Updates + Fixes","commercial","unofficial patch of Microsoft files","","http://www.msfn.org/board/index.php?showtopic=44388","https://www.mdgx.com/files/MEUPDSYS.EXE","unofficial fix repackaging Microsoft system files; class from memory"
"mdgx-web","Windows ME Cursor + Icon Handling Security Vulnerability Fixes","","ME","","Windows ME Updates + Fixes","commercial","Microsoft (proprietary)","","http://technet.microsoft.com/library/security/ms05-002.aspx","http://download.windowsupdate.com/msdownload/update/v3-19990518/cabpool/WindowsME-KB891711-v2-ENU_71c3336e6d7630cff2739a9d05d2eed.EXE","Microsoft component; class from memory"
"mdgx-web","Unofficial Windows 95/98/ME Q891711.DLL 4.10.2223 + KB891711.EXE 4.10.2227 Fix","","95/98/ME","","Windows ME Updates + Fixes","commercial","Microsoft (proprietary)","","https://www.mdgx.com/files/U891711.TXT","https://www.mdgx.com/files/U891711.EXE","label: U891711; Microsoft component; class from memory; also listed under: Windows 98 SE Updates + Fixes"
"mdgx-web","Microsoft Windows ME IntelliPoint Mouse Driver VMOUSE.VXD 4.90.3003 Fix","","ME","","Windows ME Updates + Fixes","commercial","Microsoft (proprietary)","","","https://www.mdgx.com/files/ME318307.EXE","Microsoft component; class from memory"
"mdgx-web","Microsoft Windows ME Not Enough DirectSound Buffer Allocation KMIXER.SYS 4.90.3002, PORTCLS.SYS 4.90.3001 + SYSAUDIO.SYS 4.90.3001 Fix","","ME","","Windows ME Updates + Fixes","commercial","Microsoft (proprietary)","","http://support.microsoft.com/help/316638","https://www.mdgx.com/files/Q316638.EXE","Microsoft component; class from memory"
"mdgx-web","Microsoft Windows ME ForeHelp Performance Issue FILELIST.XML Fix","","ME","","Windows ME Updates + Fixes","commercial","Microsoft (proprietary)","","http://support.microsoft.com/help/297958","https://www.mdgx.com/files/ME297958.EXE","Microsoft component; class from memory"
"mdgx-web","Microsoft Windows ME Computer Hangs During Registration MSOBSHEL.HTM, DIALMGR.JS + MIGRATE.JS Fix","","ME","","Windows ME Updates + Fixes","commercial","Microsoft (proprietary)","","http://support.microsoft.com/help/297527","https://www.mdgx.com/files/ME297527.EXE","Microsoft component; class from memory"
"mdgx-web","Microsoft Windows ME ACPI Computer Restarts Automatically from Hibernation ACPI.SYS 4.90.3003 Fix","","ME","","Windows ME Updates + Fixes","commercial","Microsoft (proprietary)","","http://support.microsoft.com/help/296883","https://www.mdgx.com/files/ME296883.EXE","Microsoft component; class from memory"
"mdgx-web","Microsoft Windows ME Device Button May Not Start Still-Image Capture WIASERVC.DLL 4.90.3002 Fix","","ME","","Windows ME Updates + Fixes","commercial","Microsoft (proprietary)","","http://support.microsoft.com/help/291236","https://www.mdgx.com/files/ME291236.EXE","Microsoft component; class from memory"
"mdgx-web","Microsoft Windows ME USB Floppy Drive Missing SYSTEM.DRV 4.90.3001 Fix","","ME","","Windows ME Updates + Fixes","commercial","Microsoft (proprietary)","","http://support.microsoft.com/help/288800","https://www.mdgx.com/files/ME288800.EXE","Microsoft component; class from memory"
"mdgx-web","Microsoft Windows ME IEEE 1394 (FireWire) Audio/Video Control Device Stops Working OHCI1394.SYS 4.90.3004 Fix","","ME","","Windows ME Updates + Fixes","commercial","Microsoft (proprietary)","","http://support.microsoft.com/help/284837","https://www.mdgx.com/files/ME284837.EXE","Microsoft component; class from memory"
"mdgx-web","Microsoft Windows ME Net-Class Drivers Not Updated NETDI.DLL 4.90.3001 Fix","","ME","","Windows ME Updates + Fixes","commercial","Microsoft (proprietary)","","http://support.microsoft.com/help/281190","https://www.mdgx.com/files/ME281190.EXE","Microsoft component; class from memory"
"mdgx-web","Microsoft Windows ME PCMCIA Adapter Code 10 Device Manager Error PCI.VXD 4.90.3004 Fix","","ME","","Windows ME Updates + Fixes","commercial","Microsoft (proprietary)","","http://support.microsoft.com/help/276602","https://www.mdgx.com/files/ME276602.EXE","Microsoft component; class from memory"
"mdgx-web","Microsoft Windows ME Standby Hang With Multiple MS-DOS Prompt Sessions PCI.VXD 4.90.3003 Fix","","ME","","Windows ME Updates + Fixes","commercial","Microsoft (proprietary)","","http://support.microsoft.com/help/285882","https://www.mdgx.com/files/ME285882.EXE","Microsoft component; class from memory"
"mdgx-web","Microsoft Windows ME Programs Cannot Open More Than 120 Files Simultaneously DOSMGR.VXD 4.90.3001 Fix","","ME","","Windows ME Updates + Fixes","commercial","Microsoft (proprietary)","","http://support.microsoft.com/help/274594","https://www.mdgx.com/files/ME274594.EXE","Microsoft component; class from memory"
"mdgx-web","Microsoft Windows ME Computer Hangs With Removable Disk DISKVSD.VXD 4.90.3001 Fix","","ME","","Windows ME Updates + Fixes","commercial","Microsoft (proprietary)","","https://web.archive.org/web/20010712011146/http://support.microsoft.com/support/kb/articles/q271/2/77.asp","https://www.mdgx.com/files/ME271277.EXE","Microsoft component; class from memory"
"mdgx-web","Microsoft Windows ME Drive A Missing After Docking HSFLOP.PDR 4.90.3001 Fix","","ME","","Windows ME Updates + Fixes","commercial","Microsoft (proprietary)","","http://support.microsoft.com/help/271233","https://www.mdgx.com/files/ME271233.EXE","Microsoft component; class from memory"
"mdgx-web","Microsoft Windows ME Large Document Printing to USB Printer Error USBMON.DLL 4.90.3001 Fix","","ME","","Windows ME Updates + Fixes","commercial","Microsoft (proprietary)","","http://support.microsoft.com/help/270615","https://www.mdgx.com/files/ME270615.EXE","Microsoft component; class from memory"
"mdgx-web","Microsoft Windows ME DEFRAG.EXE Exception 03h Error with McAfee Anti-Virus Fix","","ME","","Windows ME Updates + Fixes","commercial","Microsoft (proprietary)","","http://support.microsoft.com/help/275003","https://web.archive.org/web/20070311105216/http://download.nai.com/products/retail/english/cmapifix/cmapifix.exe","Microsoft component; class from memory"
"mdgx-web","Microsoft Windows ME Help + Support Tool Error MARSCORE.DLL 4.90.3001 Fix","","ME","","Windows ME Updates + Fixes","commercial","Microsoft (proprietary)","","http://support.microsoft.com/help/269244","https://www.mdgx.com/files/ME269244.EXE","Microsoft component; class from memory"
"mdgx-web","Microsoft Windows ME Hard Disk Spindown Request Error VPOWERD.VXD 4.90.3007 Fix","","ME","","Windows ME Updates + Fixes","commercial","Microsoft (proprietary)","","http://support.microsoft.com/help/321635","https://www.mdgx.com/files/ME321635.EXE","Microsoft component; class from memory"
"mdgx-web","Microsoft Windows ME ACPI Button NTKERN.VXD 4.90.3005 + VPOWERD.VXD 4.90.3006 Fix","","ME","","Windows ME Updates + Fixes","commercial","Microsoft (proprietary)","","http://support.microsoft.com/help/305826","https://www.mdgx.com/files/ME305826.EXE","Microsoft component; class from memory"
"mdgx-web","Microsoft Windows ME IEEE 1394 (FireWire) Storage Device Error SBP2PORT.SYS 4.90.3002 Fix","","ME","","Windows ME Updates + Fixes","commercial","Microsoft (proprietary)","","http://support.microsoft.com/help/311430","https://www.mdgx.com/files/ME311430.EXE","Microsoft component; class from memory"
"mdgx-web","Microsoft Windows ME Infrared Fax Modem Install Error IRENUM.VXD 4.90.3001 Fix","","ME","","Windows ME Updates + Fixes","commercial","Microsoft (proprietary)","","http://support.microsoft.com/help/309081","https://www.mdgx.com/files/ME309081.EXE","Microsoft component; class from memory"
"mdgx-web","Microsoft Windows ME Control Panel Sounds + Multimedia Tool Errors MMSYS.CPL 4.90.3001 Fix","","ME","","Windows ME Updates + Fixes","commercial","Microsoft (proprietary)","","http://support.microsoft.com/help/307908","https://www.mdgx.com/files/ME307908.EXE","Microsoft component; class from memory"
"mdgx-web","Microsoft Windows ME Computer Hangs With IEEE 1394 (FireWire) DVD + USB Drives CDVSD.VXD 4.90.3003 Fix","","ME","","Windows ME Updates + Fixes","commercial","Microsoft (proprietary)","","https://web.archive.org/web/20041113063902/http://support.microsoft.com/?kbid=304708","https://www.mdgx.com/files/ME304708.EXE","Microsoft component; class from memory"
"mdgx-web","Microsoft Windows ME CD-ROM Mofcomp Tool Error MOFD.DLL 1.50.1164.9 Fix","","ME","","Windows ME Updates + Fixes","commercial","Microsoft (proprietary)","","http://support.microsoft.com/help/304082","https://www.mdgx.com/files/ME304082.EXE","Microsoft component; class from memory"
"mdgx-web","Microsoft Windows ME Locked Drive CreateFile Error IFSMGR.VXD 4.90.3003 Fix","","ME","","Windows ME Updates + Fixes","commercial","Microsoft (proprietary)","","http://support.microsoft.com/help/301540","https://www.mdgx.com/files/ME301540.EXE","Microsoft component; class from memory"
"mdgx-web","Microsoft Windows ME ACPI Power + Sleep Buttons Errors VKD.VXD 4.90.3001 Fix","","ME","","Windows ME Updates + Fixes","commercial","Microsoft (proprietary)","","http://support.microsoft.com/help/300889","https://www.mdgx.com/files/ME300889.EXE","Microsoft component; class from memory"
"mdgx-web","Microsoft Windows ME CardBus Adapter Error PCCARD.VXD 4.90.3002 Fix","","ME","","Windows ME Updates + Fixes","commercial","Microsoft (proprietary)","","http://support.microsoft.com/help/300568","https://www.mdgx.com/files/ME300568.EXE","Microsoft component; class from memory"
"mdgx-web","Microsoft Windows ME ICM Display Color Matching GDI32.DLL + GDI.EXE 4.90.3001 Fix","","ME","","Windows ME Updates + Fixes","commercial","Microsoft (proprietary)","","http://support.microsoft.com/help/289635","https://www.mdgx.com/files/ME289635.EXE","Microsoft component; class from memory"
"mdgx-web","Microsoft Windows ME MPEG2 Over IEEE 1394 (FireWire) Bus 61883.SYS 4.90.3003 Update","","ME","","Windows ME Updates + Fixes","commercial","Microsoft (proprietary)","","http://support.microsoft.com/help/285118","https://www.mdgx.com/files/ME285118.EXE","Microsoft component; class from memory"
"mdgx-web","Microsoft Windows ME IEEE 1394 (FireWire) Digital Video Camcorders 61883.SYS, ARP1394.SYS + OHCI1394.SYS 4.90.3001 Fix","","ME","","Windows ME Updates + Fixes","commercial","Microsoft (proprietary)","","http://support.microsoft.com/help/252185","https://www.mdgx.com/files/Q252185.EXE","Microsoft component; class from memory"
"mdgx-web","Microsoft Windows ME 1394 Host Controller Driver Error 1394BUS.SYS 4.90.3001 + OHCI1394.SYS 4.90.3003 Fix","","ME","","Windows ME Updates + Fixes","commercial","Microsoft (proprietary)","","http://support.microsoft.com/help/252183","https://www.mdgx.com/files/Q252183.EXE","Microsoft component; class from memory"
"mdgx-web","Microsoft Windows ME Memory Leak ATMUNI.SYS 4.90.3001 Fix","","ME","","Windows ME Updates + Fixes","commercial","Microsoft (proprietary)","","http://support.microsoft.com/help/278368","https://www.mdgx.com/files/ME278368.EXE","Microsoft component; class from memory"
"mdgx-web","Microsoft Windows ME HIDSERV Suspend Error With IBM Rapid Access III Keyboard HIDSERV.EXE 4.90.3002 Fix","","ME","","Windows ME Updates + Fixes","commercial","Microsoft (proprietary)","","http://support.microsoft.com/help/277784","https://www.mdgx.com/files/ME277784.EXE","Microsoft component; class from memory"
"mdgx-web","Microsoft Windows ME Multiple-Function CardBus Adapters Errors CONFIGMG.VXD 4.90.3001 Fix","","ME","","Windows ME Updates + Fixes","commercial","Microsoft (proprietary)","","http://support.microsoft.com/help/268452","https://www.mdgx.com/files/ME268452.EXE","Microsoft component; class from memory"
"mdgx-web","Microsoft Windows ME Intel Pentium 4 CPU Incorrectly Identified by Direct3D D3DIM700.DLL 4.7.0.723 Fix","","ME","","Windows ME Updates + Fixes","commercial","Microsoft (proprietary)","","http://support.microsoft.com/help/268356","https://www.mdgx.com/files/ME268356.EXE","Microsoft component; class from memory"
"mdgx-web","Microsoft Windows ME CardBus Texas Instruments Card Controllers CBSS.VXD 4.90.3003 Fix","","ME","","Windows ME Updates + Fixes","commercial","Microsoft (proprietary)","","http://support.microsoft.com/help/295629","https://www.mdgx.com/files/ME295629.EXE","Microsoft component; class from memory"
"mdgx-web","Microsoft Windows ME PPP Over ATM PPPATM.SYS 4.90.3001 Fix","","ME","","Windows ME Updates + Fixes","commercial","Microsoft (proprietary)","","http://support.microsoft.com/help/271701","https://www.mdgx.com/files/ME271701.EXE","Microsoft component; class from memory"
"mdgx-web","Microsoft Windows ME Help and Support Center HCUPDATE.EXE, HELPCTR.EXE + PCHSETUP.EXE Fix","","ME","","Windows ME Updates + Fixes","commercial","Microsoft (proprietary)","","http://support.microsoft.com/help/299014","https://www.mdgx.com/files/Q299014.EXE","Microsoft component; class from memory"
"mdgx-web","Microsoft Windows ME Help and Support Center Flaw HELPCTR.EXE Security Vulnerability Fix","","ME","","Windows ME Updates + Fixes","commercial","Microsoft (proprietary)","","http://technet.microsoft.com/library/security/ms03-006.aspx","http://download.windowsupdate.com/msdownload/update/v3-19990518/cabpool/812709_3FE395B778B7C8704A0DE247305222EB07ED386A.EXE","Microsoft component; class from memory"
"mdgx-web","Microsoft Windows ME ZIP Folders DUNZIP32.DLL 3.00.17, DZIP32.DLL 3.00.17 + ZIPFLDR.DLL 5.50.4921.1000 Security Vulnerability Fix","","ME","","Windows ME Updates + Fixes","commercial","Microsoft (proprietary)","","http://technet.microsoft.com/library/security/ms02-054.aspx","http://download.windowsupdate.com/msdownload/update/v3-19990518/CabPool/329048_3E84647A527E386B05A78DD79AF876BFCFC147E1.EXE","Microsoft component; class from memory"
"mdgx-web","Microsoft Windows ME SSL Certificate Flaw Identity Spoofing CRYPT32.DLL + CRYPTDLG.DLL Security Vulnerability Fix","","ME","","Windows ME Updates + Fixes","commercial","Microsoft (proprietary)","","http://technet.microsoft.com/library/security/ms02-050.aspx","http://download.windowsupdate.com/msdownload/update/v3-19990518/CabPool/329115_ME_7B77D4AB183D2DF9F5306C17F13C959C2380DB44.EXE","Microsoft component; class from memory"
"mdgx-web","Microsoft Windows ME Certificate Flaw Deletion XENROLL.DLL Security Vulnerability Fix","","ME","","Windows ME Updates + Fixes","commercial","Microsoft (proprietary)","","http://technet.microsoft.com/library/security/ms02-048.aspx","http://download.microsoft.com/download/WINME/PATCH/24421/WINME/EN-US/323172USAM.EXE","Microsoft component; class from memory"
"mdgx-web","Microsoft Windows ME Audio Mixer Volume + Incorrect Battery Charge Icon SYSTRAY.EXE 4.90.3002 Fix","","ME","","Windows ME Updates + Fixes","commercial","Microsoft (proprietary)","","http://support.microsoft.com/help/298058","https://www.mdgx.com/files/ME298058.EXE","Microsoft component; class from memory"
"mdgx-web","Microsoft Windows ME Volume Settings Error WDMAUD.SYS 4.90.3003 Fix","","ME","","Windows ME Updates + Fixes","commercial","Microsoft (proprietary)","","http://support.microsoft.com/help/316795","https://www.mdgx.com/files/ME316795.EXE","Microsoft component; class from memory"
"mdgx-web","Microsoft Windows ME WDM + USB Audio KMIXER.SYS, RT.SYS, USBAUDIO.SYS + WDMAUD.SYS 4.90.3001 Fixes","","ME","","Windows ME Updates + Fixes","commercial","Microsoft (proprietary)","","https://web.archive.org/web/20050323050137/http://support.microsoft.com/help/280127","https://www.mdgx.com/files/ME280127.EXE","Microsoft component; class from memory"
"mdgx-web","Microsoft Windows ME + ICS UPnP Unchecked Buffer System Compromise SSDPAPI.DLL, UPNP.DLL + SSDPSRV.EXE 4.90.3003 Security Vulnerability Fix","","ME","","Windows ME Updates + Fixes","commercial","Microsoft (proprietary)","","http://technet.microsoft.com/library/security/ms01-059.aspx","http://download.microsoft.com/download/winme/Update/22940/WinMe/EN-US/314757USAM.EXE","Microsoft component; class from memory"
"mdgx-web","Microsoft Windows ME MS-DOS Hard Disk Errors IO.SYS Fix","","ME","","Windows ME Updates + Fixes","commercial","Microsoft (proprietary)","","http://support.microsoft.com/help/311561","http://download.microsoft.com/download/WinME/Patch/22527/WinME/EN-US/311561USAM.EXE","Microsoft component; class from memory"
"mdgx-web","Microsoft Windows ME DVD Player UDF.VXD 4.90.3001 Fix","","ME","","Windows ME Updates + Fixes","commercial","Microsoft (proprietary)","","https://web.archive.org/web/20050311151147/http://support.microsoft.com/help/310695","http://download.microsoft.com/download/WinMe/Update/22366/WinME/EN-US/310695USAM.EXE","Microsoft component; class from memory"
"mdgx-web","Microsoft Windows ME ATA Flash Card Standby Error IOS.VXD 4.90.3004 Fix","","ME","","Windows ME Updates + Fixes","commercial","Microsoft (proprietary)","","http://support.microsoft.com/help/308236","https://www.mdgx.com/files/Q308236.EXE","Microsoft component; class from memory"
"mdgx-web","Microsoft Windows ME PnP Serial Device Error SERENUM.VXD 4.90.3002 Fix","","ME","","Windows ME Updates + Fixes","commercial","Microsoft (proprietary)","","http://support.microsoft.com/help/297125","http://www.txsystems.com/downloads/meupdate.zip","Microsoft component; class from memory"
"mdgx-web","Microsoft Windows ME Erratic Mouse Pointer Movement USER32.DLL + USER.EXE 4.90.3001 Fix","","ME","","Windows ME Updates + Fixes","commercial","Microsoft (proprietary)","","http://support.microsoft.com/help/267139","https://www.mdgx.com/files/ME280800.EXE","Microsoft component; class from memory"
"mdgx-web","Microsoft Windows ME Remote Network Share GetDiskFreeSpaceEx Errors VREDIR.VXD 4.90.3007 Fix","","ME","","Windows ME Updates + Fixes","commercial","Microsoft (proprietary)","","http://support.microsoft.com/help/314417","https://www.mdgx.com/files/ME314417.EXE","Microsoft component; class from memory"
"mdgx-web","Microsoft Windows ME System Restore Checkpoint SMGR.DLL Fix","","ME","","Windows ME Updates + Fixes","commercial","Microsoft (proprietary)","","http://support.microsoft.com/help/290700","http://download.microsoft.com/download/winme/update/16372/winme/en-us/290700usam.exe","Microsoft component; class from memory"
"mdgx-web","Microsoft Windows ME Sockets Error IPHLPAPI.DLL 4.90.3001 Fix","","ME","","Windows ME Updates + Fixes","commercial","Microsoft (proprietary)","","http://support.microsoft.com/help/279866","http://download.microsoft.com/download/winme/Update/13195/WinMe/EN-US/279866USAM.EXE","Microsoft component; class from memory"
"mdgx-web","Microsoft Windows ME Unable to Install USB Device USBHUB.SYS 4.90.3002 Fix","","ME","","Windows ME Updates + Fixes","commercial","Microsoft (proprietary)","","http://support.microsoft.com/help/278289","https://www.mdgx.com/files/ME278289.EXE","Microsoft component; class from memory"
"mdgx-web","Microsoft Windows ME Dial-Up Connection + VPN Server NETPPTP.SYS 4.90.3001 Fix","","ME","","Windows ME Updates + Fixes","commercial","Microsoft (proprietary)","","http://support.microsoft.com/help/278031","http://download.microsoft.com/download/winme/update/13111/winme/en-us/278031usam.exe","Microsoft component; class from memory"
"mdgx-web","Microsoft Windows ME Access Denied Error VFAT.VXD 4.90.3001 Fix","","ME","","Windows ME Updates + Fixes","commercial","Microsoft (proprietary)","","http://support.microsoft.com/help/277628","https://www.mdgx.com/files/ME277628.EXE","Microsoft component; class from memory"
"mdgx-web","Microsoft Windows ME 8 Levels Deep Folder CD/DVD Copy Error CDFS.VXD 4.90.3001 Fix","","ME","","Windows ME Updates + Fixes","commercial","Microsoft (proprietary)","","http://support.microsoft.com/help/274175","https://www.mdgx.com/files/ME274175.EXE","Microsoft component; class from memory"
"mdgx-web","Microsoft Windows ME Networking Errors VNETBIOS.VXD 4.90.3000 Fix","","ME","","Windows ME Updates + Fixes","commercial","Microsoft (proprietary)","","https://web.archive.org/web/20050206045511/http://support.microsoft.com/?kbid=272991","http://download.microsoft.com/download/winme/update/13387/winme/en-us/272991usam.exe","Microsoft component; class from memory"
"mdgx-web","Microsoft Windows ME Virtual Memory Tab Negative HD Free Size Error SYSDM.CPL 4.90.3001 Fix","","ME","","Windows ME Updates + Fixes","commercial","Microsoft (proprietary)","","http://support.microsoft.com/help/272620","https://www.mdgx.com/files/ME272620.EXE","Microsoft component; class from memory"
"mdgx-web","Microsoft Windows ME HyperTerminal Buffer Overflow HTICONS.DLL, HYPERTRM.DLL + HYPERTRM.EXE Security Vulnerability Fix","","ME","","Windows ME Updates + Fixes","commercial","Microsoft (proprietary)","","http://technet.microsoft.com/library/security/ms00-079.aspx","http://download.microsoft.com/download/winme/Update/12395/WinMe/EN-US/274548USAM.EXE","Microsoft component; class from memory"
"mdgx-web","Microsoft Windows ME Malformed IPX NMPI Packet NWLINK.VXD 4.90.3003 + VSERVER.VXD 4.90.3002 Security Vulnerability Fix","","ME","","Windows ME Updates + Fixes","commercial","Microsoft (proprietary)","","http://technet.microsoft.com/library/security/ms00-073.aspx","http://download.microsoft.com/download/winme/Update/11974/WinMe/EN-US/273727USAM.EXE","Microsoft component; class from memory"
"mdgx-web","Microsoft Windows ME ScanDisk Runs Even If Correct Shutdown + DOS Device in Path Name IFSMGR.VXD 4.90.3002 Fix","","ME","","Windows ME Updates + Fixes","commercial","Microsoft (proprietary)","","http://support.microsoft.com/help/273017","http://download.microsoft.com/download/winme/Update/11956/WinME/EN-US/273017USAM.EXE","Microsoft component; class from memory"
"mdgx-web","Microsoft Windows ME SCSI Miniports Shutdown Error SCSIPORT.PDR 4.90.3001 Fix","","ME","","Windows ME Updates + Fixes","commercial","Microsoft (proprietary)","","http://support.microsoft.com/help/290831","https://www.mdgx.com/files/ME290831.EXE","Microsoft component; class from memory"
"mdgx-web","Microsoft Windows ME WebTV Denial of Service ANNCLIST.EXE Security Vulnerability Fix","","ME","","Windows ME Updates + Fixes","commercial","Microsoft (proprietary)","","http://technet.microsoft.com/library/security/ms00-074.aspx","http://download.microsoft.com/download/winme/Update/12278/WinMe/EN-US/274113USAM.EXE","Microsoft component; class from memory"
"mdgx-web","Microsoft Windows ME MS-DOS Prompt International Keyboard Errors MSCONFIG.EXE 4.90.3001 Fix","","ME","","Windows ME Updates + Fixes","commercial","Microsoft (proprietary)","","http://support.microsoft.com/help/272719","https://www.mdgx.com/files/Q272719.EXE","Microsoft component; class from memory"
"mdgx-web","Microsoft Windows ME AOL + WDM/USB Modems CCPORT.SYS Fix","","ME","","Windows ME Updates + Fixes","commercial","Microsoft (proprietary)","","http://support.microsoft.com/help/272016","http://download.microsoft.com/download/winme/Update/11698/WinMe/EN-US/272016USAM.EXE","Microsoft component; class from memory"
"mdgx-web","Microsoft Windows ME OEM MSHDC.INF Not Digitally Signed OPKFIX.CAT Fix","","ME","","Windows ME Updates + Fixes","commercial","Microsoft (proprietary)","","http://support.microsoft.com/help/271434","http://download.microsoft.com/download/whistler/Install/20.0/W982KMeXP/EN-US/271434USA9.EXE","Microsoft component; class from memory"
"mdgx-web","Microsoft Windows ME Movie Maker Supported Video Devices MOVIEMK.EXE 1.0.1377.0 Fix","","ME","","Windows ME Updates + Fixes","commercial","Microsoft (proprietary)","","http://support.microsoft.com/help/262806","http://download.windowsupdate.com/msdownload/update/v3-19990518/cabpool/287564_C357B6006425BFFD54868CA64F1A975D567C1451.EXE","Microsoft component; class from memory"
"mdgx-web","Unofficial Windows ME Boot Disk Maker","1.2","ME","","Windows ME Updates + Fixes","unknown","","","","ftp://ftp.seu.edu.cn/Pub/System/OS/WinMe/WinMeBootDiskMaker/me_bootdisk_setup.exe",""
"mdgx-web","Unofficial Windows ME System Restore Remover Pro (SRP)","1.5","ME","","Windows ME Updates + Fixes","unknown","","","http://www.majorgeeks.com/download516.html","https://www.mdgx.com/files/SRP11.EXE",""
"mdgx-web","Unofficial Windows ME System Editor (SysEdit)","1.5","ME","","Windows ME Updates + Fixes","unknown","","","","https://www.mdgx.com/files/SYSEDME.ZIP",""
"mdgx-web","Microsoft Windows 98, 98 SP1 + 98 SE Updates","","98","","WINDOWS 98 SECOND EDITION (SE) ESSENTIAL FREE UPGRADES + FIXES","commercial","Microsoft (proprietary)","","http://windowsupdate.microsoft.com/","","Microsoft component; class from memory"
"mdgx-web","Unofficial Windows 98/98 SP1/98 SE Big Open Box COMDLG32.DLL Dialog Resize Patch","","98/98 SP1/98 SE","","WINDOWS 98 SECOND EDITION (SE) ESSENTIAL FREE UPGRADES + FIXES","freeware","freeware","https://www.mdgx.com/web.htm","http://www.htasoft.com/bigopenbox.htm","","class from source tag 'freeware' (entry text); unofficial patch/pack that likely contains Microsoft files: the free tag does not settle redistribution rights"
"mdgx-web","Unofficial Windows 98 SE Service Pack 3 (SP3)","","98 SE","","Windows 98 SE Service Pack 3 (SP3)","freeware","free","https://www.mdgx.com/web.htm","http://www.htasoft.com/u98sesp/","http://www.techtalk.cc/download/U98SESP3.66.EXE","label: 98 SE SP3; class from source tag 'free' (entry text); unofficial patch/pack that likely contains Microsoft files: the free tag does not settle redistribution rights"
"mdgx-web","Unofficial Windows 98 SE Upgrade Pack (WUPG) Dozen Afterlife Edition November 2010","","98 SE","KernelEx (mentioned)","Windows 98 SE Unofficial Updates + Fixes","freeware","free","https://www.mdgx.com/web.htm","http://www.w98upg.net.tf/","https://www.mdgx.com/spx/WUPG98.EXE","label: 98 SE WUPG; class from source tag 'free' (entry text)"
"mdgx-web","Unofficial Windows 98 SE Live CD (98LIVECD)","","98 SE","Requires: Build Floppy Image (BFI) tool (freeware). | KernelEx (mentioned)","Windows 98 SE Unofficial Updates + Fixes","freeware","multilanguage, free","https://www.mdgx.com/web.htm","http://www.msfn.org/board/index.php?showtopic=140391","https://www.mdgx.com/spx/98LIVECD.ZIP","label: 98 Live CD; class from source tag 'multilanguage, free' (entry text)"
"mdgx-web","OLD Unofficial Windows 98 SE Auto-Patcher","2.60","98 SE","Auto-Patcher December 2008 Upgrade requires Auto-Patcher December 2007 Full already installed!","Windows 98 SE Unofficial Updates + Fixes","freeware","English, free","https://www.mdgx.com/web.htm","http://www.msfn.org/board/index.php?showtopic=80800","https://www.mdgx.com/spx/AP2007.EXE","label: OLD Auto-Patcher; class from source tag 'English, free' (entry text); source marks it discontinued"
"mdgx-web","OLD Unofficial Windows 98/98 SP1/98 SE/ME Power Pack (W9xPP) 5.01","","98/98 SP1/98 SE/ME","KernelEx (mentioned)","Windows 98 SE Unofficial Updates + Fixes","freeware","English, free","https://www.mdgx.com/web.htm","http://www.msfn.org/board/index.php?showtopic=100090","https://www.mdgx.com/spx/W9XPP.ZIP","label: OLD Win9x Power Pack; class from source tag 'English, free' (entry text); source marks it discontinued"
"mdgx-web","OLD Unofficial Windows 98/98 SE/ME Option Pack (OP) 1.01","","98/98 SE/ME","","Windows 98 SE Unofficial Updates + Fixes","freeware","English, free","https://www.mdgx.com/web.htm","https://web.archive.org/web/20071223225208/http://www.msfn.org/board/index.php?showtopic=52318","https://www.mdgx.com/spx/98OP101.EXE","label: OLD Option Pack 98; class from source tag 'English, free' (entry text); source marks it discontinued"
"mdgx-web","Unofficial Windows 98 SE Cumulative Update (MDCU) 3.05","","98 SE","","Windows 98 SE Unofficial Updates + Fixes","freeware","English, free","https://www.mdgx.com/web.htm","http://www.msfn.org/board/index.php?showtopic=89232","https://www.mdgx.com/spx/MDCU.ZIP","label: 98 SE MDCU; class from source tag 'English, free' (entry text); unofficial patch/pack that likely contains Microsoft files: the free tag does not settle redistribution rights"
"mdgx-web","Unofficial Windows 98 SE Native USB Drivers (NUSB) 3.3","","98 SE","","Windows 98 SE Unofficial Updates + Fixes","freeware","free","https://www.mdgx.com/web.htm","http://www.msfn.org/board/index.php?showtopic=43605","https://www.mdgx.com/spx/NUSB.EXE","label: 98 SE NUSB; class from source tag 'free' (entry text)"
"mdgx-web","Unofficial Windows Image Acquisition (WIA) 1.1 Windows ME API","","ME","","Windows 98 SE Unofficial Updates + Fixes","unknown","","","http://www.msfn.org/board/index.php?showtopic=113276","https://www.mdgx.com/spx/WIA11.EXE","label: 98 SE WIA"
"mdgx-web","Unofficial Windows 98 SE Plus! (MDCUPL) 3.1 Windows ME style","","98 SE","","Windows 98 SE Unofficial Updates + Fixes","freeware","English, free","https://www.mdgx.com/web.htm","http://www.msfn.org/board/index.php?showtopic=93452","https://www.mdgx.com/spx/MDCUPL.ZIP","label: 98 SE MDCUPL; class from source tag 'English, free' (entry text)"
"mdgx-web","Unofficial Windows 98/98 SP1/98 SE/ME Kernel Extensions (KernelEx) 4.5.2","","98/98 SP1/98 SE/ME","Requires Microsoft Layer for Unicode (MSLU) UNICOWS.DLL 1.1.3790.0 ! | KernelEx (mentioned)","Windows 98 SE Unofficial Updates + Fixes","open-source","GPL (version not stated by source)","https://www.mdgx.com/web.htm","http://www.msfn.org/board/index.php?showtopic=130936","http://downloads.sourceforge.net/project/kernelex/KernelEx/4.5.2/KernelEx-4.5.2.exe","label: KernelEx; class from source tag 'free GPL, multilingual' (entry text)"
"mdgx-web","Unofficial Killer Replacements: ME → 98 SE","","","","Windows 98 SE Unofficial Updates + Fixes","open-source","free, open source","https://www.mdgx.com/web.htm","https://www.mdgx.com/98-5.htm#KRM9S","https://www.mdgx.com/9s2m/98SE2ME.EXE","label: 98SE2ME; class from source tag 'free, open source' (entry text)"
"mdgx-web","Unofficial Windows 98/98 SP1/98 SE 128-bit SSL Security Service Provider SECUR32.DLL 4.10.2228 Fix","","98/98 SP1/98 SE","Requires Active Directory Services (ADS) Client already installed!","Windows 98 SE Updates + Fixes","freeware","free","https://www.mdgx.com/web.htm","https://www.mdgx.com/add.htm#ADS","https://www.mdgx.com/files/SECUR98.EXE","class from source tag 'free' (entry text); unofficial patch/pack that likely contains Microsoft files: the free tag does not settle redistribution rights; also listed under: WINDOWS 98 ESSENTIAL FREE UPGRADES + FIXES"
"mdgx-web","Unofficial Windows 98 SE 256 Colors Tray Icon + Warning HOTPLUG.DLL + SYSTRAY.EXE 4.10.2225 Fix","","98 SE","","Windows 98 SE Updates + Fixes","commercial","unofficial patch of Microsoft files","","http://www.dr-hoiby.com/TrayIconIn256Color/","https://www.mdgx.com/files/SYSPLG98.EXE","unofficial fix repackaging Microsoft system files; class from memory"
"mdgx-web","Unofficial Windows 98 SE 48-bit LBA (Logical Block Addressing) > 137 GB ATA(PI)/(E)IDE/(U)DMA Improved Hard Disk Driver ESDI_506.PDR 4.10.2230","","98 SE","","Windows 98 SE Updates + Fixes","commercial","unofficial patch of Microsoft files","","https://www.mdgx.com/files/atadrv98.php","https://www.mdgx.com/files/ATADRV98.EXE","unofficial fix repackaging Microsoft system files; class from memory"
"mdgx-web","Microsoft Windows 98/98 SP1/98 SE Incorrectly Identified Intel CPU SYSDM.CPL (4.10.1999 for Win98/98 SP1 + 4.10.2223 for Win98 SE) Fix","","98/98 SP1/98 SE","","Windows 98 SE Updates + Fixes","commercial","Microsoft (proprietary)","","http://support.microsoft.com/help/216204","https://www.mdgx.com/files/Q216204.EXE","Microsoft component; class from memory"
"mdgx-web","Unofficial Windows 98/98 SP1/98 SE CD/DISK/SCSI/SMART/VOL I/O Subsystem CDFS.VXD 4.90.3002 (patched for > 2 GB DVD size), CDTSD.VXD 4.90.3001, CDVSD.VXD 4.90.3004, DISKTSD.VXD 4.90.3001, DISKVSD.VXD 4.90.3002, SCSI1HLP.VXD 4.90.3001, SMARTVSD.VXD 4.90.3001 + VOLTRACK.VXD 4.90.3001 Drivers Fix","2","98/98 SP1/98 SE","","Windows 98 SE Updates + Fixes","freeware","freeware","https://www.mdgx.com/web.htm","https://www.mdgx.com/files/iosys98.php","https://www.mdgx.com/files/IOSYS98.EXE","class from source tag 'freeware' (entry text); unofficial patch/pack that likely contains Microsoft files: the free tag does not settle redistribution rights"
"mdgx-web","Unofficial Windows 98/98 SP1/98 SE Computer Hangs With Removable Disk DISKVSD.VXD 4.90.3002 Fix","","98/98 SP1/98 SE","","Windows 98 SE Updates + Fixes","commercial","unofficial patch of Microsoft files","","https://web.archive.org/web/20010712011146/http://support.microsoft.com/support/kb/articles/q271/2/77.asp","https://www.mdgx.com/files/Q271277.EXE","unofficial fix repackaging Microsoft system files; class from memory"
"mdgx-web","Unofficial Windows 98/98 SP1/98 SE USB Floppy Lockups DISKTSD.VXD 4.90.3001 Fix","","98/98 SP1/98 SE","","Windows 98 SE Updates + Fixes","commercial","unofficial patch of Microsoft files","","http://www.msfn.org/board/index.php?showtopic=43605&st=352","https://www.mdgx.com/files/USBFDD98.EXE","unofficial fix repackaging Microsoft system files; class from memory"
"mdgx-web","Unofficial Windows 98/98 SP1/98 SE Computer Hangs With IEEE 1394 (FireWire) DVD + USB Drives CDVSD.VXD 4.90.3004 Fix","","98/98 SP1/98 SE","","Windows 98 SE Updates + Fixes","commercial","unofficial patch of Microsoft files","","https://web.archive.org/web/20041113063902/http://support.microsoft.com/?kbid=304708","https://www.mdgx.com/files/Q304708.EXE","unofficial fix repackaging Microsoft system files; class from memory"
"mdgx-web","Unofficial Windows 98/98 SP1/98 SE Networking Errors VNETBIOS.VXD 4.90.3001 Fix","","98/98 SP1/98 SE","","Windows 98 SE Updates + Fixes","commercial","unofficial patch of Microsoft files","","https://web.archive.org/web/20050206045511/http://support.microsoft.com/?kbid=272991","https://www.mdgx.com/files/Q272991.EXE","unofficial fix repackaging Microsoft system files; class from memory"
"mdgx-web","Microsoft Windows 98/98 SP1/98 SE Multicast Packets With TTL=0 TCP/IP Errors VIP.386 (4.10.2004 for Win98/98 SP1 + 4.10.2228 for Win98 SE), NDIS.VXD (4.10.2001 for Win98/98 SP1 + 4.10.2226 for Win98 SE) + PPPMAC.VXD (4.10.2003 for Win98/98 SP1 + 4.10.2223 for Win98 SE) Fix","","98/98 SP1/98 SE","Microsoft Windows 98/98 SP1/98 SE Multicast Packets With TTL=0 TCP/IP Errors VIP.386 (4.10.2004 for Win98/98 SP1 + 4.10.2228 for Win98 SE), NDIS.VXD (4.10.2001 for Win98/98 SP1 + 4.10.2226 for Win98 SE) + PPPMAC.VXD (4.10.2003 for Win98/98 SP1 + 4.10.2223 f...","Windows 98 SE Updates + Fixes","commercial","Microsoft (proprietary)","","http://support.microsoft.com/help/301453","https://www.mdgx.com/files/Q301453.EXE","Microsoft component; class from memory"
"mdgx-web","Unofficial Windows 98 SE Out Of Memory Errors VCACHE.VXD 4.10.2223 Fix","","98 SE","","Windows 98 SE Updates + Fixes","commercial","unofficial patch of Microsoft files","","http://support.microsoft.com/help/253912","https://www.mdgx.com/files/Q253912.EXE","unofficial fix repackaging Microsoft system files; class from memory"
"mdgx-web","Unofficial Windows 98/98 SP1/98 SE Control Panel Applets Lockups CONTROL.EXE 4.10.1999 Fix","","98/98 SP1/98 SE","","Windows 98 SE Updates + Fixes","commercial","unofficial patch of Microsoft files","","https://www.mdgx.com/98-5.htm#KRM9S","https://www.mdgx.com/files/CNTROL98.EXE","unofficial fix repackaging Microsoft system files; class from memory"
"mdgx-web","Unofficial Windows 98 SE 256 Colors Icons Explorer EXPLORER.EXE 4.72.3612.1710 Fix","","98 SE","","Windows 98 SE Updates + Fixes","commercial","unofficial patch of Microsoft files","","https://www.mdgx.com/files/explor9x.php","https://www.mdgx.com/files/EXPLOR98.EXE","unofficial fix repackaging Microsoft system files; class from memory"
"mdgx-web","Unofficial Windows 98 SE Animated Cursor (.ANI) + Icon Handling USER32.DLL + USER.EXE 4.10.2233 Security Vulnerability Fix","","98 SE","","Windows 98 SE Updates + Fixes","commercial","unofficial patch of Microsoft files","","https://www.mdgx.com/files/q891711.php","https://www.mdgx.com/files/Q891711.EXE","unofficial fix repackaging Microsoft system files; class from memory"
"mdgx-web","Unofficial Windows 98/98 SP1/98 SE File Manager GPF WINFILE.EXE 4.10.1999 Fix","","98/98 SP1/98 SE","","Windows 98 SE Updates + Fixes","commercial","unofficial patch of Microsoft files","","http://support.microsoft.com/help/267375","https://www.mdgx.com/files/WINFIL98.EXE","unofficial fix repackaging Microsoft system files; class from memory"
"mdgx-web","Unofficial Windows 98/98 SP1/98 SE/ME SETUPAPI.DLL 5.1.2600.2180 Update","","98/98 SP1/98 SE/ME","","Windows 98 SE Updates + Fixes","commercial","unofficial patch of Microsoft files","","https://www.mdgx.com/#NUS","https://www.mdgx.com/files/SETUPAPI.EXE","unofficial fix repackaging Microsoft system files; class from memory"
"mdgx-web","Unofficial Windows 98/98 SP1/98 SE Explorer Lockups With Internet Explorer 5.xx/6.xx SHELL32.DLL 4.72.3812.634 Fix","","98/98 SP1/98 SE","","Windows 98 SE Updates + Fixes","commercial","unofficial patch of Microsoft files","","http://www.msfn.org/board/index.php?showtopic=84451","https://www.mdgx.com/files/SHELL98.EXE","unofficial fix repackaging Microsoft system files; class from memory"
"mdgx-web","Unofficial Windows 98/98 SP1/98 SE ZIP Decompression Unchecked Buffer + Recoverable Compressed ZIP Folders Passwords DZIP32.DLL 4.00.04, DUNZIP32.DLL 4.00.04 + ZIPFLDR.DLL 5.50.4921.1000 Security Vulnerability Fix","","98/98 SP1/98 SE","","Windows 98 SE Updates + Fixes","commercial","unofficial patch of Microsoft files","","http://technet.microsoft.com/library/security/ms02-054.aspx","https://www.mdgx.com/files/Q329048.EXE","unofficial fix repackaging Microsoft system files; class from memory"
"mdgx-web","Unofficial Windows 98/98 SP1/98 SE Display Errors FORMAT.COM + FDISK.EXE Fix","","98/98 SP1/98 SE","","Windows 98 SE Updates + Fixes","commercial","unofficial patch of Microsoft files","","http://www.msfn.org/board/index.php?showtopic=85573","https://www.mdgx.com/files/FDSKFRMT.EXE","unofficial fix repackaging Microsoft system files; class from memory"
"mdgx-web","Unofficial Windows 98/98 SP1/98 SE 2-4 GB Files Errors KERNEL32.DLL (4.10.2002 for Win98/98 SP1 + 4.10.2226 for Win98 SE) Fix","","98/98 SP1/98 SE","","Windows 98 SE Updates + Fixes","commercial","unofficial patch of Microsoft files","","http://support.microsoft.com/help/318293","https://www.mdgx.com/files/COPY2GB.EXE","unofficial fix repackaging Microsoft system files; class from memory"
"mdgx-web","Unofficial Windows 98 SE 48-bit LBA (Logical Block Addressing) > 137 GB (E)IDE/ATAPI Hard Disk Driver ESDI_506.PDR 4.10.2226 Fix","","98 SE","","Windows 98 SE Updates + Fixes","commercial","unofficial patch of Microsoft files","","http://www.msfn.org/board/index.php?showtopic=78592","https://www.mdgx.com/files/48BITLB2.EXE","unofficial fix repackaging Microsoft system files; class from memory"
"mdgx-web","Unofficial Windows 98 SE 48-bit LBA (Logical Block Addressing) > 137 GB (E)IDE/ATAPI Hard Disk Driver ESDI_506.PDR 4.10.2225 Fix","","98 SE","","Windows 98 SE Updates + Fixes","commercial","unofficial patch of Microsoft files","","http://www.msfn.org/board/index.php?showtopic=78592","https://www.mdgx.com/files/48BITLBA.EXE","unofficial fix repackaging Microsoft system files; class from memory"
"mdgx-web","Windows 98 SE Graphics Rendering Engine (GRE) Windows MetaFile (WMF) Security Vulnerability Fixes","","98 SE","","Windows 98 SE Updates + Fixes","commercial","Microsoft (proprietary)","","http://technet.microsoft.com/library/security/ms06-026.aspx","http://download.windowsupdate.com/msdownload/update/v3-19990518/cabpool/Windows98-KB918547-ENU_ab29740587b8bf4cd6380a47a89e3ce.exe","Microsoft component; class from memory"
"mdgx-web","Unofficial Windows 98 SE GDI32.DLL + GDI.EXE 4.10.2227 Fix","","98 SE","","Windows 98 SE Updates + Fixes","commercial","Microsoft (proprietary)","","https://www.mdgx.com/files/918547.php","https://www.mdgx.com/files/Q918547.EXE","label: Q918547; Microsoft component; class from memory"
"mdgx-web","Unofficial Windows 98/98 SP1/98 SE Graphics Rendering Engine (GRE) Windows MetaFile (WMF) GDI32.DLL + GDI.EXE (4.10.2003 for Win98/98 SP1 + 4.10.2227 for Win98 SE) Security Vulnerability Fix","","98/98 SP1/98 SE","","Windows 98 SE Updates + Fixes","freeware","freeware","https://www.mdgx.com/web.htm","http://technet.microsoft.com/library/security/ms06-001.aspx","https://www.mdgx.com/files/Q912919.EXE","class from source tag 'freeware' (entry text); unofficial patch/pack that likely contains Microsoft files: the free tag does not settle redistribution rights"
"mdgx-web","Unofficial Windows 98 SE Intel CPU Microcode UPDATE.SYS 4.10.2223 Fix","","98 SE","","Windows 98 SE Updates + Fixes","commercial","unofficial patch of Microsoft files","","http://www.msfn.org/board/index.php?showtopic=44388","https://www.mdgx.com/files/98UPDSYS.EXE","unofficial fix repackaging Microsoft system files; class from memory"
"mdgx-web","Windows 98/98 SP1/98 SE Cursor + Icon Handling Security Vulnerability Fixes","","98/98 SP1/98 SE","","Windows 98 SE Updates + Fixes","commercial","Microsoft (proprietary)","","http://technet.microsoft.com/library/security/ms05-002.aspx","http://download.windowsupdate.com/msdownload/update/v3-19990518/cabpool/Windows98-KB891711-v2-ENU_27519b9f8157c1e9a52e443b0208e0e.EXE","Microsoft component; class from memory"
"mdgx-web","Unofficial Windows 98/98 SP1/98 SE 255 Devices Additions + Removals Error VOLTRACK.VXD 4.10.1999 Fix","","98/98 SP1/98 SE","","Windows 98 SE Updates + Fixes","commercial","unofficial patch of Microsoft files","","http://support.microsoft.com/help/249824","https://www.mdgx.com/files/Q249824.EXE","unofficial fix repackaging Microsoft system files; class from memory"
"mdgx-web","Microsoft Windows 9x/NT4/ME Scripting Engines (MSE)","5.6 Update","9x/NT4/ME","","Windows 98 SE Updates + Fixes","commercial","Microsoft (proprietary)","","https://www.mdgx.com/add.htm#MSE","","Microsoft component; class from memory"
"mdgx-web","Microsoft Windows 98 SE DVD Player UDF.VXD 4.10.2223 Fix","","98 SE","","Windows 98 SE Updates + Fixes","commercial","Microsoft (proprietary)","","https://web.archive.org/web/20050311151147/http://support.microsoft.com/help/310695","https://www.mdgx.com/files/Q310695.EXE","Microsoft component; class from memory"
"mdgx-web","Microsoft Plus! for Windows 98/98 SP1/98 SE ZIP Folders DUNZIP32.DLL 3.00.18, DZIP32.DLL 3.00.18 + ZIPFLDR.DLL 5.0.531.0 Security Vulnerability Fix","","98/98 SP1/98 SE","","Windows 98 SE Updates + Fixes","commercial","Microsoft (proprietary)","","http://technet.microsoft.com/library/security/ms02-054.aspx","http://download.microsoft.com/download/WIN98/UPDATE/25556/W98/EN-US/329048USA8.EXE","Microsoft component; class from memory"
"mdgx-web","Unofficial Windows 98 SE Locked Drive CreateFile Error IFSMGR.VXD 4.10.2227 Fix","","98 SE","","Windows 98 SE Updates + Fixes","commercial","unofficial patch of Microsoft files","","http://support.microsoft.com/help/301540","https://www.mdgx.com/files/Q301540.EXE","unofficial fix repackaging Microsoft system files; class from memory"
"mdgx-web","Microsoft Windows 98 SE CardBus Texas Instruments Card Controllers CBSS.VXD 4.10.2226 Fix","","98 SE","","Windows 98 SE Updates + Fixes","commercial","Microsoft (proprietary)","","http://support.microsoft.com/help/295629","http://ftp.isu.edu.tw/pub/CPatch/msupdate/win98se-nsrc/backup/295629usa8.exe","Microsoft component; class from memory"
"mdgx-web","Microsoft Windows 98 SE Network Vredir Errors VREDIR.VXD 4.10.2230 Fix","","98 SE","","Windows 98 SE Updates + Fixes","commercial","Microsoft (proprietary)","","http://support.microsoft.com/help/293793","http://www.autourdupc.com/Logiciel/WIN98/Softs/98SE/Q293793/293793USA8.EXE","Microsoft component; class from memory"
"mdgx-web","Microsoft Windows 98 SE Laptop PC Hangs During Docking/Undocking NTKERN.VXD 4.10.2224 + VMM.VXD 4.10.2226 Fix","","98 SE","","Windows 98 SE Updates + Fixes","commercial","Microsoft (proprietary)","","http://support.microsoft.com/help/288430","http://support.toshiba-tro.de/tools/quick-fixes/q288430/win-98se/qfe-winse-q288430-en.zip","Microsoft component; class from memory"
"mdgx-web","Microsoft Windows 98/98 SP1/98 SE Access Denied Error VFAT.VXD 4.10.2223 Fix","","98/98 SP1/98 SE","","Windows 98 SE Updates + Fixes","commercial","Microsoft (proprietary)","","http://support.microsoft.com/help/277628","https://www.mdgx.com/files/Q277628.EXE","Microsoft component; class from memory"
"mdgx-web","Microsoft Windows 98 SE Hang After Suspend IOS.VXD 4.10.2225 + SCSIPORT.PDR 4.10.2223 Fix","","98 SE","","Windows 98 SE Updates + Fixes","commercial","Microsoft (proprietary)","","http://support.microsoft.com/help/239696","http://ftp.isu.edu.tw/pub/CPatch/msupdate/win98se-nsrc/backup/239696usa8.exe","Microsoft component; class from memory"
"mdgx-web","Microsoft Windows 98 SE PCMCIA Adapter Code 10 Device Manager Error MSHDC.INF, IOS.VXD 4.10.2224 + PCI.VXD 4.10.2227 Fix","","98 SE","","Windows 98 SE Updates + Fixes","commercial","Microsoft (proprietary)","","http://support.microsoft.com/help/276602","https://www.mdgx.com/files/Q276602.EXE","Microsoft component; class from memory"
"mdgx-web","Microsoft Windows 98 SE Laptop PCs PCI.VXD 4.10.2228 Fix","","98 SE","","Windows 98 SE Updates + Fixes","commercial","Microsoft (proprietary)","","http://uk.computers.toshiba-europe.com/cgi-bin/ToshibaCSG/download_driver_details.jsp?ID=18379&OSID=5&driverLanguage=13","http://support.toshiba-tro.de/tools/quick-fixes/q280448/win-98se/qfe-winse-q280448-en.zip","Microsoft component; class from memory"
"mdgx-web","Microsoft Windows 98 SE Intel PIIX4 Controller ACPI Hang on S1 VPICD.VXD 4.10.2224 Fix","","98 SE","","Windows 98 SE Updates + Fixes","commercial","Microsoft (proprietary)","","http://support.microsoft.com/help/257360","https://www.mdgx.com/files/Q257360.EXE","Microsoft component; class from memory"
"mdgx-web","Microsoft Windows 98/98 SP1/98 SE Memory Leak ATMUNI.SYS 5.0.1931.1 Fix","","98/98 SP1/98 SE","","Windows 98 SE Updates + Fixes","commercial","Microsoft (proprietary)","","http://support.microsoft.com/help/278368","http://ftp.isu.edu.tw/pub/CPatch/msupdate/win98se-nsrc/backup/278368usa8.exe","Microsoft component; class from memory"
"mdgx-web","Microsoft Windows 98 SE Wrong Button ACPI.SYS 4.10.2230 Fix","","98 SE","","Windows 98 SE Updates + Fixes","commercial","Microsoft (proprietary)","","http://support.microsoft.com/help/275873","http://ftp.isu.edu.tw/pub/CPatch/msupdate/win98se-nsrc/backup/275873usa8.exe","Microsoft component; class from memory"
"mdgx-web","Microsoft Windows 98/98 SP1/98 SE 8 Levels Deep Folder CD/DVD Copy Error CDFS.VXD 4.10.1999 Fix","","98/98 SP1/98 SE","","Windows 98 SE Updates + Fixes","commercial","Microsoft (proprietary)","","http://support.microsoft.com/help/274175","http://ftp.isu.edu.tw/pub/CPatch/msupdate/win98se-nsrc/backup/274175usa8.exe","Microsoft component; class from memory"
"mdgx-web","Microsoft Windows 98 SE Virtual Memory Tab Negative HD Free Size Error SYSDM.CPL 4.10.2224 Fix","","98 SE","","Windows 98 SE Updates + Fixes","commercial","Microsoft (proprietary)","","http://support.microsoft.com/help/272620","http://ftp.isu.edu.tw/pub/CPatch/msupdate/win98se-nsrc/backup/272621usa8.exe","Microsoft component; class from memory"
"mdgx-web","Microsoft Windows 98/98 SP1/98 SE Slow Office DOCs + Korean HTML Pages KERNEL32.DLL (4.10.2001 for Win98/98 SP1 + 4.10.2225 for Win98 SE) Fix","","98/98 SP1/98 SE","","Windows 98 SE Updates + Fixes","commercial","Microsoft (proprietary)","","http://support.microsoft.com/help/320798","https://www.mdgx.com/files/Q320798.EXE","Microsoft component; class from memory"
"mdgx-web","Microsoft Windows 98 SE ACPI with Anti-Virus Software Stops Upon Reboot VMCPD.VXD Fix","","98 SE","","Windows 98 SE Updates + Fixes","commercial","Microsoft (proprietary)","","http://support.microsoft.com/help/259253","http://support.toshiba-tro.de/tools/quick-fixes/q259253/win-98se/qfe-winse-q259253-en.zip","Microsoft component; class from memory"
"mdgx-web","Microsoft Windows 98/98 SP1/98 SE Infrared Communication Lockup NSCIRDA.SYS 4.10.1999 Fix","","98/98 SP1/98 SE","","Windows 98 SE Updates + Fixes","commercial","Microsoft (proprietary)","","http://support.microsoft.com/help/323708","https://www.mdgx.com/files/Q323708.EXE","Microsoft component; class from memory"
"mdgx-web","Microsoft Windows 98 SE USB Keyboards KBDHID.VXD Fix","","98 SE","","Windows 98 SE Updates + Fixes","commercial","Microsoft (proprietary)","","http://support.microsoft.com/help/245065","http://support.toshiba-tro.de/tools/quick-fixes/q245065/win-98se/qfe-winse-q245065-en.zip","Microsoft component; class from memory"
"mdgx-web","Microsoft Windows 98/98 SP1/98 SE Certificate Flaw Deletion XENROLL.DLL Security Vulnerability Fix","","98/98 SP1/98 SE","","Windows 98 SE Updates + Fixes","commercial","Microsoft (proprietary)","","http://technet.microsoft.com/library/security/ms02-048.aspx","http://download.microsoft.com/download/WIN98/PATCH/24421/W98/EN-US/323172USA8.EXE","Microsoft component; class from memory"
"mdgx-web","Microsoft Windows 98/98 SP1/98 SE Shell Unchecked Buffer Arbitrary Code Execution SHELL32.DLL 4.72.3812.600 Security Vulnerability Fix","","98/98 SP1/98 SE","","Windows 98 SE Updates + Fixes","commercial","Microsoft (proprietary)","","http://technet.microsoft.com/library/security/ms02-014.aspx","http://download.microsoft.com/download/ie4095/actdesk/4.01_sp2/W9XNT4/EN-US/q313829.exe","Microsoft component; class from memory"
"mdgx-web","Microsoft Windows 98/98 SP1/98 SE + ICS UPnP Unchecked Buffer System Compromise SSDPAPI.DLL, UPNP.DLL + SSDPSRV.EXE 4.90.3003 Security Vulnerability Fix","","98/98 SP1/98 SE","Requires Windows XP ICS client already installed!","Windows 98 SE Updates + Fixes","commercial","Microsoft (proprietary)","","http://technet.microsoft.com/library/security/ms01-059.aspx","http://download.microsoft.com/download/win98SE/Patch/Q314941/W98/EN-US/314941USA8.EXE","Microsoft component; class from memory"
"mdgx-web","Microsoft Windows 98/98 SP1/98 SE MS-DOS Hard Disk Errors IO.SYS Fix","","98/98 SP1/98 SE","","Windows 98 SE Updates + Fixes","commercial","Microsoft (proprietary)","","http://support.microsoft.com/help/311561","http://download.microsoft.com/download/Win98/Patch/22527/W98/EN-US/311561USA8.EXE","Microsoft component; class from memory"
"mdgx-web","Microsoft Windows 98/98 SP1/98 SE Infrared Fax Modem Install Error IRENUM.VXD 4.10.2224 Fix","","98/98 SP1/98 SE","","Windows 98 SE Updates + Fixes","commercial","Microsoft (proprietary)","","http://support.microsoft.com/help/309081","http://ftp.isu.edu.tw/pub/CPatch/msupdate/win98se-nsrc/backup/309081usa8.exe","Microsoft component; class from memory"
"mdgx-web","Microsoft Windows 98/98 SP1/98 SE Long Names Group Policy Error GROUPPOL.DLL Fix","","98/98 SP1/98 SE","","Windows 98 SE Updates + Fixes","commercial","Microsoft (proprietary)","","http://support.microsoft.com/help/307004","http://ftp.isu.edu.tw/pub/CPatch/msupdate/win98se-nsrc/backup/307004usa8.exe","Microsoft component; class from memory"
"mdgx-web","Microsoft Windows 98 SE USB Stop Error USBHUB.SYS 4.10.2227 Fix","","98 SE","","Windows 98 SE Updates + Fixes","commercial","Microsoft (proprietary)","","http://support.microsoft.com/help/306453","http://ftp.isu.edu.tw/pub/CPatch/msupdate/win98se-nsrc/backup/306453usa8.exe","Microsoft component; class from memory"
"mdgx-web","Microsoft Windows 98 SE Computer Hangs APMBATT.SYS Fix","","98 SE","","Windows 98 SE Updates + Fixes","commercial","Microsoft (proprietary)","","http://support.microsoft.com/help/306889","https://www.mdgx.com/files/Q306889.EXE","Microsoft component; class from memory"
"mdgx-web","Microsoft Windows 98 SE Low Battery Alarm BATTC.SYS Fix","","98 SE","","Windows 98 SE Updates + Fixes","commercial","Microsoft (proprietary)","","http://support.microsoft.com/help/305037","https://www.mdgx.com/files/Q305037.EXE","Microsoft component; class from memory"
"mdgx-web","Microsoft Windows 98/98 SP1/98 SE Digital CD Audio Error CDVSD.VXD (4.10.2186 for Win98/98 SP1 + 4.10.2226 for Win98 SE) Fix","","98/98 SP1/98 SE","","Windows 98 SE Updates + Fixes","commercial","Microsoft (proprietary)","","http://support.microsoft.com/help/274370","http://www.autourdupc.com/Logiciel/WIN98/Softs/98ETSE/274370usa8.exe","Microsoft component; class from memory"
"mdgx-web","Microsoft Windows 98 SE PnP Printer Errors VCOMM.VXD 4.10.2225 Fix","","98 SE","","Windows 98 SE Updates + Fixes","commercial","Microsoft (proprietary)","","http://support.microsoft.com/help/291854","http://support.toshiba-tro.de/tools/quick-fixes/q288550/win-98se/qfe-winse-q288550-en.zip","Microsoft component; class from memory"
"mdgx-web","Microsoft Windows 98 SE Windows Explorer Hangs With DHCP Card VDHCP.386 Fix","","98 SE","","Windows 98 SE Updates + Fixes","commercial","Microsoft (proprietary)","","http://support.microsoft.com/help/293197","http://support.toshiba-tro.de/tools/quick-fixes/q293197/win-98se/qfe-winse-q293197-en.zip","Microsoft component; class from memory"
"mdgx-web","Microsoft Windows 98 SE MS Video With USB Digital Camera Error VFWWDM32.DLL Fix","","98 SE","","Windows 98 SE Updates + Fixes","commercial","Microsoft (proprietary)","","http://support.microsoft.com/help/278033","http://support.toshiba-tro.de/tools/quick-fixes/q278033/win-98se/qfe-winse-q278033-en.zip","Microsoft component; class from memory"
"mdgx-web","Microsoft Windows 98/98 SP1/98 SE NetBIOS Spoofing VNBT.386 (4.10.1721 for Win98/98 SP1 + 4.10.2149 for Win98 SE) Security Vulnerability Fix","","98/98 SP1/98 SE","","Windows 98 SE Updates + Fixes","commercial","Microsoft (proprietary)","","http://technet.microsoft.com/library/security/ms00-047.aspx","http://ftp.isu.edu.tw/pub/CPatch/msupdate/win98se-nsrc/backup/264650usa8.exe","Microsoft component; class from memory"
"mdgx-web","Microsoft Windows 98 SE Disabled Sounds + USB Devices WINMM.DLL 4.03.2201 Fix","","98 SE","","Windows 98 SE Updates + Fixes","commercial","Microsoft (proprietary)","","http://support.microsoft.com/help/249146","http://ftp.isu.edu.tw/pub/CPatch/msupdate/win98se-nsrc/backup/249146usa8.exe","Microsoft component; class from memory"
"mdgx-web","Microsoft Windows 98 SE USB Driver HIDCLASS.SYS 4.10.2223 Fix","","98 SE","","Windows 98 SE Updates + Fixes","commercial","Microsoft (proprietary)","","http://support.microsoft.com/help/249635","http://ftp.isu.edu.tw/pub/CPatch/msupdate/win98se-nsrc/backup/249635usa8.exe","Microsoft component; class from memory"
"mdgx-web","Microsoft Windows 98/98 SP1/98 SE Winsock Time-Out Error MSAFD.DLL + MSWSOSP.DLL (4.10.2000 for Win98/98 SP1 + 4.10.2223 for Win98 SE) Fix","","98/98 SP1/98 SE","","Windows 98 SE Updates + Fixes","commercial","Microsoft (proprietary)","","http://support.microsoft.com/help/257821","https://www.mdgx.com/files/Q257821.EXE","Microsoft component; class from memory"
"mdgx-web","Microsoft Windows 98/98 SP1/98 SE OpenGL IPF Error OPENGL32.DLL 4.1.1381.7035 Fix","4.00","98/98 SP1/98 SE","","Windows 98 SE Updates + Fixes","commercial","Microsoft (proprietary)","","http://support.microsoft.com/help/240896","https://www.mdgx.com/files/Q240896.EXE","Microsoft component; class from memory"
"mdgx-web","Microsoft Windows 98/98 SP1/98 SE ACPI Enabled Laptop Error CONFIGMG.VXD (4.10.2103 for Win98/98 SP1 + 4.10.2223 for Win98 SE) + IO.SYS Fix","","98/98 SP1/98 SE","","Windows 98 SE Updates + Fixes","commercial","Microsoft (proprietary)","","http://support.microsoft.com/help/239697","http://www.autourdupc.com/Logiciel/WIN98/Softs/98SE/239697USA8.EXE","Microsoft component; class from memory"
"mdgx-web","Microsoft Windows 98/98 SP1/98 SE Resource Kit (RK) Taskpads Scripting Security Vulnerability Fix","","98/98 SP1/98 SE","","Windows 98 SE Updates + Fixes","commercial","Microsoft (proprietary)","","http://technet.microsoft.com/library/security/ms99-007.aspx","ftp://ftp.microsoft.com/reskit/win98/taskpads/tmcpatch.exe","Microsoft component; class from memory"
"mdgx-web","Microsoft Windows 98 SE Dial-Up Networking (DUN) Upgrade","1.4","98 SE","","Windows 98 SE Updates + Fixes","commercial","Microsoft (proprietary)","","https://web.archive.org/web/20050316085327/http://support.microsoft.com/help/285189","http://www.am.net/lib/TOOLS/Microsoft/Win98/se/dun14-SE.exe","Microsoft component; class from memory"
"mdgx-web","Microsoft Windows 98/98 SP1/98 SE Computer Hangs USER32.DLL + USER.EXE (4.10.2001 for Win98/98 SP1 + 4.10.2231 for Win98 SE) Fix","","98/98 SP1/98 SE","","Windows 98 SE Updates + Fixes","commercial","Microsoft (proprietary)","","http://support.microsoft.com/help/291362","https://web.archive.org/web/20061111001126/http://ftp.isu.edu.tw/pub/CPatch/msupdate/win98se-nsrc/backup/291362usa8.exe","Microsoft component; class from memory"
"mdgx-web","Microsoft Windows 98/98 SP1/98 SE Windows 2000 Domain Users List Error MSAB32.DLL (4.10.1999 for Win98/98 SP1 + 4.10.2223 for Win98 SE) Fix","","98/98 SP1/98 SE","","Windows 98 SE Updates + Fixes","commercial","Microsoft (proprietary)","","http://support.microsoft.com/help/283032","http://ftp.isu.edu.tw/pub/CPatch/msupdate/win98se-nsrc/backup/283032usa8.exe","Microsoft component; class from memory"
"mdgx-web","Microsoft Windows 98/98 SP1/98 SE USB Driver Trap 14 Error USBD.SYS 4.10.2226 Fix","","98/98 SP1/98 SE","","Windows 98 SE Updates + Fixes","commercial","Microsoft (proprietary)","","http://support.microsoft.com/help/281533","http://ftp.isu.edu.tw/pub/CPatch/msupdate/win98se-nsrc/backup/281533usa8.exe","Microsoft component; class from memory"
"mdgx-web","Microsoft Windows 98/98 SP1/98 SE Vredir Errors VREDIR.VXD (4.10.2154 for Win98/98 SP1 + 4.10.2229 for Win98 SE) Fix","","98/98 SP1/98 SE","","Windows 98 SE Updates + Fixes","commercial","Microsoft (proprietary)","","http://support.microsoft.com/help/283261","https://www.mdgx.com/files/Q278456.EXE","Microsoft component; class from memory"
"mdgx-web","Microsoft Windows 98/98 SP1/98 SE DirectSound Error DSOUND.DLL 4.07.00.0725 Fix","","98/98 SP1/98 SE","","Windows 98 SE Updates + Fixes","commercial","Microsoft (proprietary)","","http://support.microsoft.com/help/269604","https://www.mdgx.com/files/Q269604.EXE","Microsoft component; class from memory"
"mdgx-web","Microsoft Windows 98/98 SP1/98 SE Remote Update Error With Windows 2000 Server UpdateMode REG Fix","","98/98 SP1/98 SE","","Windows 98 SE Updates + Fixes","commercial","Microsoft (proprietary)","","http://support.microsoft.com/help/258765","https://www.mdgx.com/files/Q258765.EXE","Microsoft component; class from memory"
"mdgx-web","Microsoft Windows 98 SE WDM/USB Audio Driver WDMAUD.DRV 4.10.2223, KMIXER.SYS 4.10.2223, PORTCLS.SYS 4.10.2223, SBEMUL.SYS 4.10.2223, SYSAUDIO.SYS 4.10.2223, USBAUDIO.SYS 4.10.2224 + WDMAUD.SYS 4.10.2226 Fix","","98 SE","Example: Crystal sound cards require Driver 6.13.10.4140.","Windows 98 SE Updates + Fixes","commercial","Microsoft (proprietary)","","http://support.microsoft.com/help/242937","http://downloadmirror.intel.com/5551/eng/269601USA8.exe","Microsoft component; class from memory"
"mdgx-web","Microsoft Windows 98 SE PortCls Devices PORTCLS.SYS 4.10.2224 Fix","","98 SE","","Windows 98 SE Updates + Fixes","commercial","Microsoft (proprietary)","","http://support.microsoft.com/help/321467","http://ftp.isu.edu.tw/pub/CPatch/msupdate/win98se-nsrc/backup/321467usa8.exe","Microsoft component; class from memory"
"mdgx-web","Microsoft Windows 98 SE WDM/USB Modems USBSER.SYS Fix","","98 SE","","Windows 98 SE Updates + Fixes","commercial","Microsoft (proprietary)","","http://support.microsoft.com/help/308349","http://www.opennw.com/Support/Telstra_NT1_Plus_II/Downloads/USB%20Configuration%20Tool/Q308349.zip","Microsoft component; class from memory"
"mdgx-web","Microsoft Windows 98 SE AOL + WDM/USB Modems CCPORT.SYS, USBSER.SYS + WDMMDMLD.VXD Fix","","98 SE","","Windows 98 SE Updates + Fixes","commercial","Microsoft (proprietary)","","http://support.microsoft.com/help/242004","http://download.microsoft.com/download/whistler/wdmmdm/1.0/wxp/en-us/wdmmdm.exe","Microsoft component; class from memory"
"mdgx-web","Microsoft Windows 98 SE USB OpenHCI Controller on Fast Computers OPENHCI.SYS 4.10.2228 Fix","","98 SE","","Windows 98 SE Updates + Fixes","commercial","Microsoft (proprietary)","","http://support.microsoft.com/help/253697","http://download.microsoft.com/download/win98SE/Update/6101/W98/EN-US/253697USA8.EXE","Microsoft component; class from memory"
"mdgx-web","Microsoft Windows 98/98 SP1/98 SE ICM Display Color Matching GDI32.DLL + GDI.EXE (4.10.2002 for Win98/98 SP1 + 4.10.2225 for Win98 SE) Fix","","98/98 SP1/98 SE","","Windows 98 SE Updates + Fixes","commercial","Microsoft (proprietary)","","http://support.microsoft.com/help/289635","http://ftp.isu.edu.tw/pub/CPatch/msupdate/win98se-nsrc/backup/289635usa8.exe","Microsoft component; class from memory"
"mdgx-web","Microsoft Windows 98 SE Improper Shut Down in ACPI Standby CONFIGMG.VXD 4.10.2225 Fix","","98 SE","","Windows 98 SE Updates + Fixes","commercial","Microsoft (proprietary)","","http://support.microsoft.com/help/253711","http://download.microsoft.com/download/win98se/update/14007/w98/en-us/253711usa8.exe","Microsoft component; class from memory"
"mdgx-web","Microsoft Windows 98 SE ScanDisk Runs Even If Correct Shutdown and DOS Device in Path Name IFSMGR.VXD 4.10.2225 Fix","","98 SE","","Windows 98 SE Updates + Fixes","commercial","Microsoft (proprietary)","","http://support.microsoft.com/help/273017","http://download.microsoft.com/download/win98SE/Update/11956/W98/EN-US/273017USA8.EXE","Microsoft component; class from memory"
"mdgx-web","Microsoft Windows 98 SE SCSI Miniports Shutdown Error SCSIPORT.PDR 4.10.2224 Fix","","98 SE","","Windows 98 SE Updates + Fixes","commercial","Microsoft (proprietary)","","http://support.microsoft.com/help/290831","http://www.tacktech.com/pub/microsoft/win98se/290831usa8.exe","Microsoft component; class from memory"
"mdgx-web","Microsoft Windows 98/98 SP1/98 SE Hard Disks > 64 GB FDISK.EXE Fix","","98/98 SP1/98 SE","","Windows 98 SE Updates + Fixes","commercial","Microsoft (proprietary)","","http://support.microsoft.com/help/263044","http://download.microsoft.com/download/Win98/Update/8266R/W98/EN-US/263044USA8.EXE","Microsoft component; class from memory"
"mdgx-web","Microsoft Windows 98/98 SP1/98 SE HyperTerminal Buffer Overflow HTICONS.DLL, HYPERTRM.DLL + HYPERTRM.EXE Security Vulnerability Fix","","98/98 SP1/98 SE","","Windows 98 SE Updates + Fixes","commercial","Microsoft (proprietary)","","http://technet.microsoft.com/library/security/ms00-079.aspx","http://download.microsoft.com/download/win98/Update/12395/W98/EN-US/274548USA8.EXE","Microsoft component; class from memory"
"mdgx-web","Microsoft Windows 98/98 SP1/98 SE Malformed IPX NMPI Packet NWLINK.VXD + VSERVER.VXD Security Vulnerability Fix","","98/98 SP1/98 SE","","Windows 98 SE Updates + Fixes","commercial","Microsoft (proprietary)","","http://technet.microsoft.com/library/security/ms00-073.aspx","http://download.microsoft.com/download/win98/Update/11974/W98/EN-US/273727USA8.EXE","Microsoft component; class from memory"
"mdgx-web","Microsoft Windows 98/98 SP1/98 SE WebTV Denial of Service ANNCLIST.EXE Security Vulnerability Fix","","98/98 SP1/98 SE","","Windows 98 SE Updates + Fixes","commercial","Microsoft (proprietary)","","http://technet.microsoft.com/library/security/ms00-074.aspx","http://download.microsoft.com/download/win98SE/Update/12278/W98/EN-US/274113USA8.EXE","Microsoft component; class from memory"
"mdgx-web","Microsoft Windows 98 SE WebTV Interactive Content ENHTRIG.DLL + NABTSFEC.SYS Fix","","98 SE","","Windows 98 SE Updates + Fixes","commercial","Microsoft (proprietary)","","http://support.microsoft.com/help/245272","http://download.windowsupdate.com/msdownload/update/v3-19990518/cabpool/245272USA8_BCB9234CBD9818C3EAB1E0DEA97DC09087CDCB25.EXE","Microsoft component; class from memory"
"mdgx-web","Microsoft Windows 98 SE IEEE 1394 (FireWire) 1394BUS.SYS 4.10.2226 Fix","","98 SE","","Windows 98 SE Updates + Fixes","commercial","Microsoft (proprietary)","","http://support.microsoft.com/help/319197","https://www.mdgx.com/files/Q268064.EXE","Microsoft component; class from memory"
"mdgx-web","Microsoft Windows 98 SE IEEE 1394 (FireWire) HOTPLUG.DLL 4.10.2224, USER32.DLL 4.10.2223, SYSTRAY.EXE 4.10.2224, USER.EXE 4.10.2226, HARDWARE.HLP, 1394.INF, NTMAP.INF, NTMAPHLP.PDR 4.10.2223, 1394BUS.SYS 4.10.2224, NTMAP.SYS 4.10.2224, OHCI1394.SYS 4.10.2224, SBP2PORT.SYS 4.10.2224, DISKTSD.VXD 4.10.2223 + IOS.VXD 4.10.2223 Fix","","98 SE","","Windows 98 SE Updates + Fixes","commercial","Microsoft (proprietary)","","http://support.microsoft.com/help/242975","http://download.microsoft.com/download/win98se/Update/2944-2/W98/EN-US/242975USA8.EXE","Microsoft component; class from memory"
"mdgx-web","Microsoft Windows 98 SE IEEE 1394 (FireWire) 1394BUS.SYS + OHCI1394.SYS Fix","","98 SE","","Windows 98 SE Updates + Fixes","commercial","Microsoft (proprietary)","","http://support.microsoft.com/help/252958","http://download.microsoft.com/download/win98se/update/5982/w98/en-us/252958usa8.exe","Microsoft component; class from memory"
"mdgx-web","Microsoft Windows 98 SE IEEE 1394 Standby Error NTMAP.SYS 4.10.2227, OHCI1394.SYS 4.10.2226, SBP2PORT.SYS 4.10.2226 + NTKERN.VXD 4.10.2223 Fix","","98 SE","","Windows 98 SE Updates + Fixes","commercial","Microsoft (proprietary)","","http://support.microsoft.com/help/267304","http://ftp.isu.edu.tw/pub/CPatch/msupdate/win98se-nsrc/backup/q267304/267304usa8.exe","Microsoft component; class from memory"
"mdgx-web","Microsoft Windows 98/98 SP1/98 SE IEEE 1394 (FireWire) Audio/Video Device Hang OHCI1394.SYS 4.10.2228 Fix","","98/98 SP1/98 SE","","Windows 98 SE Updates + Fixes","commercial","Microsoft (proprietary)","","http://support.microsoft.com/help/284837","http://ftp.isu.edu.tw/pub/CPatch/msupdate/win98se-nsrc/backup/284837usa8.exe","Microsoft component; class from memory"
"mdgx-web","Microsoft Windows 98 SE IEEE 1394 (FireWire) Storage Device Error SBP2PORT.SYS 4.10.2227 Fix","","98 SE","","Windows 98 SE Updates + Fixes","commercial","Microsoft (proprietary)","","http://support.microsoft.com/help/311430","http://ftp.isu.edu.tw/pub/CPatch/msupdate/win98se-nsrc/backup/311430usa8.exe","Microsoft component; class from memory"
"mdgx-web","Microsoft Windows 98 SE PPP Over ATM PPPATM.SYS 4.10.2223 Fix","","98 SE","","Windows 98 SE Updates + Fixes","commercial","Microsoft (proprietary)","","http://support.microsoft.com/help/271701","https://www.mdgx.com/files/Q271701.EXE","Microsoft component; class from memory"
"mdgx-web","Microsoft Windows 98 SE LS-120 Drive Lockup HSFLOP.PDR 4.10.2224 Fix","","98 SE","","Windows 98 SE Updates + Fixes","commercial","Microsoft (proprietary)","","http://support.microsoft.com/help/262232","https://www.mdgx.com/files/Q262232.EXE","Microsoft component; class from memory"
"mdgx-web","Microsoft Windows 98 SE Computer Hang Upon Screen Saver Activation DESK.CPL 4.72.3171.300 + POWERCFG.CPL 5.00.3103.1000 Fix","","98 SE","","Windows 98 SE Updates + Fixes","commercial","Microsoft (proprietary)","","http://support.microsoft.com/help/258680","http://ftp.isu.edu.tw/pub/CPatch/msupdate/win98se-nsrc/backup/258680usa8.exe","Microsoft component; class from memory"
"mdgx-web","Microsoft Windows 98/98 SP1/98 SE Print Queue Errors NWPP32.DLL (4.10.1999 for Win98/98 SP1 + 4.10.2224 for Win98 SE) Fix","","98/98 SP1/98 SE","","Windows 98 SE Updates + Fixes","commercial","Microsoft (proprietary)","","http://support.microsoft.com/help/250876","https://www.mdgx.com/files/Q250876.EXE","Microsoft component; class from memory"
"mdgx-web","Microsoft Windows 98 SE IDE Controller Disabled in BIOS PCIMP.PCI 4.10.2223 Fix","","98 SE","","Windows 98 SE Updates + Fixes","commercial","Microsoft (proprietary)","","http://support.microsoft.com/help/245682","http://download.microsoft.com/download/win98SE/ideupd/1/W98/EN-US/245682US8.EXE","Microsoft component; class from memory"
"mdgx-web","Microsoft Windows 98/98 SP1/98 SE System Date Error TIMEDATE.CPL (4.10.2006 for Win98/98 SP1 + 4.10.2225 for Win98 SE) Fix","","98/98 SP1/98 SE","","Windows 98 SE Updates + Fixes","commercial","Microsoft (proprietary)","","http://support.microsoft.com/help/237493","http://ftp.isu.edu.tw/pub/CPatch/msupdate/win98se-nsrc/backup/237493usa8.exe","Microsoft component; class from memory"
"mdgx-web","Microsoft Windows 98/98 SP1/98 SE TCP/IP Prematurely Transmitted Packets VTCP.386 4.10.2223 Fix","","98/98 SP1/98 SE","","Windows 98 SE Updates + Fixes","commercial","Microsoft (proprietary)","","http://support.microsoft.com/help/236926","http://download.microsoft.com/download/win98/Update/3111/W98/EN-US/236926USA8.EXE","Microsoft component; class from memory"
"mdgx-web","Microsoft Windows 98 SE Computer Hangs with Removable Device in Docking Station ESDI_506.PDR 4.10.2226 Fix","","98 SE","","Windows 98 SE Updates + Fixes","commercial","Microsoft (proprietary)","","http://support.microsoft.com/help/252187","https://www.mdgx.com/files/Q252187.EXE","Microsoft component; class from memory"
"mdgx-web","Microsoft Windows 98/98 SP1/98 SE ScanDisk Errors With (E)IDE Hard Disks > 32 GB ESDI_506.PDR (4.10.2186 for Win98/98 SP1 + 4.10.2225 for Win98 SE) Fix","","98/98 SP1/98 SE","","Windows 98 SE Updates + Fixes","commercial","Microsoft (proprietary)","","http://support.microsoft.com/help/243450","http://download.microsoft.com/download/win98SE/Update/5638-6151/W98/EN-US/243450USA8.EXE","Microsoft component; class from memory"
"mdgx-web","Microsoft Windows 98/98 SP1/98 SE NCP File Error NWREDIR.VXD 4.10.2225 Fix","","98/98 SP1/98 SE","","Windows 98 SE Updates + Fixes","commercial","Microsoft (proprietary)","","http://support.microsoft.com/help/242193","http://ftp.isu.edu.tw/pub/CPatch/msupdate/win98se-nsrc/backup/242193usa8.exe","Microsoft component; class from memory"
"mdgx-web","Microsoft Windows 98 SE AMD CPU + VIA USB Controller USB UHCD.SYS 4.10.2223 Fix","","98 SE","","Windows 98 SE Updates + Fixes","commercial","Microsoft (proprietary)","","http://support.microsoft.com/help/240075","http://download.microsoft.com/download/win98SE/Patch/4.10.2223/W98/EN-US/240075up.exe","Microsoft component; class from memory"
"mdgx-web","Microsoft Windows 98/98 SP1/98 SE Password MPRSERV.DLL Fix","","98/98 SP1/98 SE","","Windows 98 SE Updates + Fixes","commercial","Microsoft (proprietary)","","http://support.microsoft.com/help/241052","http://ftp.isu.edu.tw/pub/CPatch/msupdate/win98se-nsrc/backup/241052usa8.exe","Microsoft component; class from memory"
"mdgx-web","Microsoft Windows 98/98 SP1/98 SE Malformed Telnet Argument TELNET.EXE Security Vulnerability Fix","","98/98 SP1/98 SE","","Windows 98 SE Updates + Fixes","commercial","Microsoft (proprietary)","","http://technet.microsoft.com/library/security/ms99-033.aspx","http://download.microsoft.com/download/e/9/6/e96ff524-06fe-40b0-b98b-eb45e070d5d0/TelnetUp.EXE","Microsoft component; class from memory"
"mdgx-web","Microsoft Windows 98 SE Access Violation SPOOLSS.DLL 4.10.2223 Fix","","98 SE","","Windows 98 SE Updates + Fixes","commercial","Microsoft (proprietary)","","http://support.microsoft.com/help/250514","http://ftp.isu.edu.tw/pub/CPatch/msupdate/win98se-nsrc/backup/250514usa8.exe","Microsoft component; class from memory"
"mdgx-web","Microsoft Windows 98/98 SP1/98 SE Kerberos Network Winsock 2.0 Error RNR20.DLL (4.10.2003 for Win98/98 SP1 + 4.10.2223 for Win98 SE) Fix","","98/98 SP1/98 SE","","Windows 98 SE Updates + Fixes","commercial","Microsoft (proprietary)","","http://support.microsoft.com/help/192425","https://www.mdgx.com/files/Q192425.EXE","Microsoft component; class from memory"
"mdgx-web","Microsoft Windows 98 SE Non-US Enhanced Keyboards Error KEYB.COM Fix","","98 SE","","Windows 98 SE Updates + Fixes","commercial","Microsoft (proprietary)","","http://support.microsoft.com/help/319571","https://www.mdgx.com/files/Q319571.EXE","Microsoft component; class from memory"
"mdgx-web","Microsoft Windows 98/98 SP1/98 SE IntelliPoint Mouse Driver VMOUSE.VXD 4.10.2225 Fix","","98/98 SP1/98 SE","","Windows 98 SE Updates + Fixes","commercial","Microsoft (proprietary)","","","https://www.mdgx.com/files/Q318307.EXE","Microsoft component; class from memory"
"mdgx-web","Microsoft Windows 98/98 SP1/98 SE Unrecognized Fourth + Fifth Mouse Buttons MOUHID.VXD, MSMOUSE.VXD + VMOUSE.VXD 4.10.2223 Fix","","98/98 SP1/98 SE","","Windows 98 SE Updates + Fixes","commercial","Microsoft (proprietary)","","http://support.microsoft.com/help/254660","https://www.mdgx.com/files/Q254660.EXE","Microsoft component; class from memory"
"mdgx-web","Microsoft Windows 98 SE APM Battery Computer Lockup VPOWERD.VXD 4.10.2225 Fix","","98 SE","Requires Windows 98 SE Shutdown Supplement below already installed!","Windows 98 SE Updates + Fixes","commercial","Microsoft (proprietary)","","http://support.microsoft.com/help/246817","https://www.mdgx.com/files/Q246817.EXE","Microsoft component; class from memory"
"mdgx-web","Microsoft Windows 98 SE Shutdown Supplement TSHOOT98.CHM, MSCONFIG.EXE 4.10.2223, APMBATT.SYS 4.10.2223, CONFIGMG.VXD 4.10.2222, PCI.VXD 4.10.2223 + VPOWERD.VXD 4.10.2223 Fixes","","98 SE","","Windows 98 SE Updates + Fixes","commercial","Microsoft (proprietary)","","http://support.microsoft.com/help/239887","http://download.microsoft.com/download/d/d/8/dd8e4f2d-3b66-41d7-8a4a-cefefd8deb2c/4756US8.EXE","Microsoft component; class from memory"
"mdgx-web","Microsoft Windows 98/98 SP1/98 SE Power Management Troubleshooter PMTSHOOT.EXE 1.30 + PMTSHOOT.VXD 1.10.0001 Update","","98/98 SP1/98 SE","","Windows 98 SE Updates + Fixes","commercial","Microsoft (proprietary)","","http://support.microsoft.com/help/185949","http://download.microsoft.com/download/win98se/utility/1/w98/EN-US/pmtshoot.exe","Microsoft component; class from memory"
"mdgx-web","Microsoft Windows 98/98 SP1/98 SE Troubleshooter HTML Help TSHOOT.OCX 1.0.1.2123 + TSHOOT98.CHM Update","","98/98 SP1/98 SE","","Windows 98 SE Updates + Fixes","commercial","Microsoft (proprietary)","","http://support.microsoft.com/support/windows/tshoot/","https://www.mdgx.com/files/TSHOOT98.ZIP","Microsoft component; class from memory"
"mdgx-web","Unofficial Windows 98 Service Pack 2 (SP2) 2.5.8","","98","","Windows 98 Service Pack 2 (SP2) + Unofficial Updates/Fixes","freeware","free","https://www.mdgx.com/web.htm","http://www.msfn.org/board/index.php?showtopic=156672","https://www.mdgx.com/spx/FESP258EN-F.EXE","label: 98 SP2; class from source tag 'free' (entry text); unofficial patch/pack that likely contains Microsoft files: the free tag does not settle redistribution rights"
"mdgx-web","Unofficial Windows 98/98 SP1 Native USB Drivers (NUSB98FE) 3.20","","98/98 SP1","","Windows 98 Service Pack 2 (SP2) + Unofficial Updates/Fixes","freeware","free","https://www.mdgx.com/web.htm","http://www.msfn.org/board/index.php?showtopic=43605&st=340","https://www.mdgx.com/spx/NUSBFEFX.EXE","label: 98/98 SP1 NUSB; class from source tag 'free' (entry text)"
"mdgx-web","Microsoft Windows 98 Service Pack 1 (SP1)","","98","","Windows 98 Service Pack 1 (SP1)","commercial","Microsoft (proprietary)","","https://web.archive.org/web/20050312054223/http://support.microsoft.com/help/239937","http://download.microsoft.com/download/c/0/8/c0872b4c-ddfc-4dbc-b3e5-ef385a4d349e/wucsp.exe","label: 98 SP1; Microsoft component; class from memory"
"mdgx-web","Unofficial Windows 98/98 SP1 Animated Cursor (.ANI) + Icon Handling USER32.DLL + USER.EXE 4.10.2003 Security Vulnerability Fix","","98/98 SP1","","WINDOWS 98 ESSENTIAL FREE UPGRADES + FIXES","commercial","unofficial patch of Microsoft files","","https://www.mdgx.com/files/q891711.php","https://www.mdgx.com/files/KB891711.EXE","unofficial fix repackaging Microsoft system files; class from memory"
"mdgx-web","Unofficial Windows 98/98 SP1 256 Colors Icons Explorer EXPLORER.EXE 4.72.3612.1710 Fix","","98/98 SP1","","WINDOWS 98 ESSENTIAL FREE UPGRADES + FIXES","commercial","unofficial patch of Microsoft files","","https://www.mdgx.com/files/explor9x.php","https://www.mdgx.com/files/EXPL98FE.EXE","unofficial fix repackaging Microsoft system files; class from memory"
"mdgx-web","Windows 98/98 SP1 Graphics Rendering Engine (GRE) Windows MetaFile (WMF) Security Vulnerability Fixes","","98/98 SP1","","WINDOWS 98 ESSENTIAL FREE UPGRADES + FIXES","commercial","Microsoft (proprietary)","","http://technet.microsoft.com/library/security/ms06-026.aspx","http://download.windowsupdate.com/msdownload/update/v3-19990518/cabpool/Windows98-KB918547-ENU_ab29740587b8bf4cd6380a47a89e3ce.exe","Microsoft component; class from memory"
"mdgx-web","Unofficial Windows 98/98 SP1 GDI32.DLL + GDI.EXE 4.10.2004 Fix","","98/98 SP1","","WINDOWS 98 ESSENTIAL FREE UPGRADES + FIXES","commercial","Microsoft (proprietary)","","https://www.mdgx.com/files/918547.php","https://www.mdgx.com/files/KB918547.EXE","label: KB918547; Microsoft component; class from memory"
"mdgx-web","Unofficial Windows 98 48-bit LBA (Logical Block Addressing) > 137 GB (E)IDE/ATAPI Hard Disk Driver ESDI_506.PDR 4.10.2186 Fix","","98","","WINDOWS 98 ESSENTIAL FREE UPGRADES + FIXES","commercial","unofficial patch of Microsoft files","","http://www.msfn.org/board/index.php?showtopic=78592","https://www.mdgx.com/files/9848BLBA.EXE","unofficial fix repackaging Microsoft system files; class from memory"
"mdgx-web","Microsoft Windows 98 Clear Registration Wizard (CRWID.EXE) Update","","98","","WINDOWS 98 ESSENTIAL FREE UPGRADES + FIXES","commercial","Microsoft (proprietary)","","http://support.microsoft.com/help/226364","http://download.windowsupdate.com/msdownload/update/v3-19990518/cabpool/CRWID_72A80C72EF06E6D5F50912701D75305E3D70F389.cab","Microsoft component; class from memory"
"mdgx-web","Microsoft Windows 98/98 SP1 Dial-Up Networking (DUN) Upgrade","1.4","98/98 SP1","","WINDOWS 98 ESSENTIAL FREE UPGRADES + FIXES","commercial","Microsoft (proprietary)","","https://web.archive.org/web/20050316085327/http://support.microsoft.com/help/285189","http://www.am.net/lib/TOOLS/Microsoft/Win98/dun14-98.exe","Microsoft component; class from memory"
"mdgx-web","Microsoft Windows 98 DOS Device in Path Name IFSMGR.VXD 4.10.2001 Security Vulnerability Fix","","98","","WINDOWS 98 ESSENTIAL FREE UPGRADES + FIXES","commercial","Microsoft (proprietary)","","http://support.microsoft.com/help/256015","https://www.mdgx.com/files/Q256015.EXE","Microsoft component; class from memory"
"mdgx-web","Microsoft Windows 98 Same Printer Access Violation SPOOLSS.DLL 4.10.2000 Fix","","98","","WINDOWS 98 ESSENTIAL FREE UPGRADES + FIXES","commercial","Microsoft (proprietary)","","http://support.microsoft.com/help/250514","https://www.mdgx.com/files/Q250514.EXE","Microsoft component; class from memory"
"mdgx-web","Microsoft Windows 98 Suspend Lockup APMBATT.SYS 4.10.1999 Fix","","98","","WINDOWS 98 ESSENTIAL FREE UPGRADES + FIXES","commercial","Microsoft (proprietary)","","http://support.microsoft.com/help/243048","https://www.mdgx.com/files/Q243048.EXE","Microsoft component; class from memory"
"mdgx-web","Unofficial Windows 98 PnP Serial Devices Printer Install Error SERENUM.VXD 4.10.2222 Fix","","98","","WINDOWS 98 ESSENTIAL FREE UPGRADES + FIXES","commercial","unofficial patch of Microsoft files","","http://support.microsoft.com/help/242941","https://www.mdgx.com/files/FE242941.EXE","unofficial fix repackaging Microsoft system files; class from memory"
"mdgx-web","Microsoft Windows 98 Memory Leaks VMM.VXD 4.10.1999 Fix","","98","","WINDOWS 98 ESSENTIAL FREE UPGRADES + FIXES","commercial","Microsoft (proprietary)","","http://support.microsoft.com/help/242161","https://www.mdgx.com/files/Q242161.EXE","Microsoft component; class from memory"
"mdgx-web","Microsoft Windows 98 USB OpenHCI Controller on Fast Computers OPENHCI.SYS 4.10.2022 Fix","","98","","WINDOWS 98 ESSENTIAL FREE UPGRADES + FIXES","commercial","Microsoft (proprietary)","","http://support.microsoft.com/help/241134","http://download.microsoft.com/download/win98SE/Update/4003/W98/EN-US/241134usa8.exe","Microsoft component; class from memory"
"mdgx-web","Microsoft Windows 98 CardBus TI 14xx or 44xx Card Controllers PCI.VXD 4.10.2018 Fix","","98","","WINDOWS 98 ESSENTIAL FREE UPGRADES + FIXES","commercial","Microsoft (proprietary)","","http://support.microsoft.com/help/233017","http://public.office.iway.be/microsoft/Windows%209x/Flash%20ATA%20Hotfix/233017UP.EXE","Microsoft component; class from memory"
"mdgx-web","Microsoft Windows 98 Slow Large Backup VCACHE.VXD 4.10.2183 Fix","","98","","WINDOWS 98 ESSENTIAL FREE UPGRADES + FIXES","commercial","Microsoft (proprietary)","","http://support.microsoft.com/help/224073","https://www.mdgx.com/files/Q224073.EXE","Microsoft component; class from memory"
"mdgx-web","Microsoft Windows 98 ACPI Sleep Button Disabled NTKERN.VXD 4.10.2103 Fix","","98","","WINDOWS 98 ESSENTIAL FREE UPGRADES + FIXES","commercial","Microsoft (proprietary)","","http://support.microsoft.com/help/222902","https://www.mdgx.com/files/Q222903.EXE","Microsoft component; class from memory"
"mdgx-web","Microsoft Windows 98 Computer Hangs After 49.7 Days VTDAPI.VXD 4.10.2012 Fix","","98","","WINDOWS 98 ESSENTIAL FREE UPGRADES + FIXES","commercial","Microsoft (proprietary)","","http://support.microsoft.com/help/216641","http://download.microsoft.com/download/win95upg/Update/8/W95/EN-US/216641up.exe","Microsoft component; class from memory"
"mdgx-web","Microsoft Windows 98 GPF/IPF During Setup DBLBUFF.SYS Fix","","98","","WINDOWS 98 ESSENTIAL FREE UPGRADES + FIXES","commercial","Microsoft (proprietary)","","http://support.microsoft.com/help/209321","https://www.mdgx.com/files/Q209321.EXE","Microsoft component; class from memory"
"mdgx-web","Microsoft Windows 98 Legacy Parallel Devices Error VCOMM.VXD 4.10.2018 Fix","","98","","WINDOWS 98 ESSENTIAL FREE UPGRADES + FIXES","commercial","Microsoft (proprietary)","","http://support.microsoft.com/help/242939","https://www.mdgx.com/files/Q242939.EXE","Microsoft component; class from memory"
"mdgx-web","Microsoft Windows 98 IBM Unimodem APM Error UNIMDM.TSP 4.10.2016, UNIMODEM.VXD 4.10.2012 + VCOMM.VXD 4.10.2012 Fix","","98","","WINDOWS 98 ESSENTIAL FREE UPGRADES + FIXES","commercial","Microsoft (proprietary)","","","ftp://ftp.software.ibm.com/pc/pccbbs/mobiles/w98sfdit.exe","Microsoft component; class from memory"
"mdgx-web","Microsoft Windows 98 PC98 Hardware Devices Error SMARTVSD.VXD 4.00.1111 Fix","","98","","WINDOWS 98 ESSENTIAL FREE UPGRADES + FIXES","commercial","Microsoft (proprietary)","","http://support.microsoft.com/help/199886","https://www.mdgx.com/files/Q199886.EXE","Microsoft component; class from memory"
"mdgx-web","Microsoft Windows 98 Clipped Screen DVD Movie DVDPLAY.EXE Fix","","98","","WINDOWS 98 ESSENTIAL FREE UPGRADES + FIXES","commercial","Microsoft (proprietary)","","http://support.microsoft.com/help/196527","https://www.mdgx.com/files/Q196527.EXE","Microsoft component; class from memory"
"mdgx-web","Microsoft Windows 98 AGP Hangs After Suspend/Standby PCIMP.PCI + PCI.VXD 4.10.2017 Fix","","98","","WINDOWS 98 ESSENTIAL FREE UPGRADES + FIXES","commercial","Microsoft (proprietary)","","http://support.microsoft.com/help/195564","https://www.mdgx.com/files/Q195564.EXE","Microsoft component; class from memory"
"mdgx-web","Microsoft Windows 98 IBM ThinkPad Laptops ACPI Standby Error With IDE DMA Hard Disk ESDI_506.PDR 4.10.2001 + IOS.VXD 4.10.2001 Fix","","98","","WINDOWS 98 ESSENTIAL FREE UPGRADES + FIXES","commercial","Microsoft (proprietary)","","http://support.microsoft.com/help/193473","https://www.mdgx.com/files/Q193473.EXE","Microsoft component; class from memory"
"mdgx-web","Microsoft Windows 95B/95C OSR2/98 IPF Error NWNP32.DLL 4.10.2000 Fix","","95B/95C OSR2/98","Requires Microsoft Client for Netware Networks or Novell Netware Client 3.x/4.x already installed!","WINDOWS 98 ESSENTIAL FREE UPGRADES + FIXES","commercial","Microsoft (proprietary)","","http://support.microsoft.com/help/192249","http://download.microsoft.com/download/win98/update/2/w98/en-us/nwnp32.exe","Microsoft component; class from memory"
"mdgx-web","Microsoft Windows 98 DNS Settings Not Saved From Batch Setup MSTCP.DLL 4.10.2012 Fix","","98","","WINDOWS 98 ESSENTIAL FREE UPGRADES + FIXES","commercial","Microsoft (proprietary)","","http://support.microsoft.com/help/192117","https://www.mdgx.com/files/Q192117.EXE","Microsoft component; class from memory"
"mdgx-web","Microsoft Windows 98 Video Capture WDM Driver KSWDMCAP.AX, VFWWDM32.DLL + VFWWDM.DRV 4.10.2043 Fix","","98","","WINDOWS 98 ESSENTIAL FREE UPGRADES + FIXES","commercial","Microsoft (proprietary)","","http://support.microsoft.com/help/192112","https://www.mdgx.com/files/Q192112.EXE","Microsoft component; class from memory"
"mdgx-web","Microsoft Windows 98 ACPI Standby Error CONFIGMG.VXD 4.10.2101, NTKERN.VXD 4.10.2102 + VPOWERD.VXD 4.10.2101 Fix","","98","","WINDOWS 98 ESSENTIAL FREE UPGRADES + FIXES","commercial","Microsoft (proprietary)","","http://support.microsoft.com/help/190715","https://www.mdgx.com/files/Q190715.EXE","Microsoft component; class from memory"
"mdgx-web","Microsoft Windows 98 USB USBAUDIO.SYS + USBHUB.SYS 4.10.2000 Fix","","98","","WINDOWS 98 ESSENTIAL FREE UPGRADES + FIXES","commercial","Microsoft (proprietary)","","","http://www.visiongs.de/vfwupd.exe","Microsoft component; class from memory"
"mdgx-web","Microsoft Windows 98 Microsoft + Novell Networks + Client NETDI.DLL 4.10.2029 Fix","","98","","WINDOWS 98 ESSENTIAL FREE UPGRADES + FIXES","commercial","Microsoft (proprietary)","","http://support.microsoft.com/help/190656","http://download.microsoft.com/download/win98/Update/Q190656/W98/EN-US/190656_98UP.EXE","Microsoft component; class from memory"
"mdgx-web","Microsoft Windows 98 Cached Domain Password MSNP32.DLL 4.10.2000 Security Vulnerability Fix","","98","","WINDOWS 98 ESSENTIAL FREE UPGRADES + FIXES","commercial","Microsoft (proprietary)","","http://technet.microsoft.com/library/security/ms99-052.aspx","http://download.microsoft.com/download/win98/update/168115/w98/en-us/168115us8.exe","Microsoft component; class from memory"
"mdgx-web","Microsoft Windows NT 4.0/98/98 SP1/98 SE System Preparation Tools","","NT","","WINDOWS 98 ESSENTIAL FREE UPGRADES + FIXES","commercial","Microsoft (proprietary)","","http://support.microsoft.com/help/195446","https://web.archive.org/web/20080222200834/http://download.microsoft.com/download/winntwks40/Utility/4.71.1015.0/NT4/EN-US/WIN_DEPLOY.exe","Microsoft component; class from memory"
"mdgx-web","Unofficial Windows 95B/95C OSR 2.x Upgrades, Patches + Fixes List","","95B/95C OSR 2.x","","WINDOWS 95B/95C OSR 2.X ESSENTIAL FREE UPGRADES + FIXES","commercial","unofficial patch of Microsoft files","","https://web.archive.org/web/20030801182223/www.walbeehm.com/win95upd.html","","unofficial fix repackaging Microsoft system files; class from memory"
"mdgx-web","Unofficial Windows 95B/95C OSR 2.0/2.1/2.5 Service Pack 1 (SP1) 1.05","","95B/95C OSR 2.0","","Windows 95B/95C OSR2 Service Pack 1 (SP1) + Unofficial Updates/Fixes","freeware","English, free","https://www.mdgx.com/web.htm","http://www.msfn.org/board/index.php?showtopic=129504","https://www.mdgx.com/spx/OSR2SP1.EXE","label: OSR2 SP1; class from source tag 'English, free' (entry text); unofficial patch/pack that likely contains Microsoft files: the free tag does not settle redistribution rights"
"mdgx-web","Unofficial Windows 95B/95C OSR 2.x USB Storage Driver Pack (USBSTR95) Beta 1","","95B/95C OSR 2.x","","Windows 95B/95C OSR2 Service Pack 1 (SP1) + Unofficial Updates/Fixes","freeware","free, English","https://www.mdgx.com/web.htm","http://www.msfn.org/board/index.php?showtopic=109521","https://www.mdgx.com/spx/USBSTR95.EXE","label: USBSTR95; class from source tag 'free, English' (entry text)"
"mdgx-web","Unofficial Windows 95/95a OSR1/95B OSR2.0/95C OSR2.5 Fixed 2.1 GHz CPU Limitation Patch","","95/95a OSR1/95B OSR2.0/95C OSR2.5","","Windows 95B/95C OSR2 Service Pack 1 (SP1) + Unofficial Updates/Fixes","freeware","free, English","https://www.mdgx.com/web.htm","http://www.msfn.org/board/index.php?showtopic=141402","https://www.mdgx.com/spx/FIX95CPU.ZIP","label: FIX95CPU; class from source tag 'free, English' (entry text); unofficial patch/pack that likely contains Microsoft files: the free tag does not settle redistribution rights"
"mdgx-web","Microsoft Windows 95B/95C OSR 2.x OPTi FireStar Chipset Not Recognized PCIMP.PCI 4.00.1113 + MACHINE.INF Fix","","95B/95C OSR 2.x","","Windows 95B/95C OSR2 Updates + Fixes","commercial","Microsoft (proprietary)","","http://support.microsoft.com/help/174733","https://www.mdgx.com/files/PCIMPUPD.EXE","Microsoft component; class from memory"
"mdgx-web","Microsoft Windows 95B/95C OSR 2.x Driver Update Errors SYSDM.CPL 4.00.1112 Fix","","95B/95C OSR 2.x","","Windows 95B/95C OSR2 Updates + Fixes","commercial","Microsoft (proprietary)","","http://support.microsoft.com/help/170325","https://www.mdgx.com/files/SYSDMUPD.EXE","Microsoft component; class from memory"
"mdgx-web","Microsoft Windows 95B OSR 2.x Zoomed Video Card MPEG Playback Noise SOCKETSV.VXD 4.00.1112 Fix","","95B OSR 2.x","","Windows 95B/95C OSR2 Updates + Fixes","commercial","Microsoft (proprietary)","","http://support.microsoft.com/help/161992","https://www.mdgx.com/files/SOCKSVUP.EXE","Microsoft component; class from memory"
"mdgx-web","Microsoft Windows 95B/95C OSR 2.x Standby Resume Error VPOWERD.VXD 4.00.1112 Fix","","95B/95C OSR 2.x","","Windows 95B/95C OSR2 Updates + Fixes","commercial","Microsoft (proprietary)","","http://support.microsoft.com/help/162052","https://www.mdgx.com/files/VPWRUPD.EXE","Microsoft component; class from memory"
"mdgx-web","Unofficial Windows 95B/95C OSR 2.x 48-bit LBA (Logical Block Addressing) > 137 GB (E)IDE/ATAPI Hard Disk Driver ESDI_506.PDR 4.00.1119 Fix","","95B/95C OSR 2.x","","Windows 95B/95C OSR2 Updates + Fixes","commercial","unofficial patch of Microsoft files","","http://www.msfn.org/board/index.php?showtopic=78592","https://www.mdgx.com/files/48BLOSR2.EXE","unofficial fix repackaging Microsoft system files; class from memory"
"mdgx-web","Microsoft Windows 95B/95C OSR 2.0/2.1/2.5 USB Service Update Packs MUST be installed in this EXACT order","","95B/95C OSR 2.0","Microsoft Windows 95B/95C OSR 2.0/2.1/2.5 USB Service Update Packs MUST be installed in this EXACT order (English): USBMan OSR 2.x USB Service Packs install Guide .","Windows 95B/95C OSR2 Updates + Fixes","commercial","Microsoft (proprietary)","","http://www.usbman.com/Win95%20USB%20Guide.htm","http://www.usbman.com/WebDrivers/Intel%20USB%20System%20Check/USBREADY.EXE","class from source tag 'freeware' (entry text); Microsoft component: source tag describes a free download, not redistribution rights; Microsoft component; class from memory"
"mdgx-web","Microsoft Windows 95B/95C OSR 2.x AMD CPUs > 350 MHz Protection Error NTKERN.VXD ( OSR 2.1 ONLY! ), ESDI_506.PDR, HSFLOP.PDR, SCSIPORT.PDR, CDFS.VXD, DISKTSD.VXD, INT13.VXD, IOS.VXD + VFBACKUP.VXD Fix","","95B/95C OSR 2.x","Requires 90 MHz or faster x86 CPU + minimum 32 MB RAM!","Windows 95B/95C OSR2 Updates + Fixes","commercial","Microsoft (proprietary)","","http://support.microsoft.com/help/192841","http://download.microsoft.com/download/win95upg/patch/1.2/w95/en-us/amdk6upd.exe","Microsoft component; class from memory"
"mdgx-web","Microsoft Windows 95B/95C OSR 2.x CD/DVD Drive Errors CDVSD.VXD 4.00.1113 Fix","","95B/95C OSR 2.x","","Windows 95B/95C OSR2 Updates + Fixes","commercial","Microsoft (proprietary)","","","https://www.mdgx.com/files/CDVSDUPD.EXE","Microsoft component; class from memory"
"mdgx-web","Microsoft Windows 95B/95C OSR 2.x ATAPI CD-ROM Changer Miniport Errors ATAPCHNG.VXD 4.00.1112 Fix","","95B/95C OSR 2.x","","Windows 95B/95C OSR2 Updates + Fixes","commercial","Microsoft (proprietary)","","http://support.microsoft.com/help/194936","https://www.mdgx.com/files/ATAPCUPD.EXE","Microsoft component; class from memory"
"mdgx-web","Microsoft Windows 95B/95C OSR 2.x SCSI Devices Unassigned Drive Letters IOS.VXD 4.00.1115 + CONFIGMG.VXD 4.00.1114 Fix","","95B/95C OSR 2.x","","Windows 95B/95C OSR2 Updates + Fixes","commercial","Microsoft (proprietary)","","http://support.microsoft.com/help/282901","https://www.mdgx.com/files/Q282901J.EXE","Microsoft component; class from memory"
"mdgx-web","Microsoft Windows 95B/95C OSR 2.x LS-120 Portable Computer Undock Errors IOS.VXD 4.00.1114 Fix","","95B/95C OSR 2.x","Requires AMD CPUs Fix above already installed!","Windows 95B/95C OSR2 Updates + Fixes","commercial","Microsoft (proprietary)","","http://support.microsoft.com/help/231942","https://www.mdgx.com/files/Q231942.EXE","Microsoft component; class from memory"
"mdgx-web","Microsoft Windows 95B OSR 2.0/2.1 PnP CardBus OPENHCI.SYS 4.03.1214, CBSS.VXD, PCCARD.VXD + PCI.VXD 4.00.1120 Fix","","95B OSR 2.0","","Windows 95B/95C OSR2 Updates + Fixes","commercial","Microsoft (proprietary)","","http://www.microsoft.com/windows95/downloads/contents/wurecommended/s_wuservicepacks/pccard/","http://download.microsoft.com/download/win95/Update/5503/W95/EN-US/PCCARDUPD.EXE","Microsoft component; class from memory"
"mdgx-web","Microsoft Windows 95B/95C OSR 2.x PC Card PCI.VXD 4.00.1122 Fix","","95B/95C OSR 2.x","","Windows 95B/95C OSR2 Updates + Fixes","commercial","Microsoft (proprietary)","","http://support.microsoft.com/help/192067","ftp://ftp.toshiba.ca/models/p3440/p3k4e5pc.exe","Microsoft component; class from memory"
"mdgx-web","Microsoft Windows 95B/95C OSR 2.x CardBus Adapter Lockup VMM.VXD 4.03.1217 Fix","","95B/95C OSR 2.x","Requires USB Service Update Pack (USBSUP) already installed!","Windows 95B/95C OSR2 Updates + Fixes","commercial","Microsoft (proprietary)","","http://support.microsoft.com/help/247965","https://www.mdgx.com/files/Q247965.EXE","Microsoft component; class from memory"
"mdgx-web","Microsoft Windows 95B/95C OSR 2.x 8 GB Non-MS-DOS Partition Errors FDISK.EXE Fix","","95B/95C OSR 2.x","","Windows 95B/95C OSR2 Updates + Fixes","commercial","Microsoft (proprietary)","","http://support.microsoft.com/help/245213","https://www.mdgx.com/files/Q245213.EXE","Microsoft component; class from memory"
"mdgx-web","Microsoft Windows 95B OSR 2.0/2.1 Fatal Exception With LS-120 Drive DISKVSD.VXD 4.00.1114 Fix","","95B OSR 2.0","","Windows 95B/95C OSR2 Updates + Fixes","commercial","Microsoft (proprietary)","","http://support.microsoft.com/help/214522","https://www.mdgx.com/files/DISKUPD.EXE","Microsoft component; class from memory"
"mdgx-web","Microsoft Windows 95B/95C OSR 2.x GPF/IPF Errors MSGSRV32.EXE 4.00.1112 Fix","","95B/95C OSR 2.x","","Windows 95B/95C OSR2 Updates + Fixes","commercial","Microsoft (proprietary)","","http://support.microsoft.com/help/188803","https://www.mdgx.com/files/MSGSRVUP.ZIP","Microsoft component; class from memory"
"mdgx-web","Microsoft Windows 95B/95C OSR 2.x SMS Remote Control Lockup GDI32.DLL + GDI.EXE 4.00.955 Fix","","95B/95C OSR 2.x","","Windows 95B/95C OSR2 Updates + Fixes","commercial","Microsoft (proprietary)","","http://support.microsoft.com/help/247578","https://www.mdgx.com/files/Q247578.EXE","Microsoft component; class from memory"
"mdgx-web","Microsoft Windows 95B/95C OSR 2.x Compatibility Mode With Large Hard Disk ESDI_506.PDR 4.00.1119 Fix","","95B/95C OSR 2.x","","Windows 95B/95C OSR2 Updates + Fixes","commercial","Microsoft (proprietary)","","http://support.microsoft.com/help/175629","https://www.mdgx.com/files/Q175629.EXE","Microsoft component; class from memory"
"mdgx-web","Microsoft Windows 95B OSR 2.0/2.1 International (other than U.S. English) Memory Leak IO.SYS Patches","","95B OSR 2.0","","Windows 95B/95C OSR2 Updates + Fixes","commercial","Microsoft (proprietary)","","http://support.microsoft.com/help/170456","","Microsoft component; class from memory"
"mdgx-web","Unofficial Windows 95 → 96 Upgrade","","95","","WINDOWS 95/95A OSR1 ESSENTIAL FREE UPGRADES + FIXES","unknown","","","","https://www.mdgx.com/files/WIN96.ZIP",""
"mdgx-web","Microsoft Windows 95/OSR1 Printer Errors UNIDRV.DLL 4.00.951 Fix","","95/OSR1","","Windows 95 Updates + Fixes","commercial","Microsoft (proprietary)","","http://support.microsoft.com/help/130508","https://www.mdgx.com/files/UNIDRUPD.EXE","Microsoft component; class from memory"
"mdgx-web","Microsoft Windows 95/OSR1/OSR2 Cannot Load Windows NT User Profiles SYNCENG.DLL 4.00.951 Fix","","95/OSR1/OSR2","","Windows 95 Updates + Fixes","commercial","Microsoft (proprietary)","","http://support.microsoft.com/help/146867","https://www.mdgx.com/files/SYNCEUPD.EXE","Microsoft component; class from memory"
"mdgx-web","Microsoft Windows 95/OSR1/OSR2 TDI Network Protocol Problems VTDI.386 4.00.951 Fix","","95/OSR1/OSR2","","Windows 95 Updates + Fixes","commercial","Microsoft (proprietary)","","http://support.microsoft.com/help/142254","https://www.mdgx.com/files/VTDIUPD.EXE","Microsoft component; class from memory"
"mdgx-web","Microsoft Windows 95/OSR1/OSR2 DUN Cannot Dial Local Area Code TAPI32.DLL 4.10.1688 Fix","","95/OSR1/OSR2","Requires TAPI 2.1 Update already installed!","Windows 95 Updates + Fixes","commercial","Microsoft (proprietary)","","http://support.microsoft.com/help/180906","https://www.mdgx.com/files/TAPIUPD.EXE","Microsoft component; class from memory"
"mdgx-web","Microsoft Windows 95/OSR1/OSR2 Memory Management Errors With Pentium CPUs VMM.VXD (4.00.1113 for Win95/95a OSR1 + 4.03.1216 for Win95B/95C OSR 2.0/2.5) Fix","","95/OSR1/OSR2","","Windows 95 Updates + Fixes","commercial","Microsoft (proprietary)","","http://support.microsoft.com/help/179897","https://www.mdgx.com/files/VMM2XUPD.EXE","Microsoft component; class from memory"
"mdgx-web","Unofficial Windows 95/OSR1/OSR2 256 Colors Icons Explorer EXPLORER.EXE 4.00.953 Fix","","95/OSR1/OSR2","","Windows 95 Updates + Fixes","commercial","unofficial patch of Microsoft files","","https://www.mdgx.com/files/explor9x.php","https://www.mdgx.com/files/EXPLOR95.EXE","unofficial fix repackaging Microsoft system files; class from memory"
"mdgx-web","Microsoft Windows 95/OSR1/OSR2 NoFind Policy Error EXPLORER.EXE 4.00.952 Fix","","95/OSR1/OSR2","","Windows 95 Updates + Fixes","commercial","Microsoft (proprietary)","","http://support.microsoft.com/help/172648","https://www.mdgx.com/files/EXPLUPD.EXE","Microsoft component; class from memory"
"mdgx-web","Microsoft Windows 95/OSR1/OSR2 PostScript Printer Skips Blank Pages PSCRIPT.DRV 4.00.952 Fix","","95/OSR1/OSR2","","Windows 95 Updates + Fixes","commercial","Microsoft (proprietary)","","http://support.microsoft.com/help/153461","https://www.mdgx.com/files/PRNTUPD.EXE","Microsoft component; class from memory"
"mdgx-web","Microsoft Windows 95/OSR1/OSR2 Group Policies Error On Windows NT Domain GROUPPOL.DLL Fix","","95/OSR1/OSR2","","Windows 95 Updates + Fixes","commercial","Microsoft (proprietary)","","http://support.microsoft.com/help/150687","https://www.mdgx.com/files/GROUPUPD.EXE","Microsoft component; class from memory"
"mdgx-web","Unofficial Windows 95/OSR1/OSR2 File Manager GPF WINFILE.EXE 4.00.952 Fix","","95/OSR1/OSR2","","Windows 95 Updates + Fixes","commercial","unofficial patch of Microsoft files","","http://support.microsoft.com/help/267375","https://www.mdgx.com/files/WINFIL95.EXE","unofficial fix repackaging Microsoft system files; class from memory"
"mdgx-web","Unofficial Windows 95/98/ME Animated Cursor (.ANI) + Icon Handling Security Vulnerability Q891711.DLL 4.10.2223 + KB891711.EXE 4.10.2227 Fix","","95/98/ME","","Windows 95 Updates + Fixes","commercial","unofficial patch of Microsoft files","","https://www.mdgx.com/files/U891711.TXT","https://www.mdgx.com/files/U891711.EXE","label: U891711; unofficial fix repackaging Microsoft system files; class from memory"
"mdgx-web","Microsoft Windows 95/OSR1/OSR2 Shell Unchecked Buffer Arbitrary Code Execution SHELL32.DLL 4.72.3812.600 Security Vulnerability Fix","","95/OSR1/OSR2","Requires MS IE 5.5 SP2 already installed with Active Desktop (View As Web Page) enabled!","Windows 95 Updates + Fixes","commercial","Microsoft (proprietary)","","http://technet.microsoft.com/library/security/ms02-014.aspx","http://download.microsoft.com/download/ie4095/actdesk/4.01_sp2/W9XNT4/EN-US/q313829.exe","Microsoft component; class from memory"
"mdgx-web","Microsoft Windows 95/OSR1/OSR2 Windows 2000 Domain Users List Error MSAB32.DLL 4.00.950 Fix","","95/OSR1/OSR2","","Windows 95 Updates + Fixes","commercial","Microsoft (proprietary)","","http://support.microsoft.com/help/283032","https://www.mdgx.com/files/Q283032.EXE","Microsoft component; class from memory"
"mdgx-web","Microsoft Windows 95/OSR1/OSR2 Print Queue Errors NWPP32.DLL 4.00.956 Fix","","95/OSR1/OSR2","","Windows 95 Updates + Fixes","commercial","Microsoft (proprietary)","","http://support.microsoft.com/help/250876","https://www.mdgx.com/files/KB250876.EXE","Microsoft component; class from memory"
"mdgx-web","Microsoft Windows 95/OSR1/OSR2 NetWare Servers Delays VCACHE.VXD (4.00.950 for Win95/95a OSR1 + 4.00.1111 for Win95B/95C OSR2) Fix","","95/OSR1/OSR2","","Windows 95 Updates + Fixes","commercial","Microsoft (proprietary)","","http://support.microsoft.com/help/194827","https://www.mdgx.com/files/Q194827.EXE","Microsoft component; class from memory"
"mdgx-web","Microsoft Windows 95/OSR1/OSR2 Token Ring Server Errors NET.EXE Fix","","95/OSR1/OSR2","","Windows 95 Updates + Fixes","commercial","Microsoft (proprietary)","","http://support.microsoft.com/help/154684","https://www.mdgx.com/files/Q154684.EXE","Microsoft component; class from memory"
"mdgx-web","Microsoft Windows 95/OSR1/OSR2 Profiles + Briefcase Errors LINKINFO.DLL 4.00.951 Fix","","95/OSR1/OSR2","","Windows 95 Updates + Fixes","commercial","Microsoft (proprietary)","","http://support.microsoft.com/help/160808","https://www.mdgx.com/files/LINKIUPD.EXE","Microsoft component; class from memory"
"mdgx-web","Microsoft Windows 95/OSR1/OSR2 NetBIOS IPX/SPX With Dial-Up Networking (DUN) Errors NWNBLINK.VXD 4.00.952 Fix","","95/OSR1/OSR2","","Windows 95 Updates + Fixes","commercial","Microsoft (proprietary)","","http://support.microsoft.com/help/175055","https://www.mdgx.com/files/NWNBLUPD.EXE","Microsoft component; class from memory"
"mdgx-web","Microsoft Windows 95/OSR1/OSR2 NCP File Error NWREDIR.VXD 4.00.1114 Fix","","95/OSR1/OSR2","","Windows 95 Updates + Fixes","commercial","Microsoft (proprietary)","","http://support.microsoft.com/help/242194","https://www.mdgx.com/files/Q242193.EXE","Microsoft component; class from memory"
"mdgx-web","Microsoft Windows 95/OSR1/OSR2 UNC Name Error MPR.DLL 4.00.951 + MPRSERV.DLL 4.00.964 Fix","","95/OSR1/OSR2","","Windows 95 Updates + Fixes","commercial","Microsoft (proprietary)","","http://support.microsoft.com/help/259110","https://www.mdgx.com/files/Q259110.EXE","Microsoft component; class from memory"
"mdgx-web","Microsoft Windows 95/OSR1/OSR2 Hardware Profile Errors IO.SYS Fix","","95/OSR1/OSR2","","Windows 95 Updates + Fixes","commercial","Microsoft (proprietary)","","http://support.microsoft.com/help/185301","https://www.mdgx.com/files/IOSYSUPD.EXE","Microsoft component; class from memory"
"mdgx-web","Microsoft Windows 95/OSR1/OSR2 System Date Error TIMEDATE.CPL 4.00.955 Fix","","95/OSR1/OSR2","","Windows 95 Updates + Fixes","commercial","Microsoft (proprietary)","","http://support.microsoft.com/help/237493","https://www.mdgx.com/files/Q237493.EXE","Microsoft component; class from memory"
"mdgx-web","Microsoft Windows 95/OSR1/OSR2 Screen Saver Password Vulnerability PASSWORD.CPL 4.00.954 Fix","","95/OSR1/OSR2","","Windows 95 Updates + Fixes","commercial","Microsoft (proprietary)","","http://support.microsoft.com/help/237956","https://www.mdgx.com/files/Q237956.EXE","Microsoft component; class from memory"
"mdgx-web","Microsoft Windows 95/95a OSR1/95B OSR 2.0/2.1 UNC Share SHELL32.DLL 4.00.955 Fix","","95/95a OSR1/95B OSR 2.0","","Windows 95 Updates + Fixes","commercial","Microsoft (proprietary)","","http://support.microsoft.com/help/160807","https://www.mdgx.com/files/SHELLUPD.EXE","Microsoft component; class from memory"
"mdgx-web","Microsoft Windows 95/OSR1/OSR2 Dial-Up Networking (DUN) Upgrade","1.4","95/OSR1/OSR2","","Windows 95 Updates + Fixes","commercial","Microsoft (proprietary)","","https://web.archive.org/web/20050316085327/http://support.microsoft.com/help/285189","http://download.microsoft.com/download/win95/Update/17648/W95/EN-US/dun14-95.exe","Microsoft component; class from memory"
"mdgx-web","Microsoft Windows 95/OSR1/OSR2 Winsock (Windows Sockets) Upgrade","2.0","95/OSR1/OSR2","","Windows 95 Updates + Fixes","commercial","Microsoft (proprietary)","","https://web.archive.org/web/20110302085642/http://support.microsoft.com/help/182108","https://web.archive.org/web/20110302085642/http://download.microsoft.com/download/0/e/0/0e05231b-6bd1-4def-a216-c656fbd22b4e/w95ws2setup.exe","Microsoft component; class from memory"
"mdgx-web","Microsoft Windows 95/OSR1/OSR2 Malformed IPX NMPI Packet NWLINK.VXD + VSERVER.VXD Security Vulnerability Fix","","95/OSR1/OSR2","","Windows 95 Updates + Fixes","commercial","Microsoft (proprietary)","","http://technet.microsoft.com/library/security/ms00-073.aspx","http://download.microsoft.com/download/win95/Update/11974/W95/EN-US/273727USA5.EXE","Microsoft component; class from memory"
"mdgx-web","Microsoft Windows 95/OSR1/OSR2 TCP/IP Prematurely Transmitted Packets VTCP.386 4.10.1658 Fix","","95/OSR1/OSR2","","Windows 95 Updates + Fixes","commercial","Microsoft (proprietary)","","http://support.microsoft.com/help/236926","http://download.microsoft.com/download/win95/update/3111/w95/en-us/236926usa5.exe","Microsoft component; class from memory"
"mdgx-web","Microsoft Windows 95/95a OSR1 S.M.A.R.T. ESDI_506.PDR 4.00.1116, SMARTVSD.VXD 4.00.1111 + VOLTRACK.VXD 4.00.954 Update","","95/95a OSR1","","Windows 95 Updates + Fixes","commercial","Microsoft (proprietary)","","http://support.microsoft.com/help/252215/","https://www.mdgx.com/files/Q252215.EXE","Microsoft component; class from memory"
"mdgx-web","Microsoft Windows 95/OSR1/OSR2 DOS Device in Path Name IFSMGR.VXD 4.00.1116 Security Vulnerability Fix","","95/OSR1/OSR2","","Windows 95 Updates + Fixes","commercial","Microsoft (proprietary)","","http://support.microsoft.com/help/256015/","https://www.mdgx.com/files/KB256015.EXE","Microsoft component; class from memory"
"mdgx-web","Microsoft Windows 95/OSR1/OSR2 PnP Serial Devices Printer Install Error SERENUM.VXD 4.10.2222 Fix","","95/OSR1/OSR2","","Windows 95 Updates + Fixes","commercial","Microsoft (proprietary)","","http://support.microsoft.com/help/242941","https://www.mdgx.com/files/Q242941.EXE","Microsoft component; class from memory"
"mdgx-web","Microsoft Windows 95/OSR1/OSR2 Shutdown Lockup USER32.DLL + USER.EXE 4.00.954 Fix","","95/OSR1/OSR2","","Windows 95 Updates + Fixes","commercial","Microsoft (proprietary)","","http://support.microsoft.com/help/242934","https://www.mdgx.com/files/Q242934.EXE","Microsoft component; class from memory"
"mdgx-web","Unofficial Windows 95/OSR1/OSR2 OpenGL IPF Error OPENGL32.DLL 4.1.1381.7035 Fix","4.00","95/OSR1/OSR2","","Windows 95 Updates + Fixes","commercial","unofficial patch of Microsoft files","","http://support.microsoft.com/help/240896","https://www.mdgx.com/files/GL240896.EXE","unofficial fix repackaging Microsoft system files; class from memory"
"mdgx-web","Microsoft Windows 95/OSR1/OSR2 NDIS Errors DLC.VXD 4.10.996 Fix","","95/OSR1/OSR2","","Windows 95 Updates + Fixes","commercial","Microsoft (proprietary)","","http://support.microsoft.com/help/239918","https://www.mdgx.com/files/Q239918.EXE","Microsoft component; class from memory"
"mdgx-web","Microsoft Windows 95/OSR1/OSR2 Network Neighborhood Errors VREDIR.VXD 4.00.1122 Fix","","95/OSR1/OSR2","","Windows 95 Updates + Fixes","commercial","Microsoft (proprietary)","","http://support.microsoft.com/help/238853","https://www.mdgx.com/files/Q238853.EXE","Microsoft component; class from memory"
"mdgx-web","Microsoft Windows 95/OSR1/OSR2 Cached Domain Password MSNP32.DLL 4.00.957 Security Vulnerability Fix","","95/OSR1/OSR2","","Windows 95 Updates + Fixes","commercial","Microsoft (proprietary)","","http://technet.microsoft.com/library/security/ms99-052.aspx","https://www.mdgx.com/files/KB168115.EXE","Microsoft component; class from memory"
"mdgx-web","Microsoft Windows 95/OSR1/OSR2 Password MPRSERV.DLL, NWNET32.DLL, NWREDIR.VXD, PPPMAC.VXD, RASAPI32.DLL, VNETSUP.VXD + VREDIR.VXD Security Vulnerability Fix","","95/OSR1/OSR2","","Windows 95 Updates + Fixes","commercial","Microsoft (proprietary)","","http://support.microsoft.com/help/165402","http://download.microsoft.com/download/win95upg/osr1/1/W95/EN-US/secupd.exe","Microsoft component; class from memory"
"mdgx-web","Microsoft Windows 95/OSR1/OSR2 Password MPRSERV.DLL Fix","","95/OSR1/OSR2","","Windows 95 Updates + Fixes","commercial","Microsoft (proprietary)","","http://support.microsoft.com/help/241052","http://wireless.cisbg.com/soft/Cisco_Aironet/Utilities/Windows/acuv415015hotfix.zip","Microsoft component; class from memory"
"mdgx-web","Microsoft Windows 95/OSR1/OSR2 TAPI","2.1 Update","95/OSR1/OSR2","","Windows 95 Updates + Fixes","commercial","Microsoft (proprietary)","","","ftp://ftp.microsoft.com/developr/tapi/tapi2195.zip","Microsoft component; class from memory"
"mdgx-web","Microsoft Windows 95a OSR1/95B/95C OSR2.x Data/Fax/Voice Modems Unimodem V 4.10.1343 Update","","95a OSR1/95B/95C OSR2.x","","Windows 95 Updates + Fixes","commercial","Microsoft (proprietary)","","http://www.microsoft.com/whdc/archive/directions.mspx","http://www.soft-haus.com/vsoft/files/a5582.zip","Microsoft component; class from memory"
"mdgx-web","Microsoft Windows 95/OSR1 Data/Fax/Voice Modems Unimodem V 4.10.431 Update","","95/OSR1","","Windows 95 Updates + Fixes","commercial","Microsoft (proprietary)","","http://support.microsoft.com/help/139383","http://download.microsoft.com/download/win95upg/unimodem/1/W95/EN-US/unimodv.exe","Microsoft component; class from memory"
"mdgx-web","Microsoft Windows 95/OSR1/OSR2 Year 2000 (Y2K) Update VDHCP.386, COMMAND.COM, TIMEDATE.CPL, CFGMGR32.DLL, COMCTL32.DLL, MFC40.DLL, MSVCRT40.DLL, SETUPAPI.DLL, SHELL32.DLL, DIALER.EXE, WINFILE.EXE + XCOPY(32).EXE Fixes","","95/OSR1/OSR2","","Windows 95 Updates + Fixes","commercial","Microsoft (proprietary)","","http://support.microsoft.com/help/225050","https://www.mdgx.com/files/W95Y2K.EXE","Microsoft component; class from memory"
"mdgx-web","Microsoft Windows 95/OSR1/OSR2 Computer Hangs After 49.7 Days VTDAPI.VXD 4.00.950 Fix","","95/OSR1/OSR2","","Windows 95 Updates + Fixes","commercial","Microsoft (proprietary)","","http://support.microsoft.com/help/216641","http://download.microsoft.com/download/win95upg/update5/1/w95/EN-US/vtdapi95.exe","Microsoft component; class from memory"
"mdgx-web","Microsoft Windows 95/OSR1 LBA and INT13 IDE Hard Disk Data Loss DISKTSD.VXD 4.00.952 Fix","","95/OSR1","","Windows 95 Updates + Fixes","commercial","Microsoft (proprietary)","","http://support.microsoft.com/help/148821","http://download.microsoft.com/download/win95upg/update/2/w95/EN-US/Dsktsupd.exe","Microsoft component; class from memory"
"mdgx-web","Microsoft Windows 95/OSR1/OSR2 IDE Driver ESDI_506.PDR 4.00.1116 + VOLTRACK.VXD (4.00.954 for Win95/OSR1 + 4.00.1112 for Win95B/95C OSR2) Fix","","95/OSR1/OSR2","","Windows 95 Updates + Fixes","commercial","Microsoft (proprietary)","","http://support.microsoft.com/help/171353","https://www.mdgx.com/files/Q273468.EXE","Microsoft component; class from memory"
"mdgx-web","Microsoft Windows 95/OSR1 HD + CD Drive IOS.VXD 4.00.953 Fix","","95/OSR1","","Windows 95 Updates + Fixes","commercial","Microsoft (proprietary)","","http://support.microsoft.com/help/149563","http://download.microsoft.com/download/win95upg/tool_k/1.0/W95/EN-US/Iosupd.exe","Microsoft component; class from memory"
"mdgx-web","Microsoft Windows 95/OSR1 Password Cache Encryption MSPWL32.DLL + NET.EXE Fix","","95/OSR1","","Windows 95 Updates + Fixes","commercial","Microsoft (proprietary)","","http://support.microsoft.com/help/132807","http://download.microsoft.com/download/win95/Update/95/w95/EN-US/mspwlupd.exe","Microsoft component; class from memory"
"mdgx-web","Microsoft Windows 95/OSR1 Socket KERNEL32.DLL 4.00.951 Fix","","95/OSR1","","Windows 95 Updates + Fixes","commercial","Microsoft (proprietary)","","http://www.microsoft.com/windows95/downloads/contents/wuadmintools/s_wunetworkingtools/w95kernel32/","http://download.microsoft.com/download/0/9/4/094ED635-18BD-4FC5-BC29-8EDB661857B9/w95krnlupd.exe","Microsoft component; class from memory"
"mdgx-web","Microsoft Windows 95/OSR1/OSR2 ECP Port LPT.VXD 4.00.955 Fix","","95/OSR1/OSR2","","Windows 95 Updates + Fixes","commercial","Microsoft (proprietary)","","http://support.microsoft.com/help/137152","https://www.mdgx.com/files/PRNT5UPD.EXE","Microsoft component; class from memory"
"mdgx-web","Microsoft Windows 95/OSR1 Floppy Driver HSFLOP.PDR 4.00.951 Fix","","95/OSR1","","Windows 95 Updates + Fixes","commercial","Microsoft (proprietary)","","http://support.microsoft.com/help/145760","http://cdgenp01.csd.toshiba.com/content/support/downloads/hsflop.exe","Microsoft component; class from memory"
"mdgx-web","Microsoft Windows 95/OSR1/OSR2 IOS Failed to Initialize RMM.PDR 4.00.1112 Fix","","95/OSR1/OSR2","","Windows 95 Updates + Fixes","commercial","Microsoft (proprietary)","","http://support.microsoft.com/help/157924","https://www.mdgx.com/files/IOSFIX.EXE","Microsoft component; class from memory"
"mdgx-web","Microsoft Windows 95/OSR1 Spooler SPOOLSS.DLL 4.00.953 Fix","","95/OSR1","","Windows 95 Updates + Fixes","commercial","Microsoft (proprietary)","","http://support.microsoft.com/help/167775","https://www.mdgx.com/files/SPOOLUPD.EXE","Microsoft component; class from memory"
"mdgx-web","Microsoft Windows 95/OSR1 Floppy Disk Drives Errors ESDI_506.PDR 4.00.1118, HSFLOP.PDR 4.00.1113, SCSIPORT.PDR 4.00.951, CDFS.VXD 4.00.952, DISKTSD.VXD 4.00.953, INT13.VXD 4.00.1112, IOS.VXD 4.00.1113 + VFBACKUP.VXD 4.00.1114 Fix","","95/OSR1","Requires 90 MHz or faster x86 CPU + minimum 32 MB RAM!","Windows 95 Updates + Fixes","commercial","Microsoft (proprietary)","","http://support.microsoft.com/help/159153","https://www.mdgx.com/files/FLOPUPD5.EXE","Microsoft component; class from memory"
"mdgx-web","Microsoft Windows 95/OSR1/OSR2 Malformed Telnet Argument TELNET.EXE Security Vulnerability Fix","","95/OSR1/OSR2","","Windows 95 Updates + Fixes","commercial","Microsoft (proprietary)","","http://technet.microsoft.com/library/security/ms99-033.aspx","http://download.microsoft.com/download/win95upg/Update/10/W95/EN-US/telnet95.exe","Microsoft component; class from memory"
"mdgx-web","Microsoft Windows 95/OSR1/OSR2 8 Levels Deep Folder CD/DVD Copy Error CDFS.VXD (4.00.952 for Win95/95a OSR1 + 4.00.1113 for Win95B/95C OSR2) Fix","","95/OSR1/OSR2","","Windows 95 Updates + Fixes","commercial","Microsoft (proprietary)","","http://support.microsoft.com/help/274175","https://www.mdgx.com/files/Q274175.EXE","Microsoft component; class from memory"
"mdgx-web","Microsoft Windows 95/OSR1/OSR2 Regional Settings Errors KERNEL32.DLL (4.00.952 for Win95/95a OSR1, 4.00.1112 for Win95B OSR 2.0 + 4.03.1216 for Win95B/95C OSR 2.1/2.5) + MPRSERV.DLL 4.00.962 Fix","","95/OSR1/OSR2","","Windows 95 Updates + Fixes","commercial","Microsoft (proprietary)","","http://support.microsoft.com/help/175086","https://www.mdgx.com/files/Q175086.EXE","Microsoft component; class from memory"
"mdgx-web","Microsoft Windows 95/OSR1/OSR2 Winsock 2.0 Error RNR20.DLL 4.10.1662 Fix","","95/OSR1/OSR2","Requires Winsock Upgrade 2.0 already installed!","Windows 95 Updates + Fixes","commercial","Microsoft (proprietary)","","http://support.microsoft.com/help/216470","https://www.mdgx.com/files/RNR20UPD.EXE","Microsoft component; class from memory"
"mdgx-web","Microsoft Windows 95/OSR1/OSR2 Winsock Errors MSWSOCK.DLL + RNR20.DLL 4.10.1657 Fix","","95/OSR1/OSR2","Requires Winsock Upgrade 2.0 already installed!","Windows 95 Updates + Fixes","commercial","Microsoft (proprietary)","","http://support.microsoft.com/help/182644","https://www.mdgx.com/files/MSWS2UPD.EXE","Microsoft component; class from memory"
"mdgx-web","Microsoft Windows 95/OSR1/OSR2 WinSock Over SPX Errors WSIPX.VXD 4.00.956 Fix","","95/OSR1/OSR2","","Windows 95 Updates + Fixes","commercial","Microsoft (proprietary)","","http://support.microsoft.com/help/171352","https://www.mdgx.com/files/WSIPXUPD.EXE","Microsoft component; class from memory"
"mdgx-web","Microsoft Windows 95/OSR1 SCSI Miniport Errors SCSIPORT.PDR 4.00.951 Fix","","95/OSR1","","Windows 95 Updates + Fixes","commercial","Microsoft (proprietary)","","http://support.microsoft.com/help/160667","https://www.mdgx.com/files/SCSIPUPD.EXE","Microsoft component; class from memory"
"mdgx-web","Microsoft Windows 95/OSR1 CD-ROM Changer Drives Error ATAPCHNG.VXD 4.00.951, CDVSD.VXD 4.00.952, SCSI1HLP.VXD 4.00.953, TORISAN3.VXD 4.00.952 + VOLTRACK.VXD 4.00.952 Fix","","95/OSR1","","Windows 95 Updates + Fixes","commercial","Microsoft (proprietary)","","http://support.microsoft.com/help/140510","http://download.microsoft.com/download/win95upg/cdrom_a/1.0/w95/en-us/cdchnger.exe","Microsoft component; class from memory"
"mdgx-web","Microsoft Windows 95/OSR1 Infrared (IRDA) Communications Driver","2.0 Update","95/OSR1","","Windows 95 Updates + Fixes","commercial","Microsoft (proprietary)","","http://support.microsoft.com/help/139445","http://download.microsoft.com/download/win95upg/w95util/1.0/W95/EN-US/w95ir.exe","Microsoft component; class from memory"
"mdgx-web","Microsoft Windows 95/OSR1/OSR2 Infrared (IRDA) Data Transfer","1.0 Update","95/OSR1/OSR2","","Windows 95 Updates + Fixes","commercial","Microsoft (proprietary)","","http://www.microsoft.com/windows95/downloads/contents/wurecommended/s_wucommunications/w95infraredtrnsf/","http://download.microsoft.com/download/B/5/7/B57268BA-CD00-43A9-A0D4-1C1DA1C3E001/W95irxfer.exe","Microsoft component; class from memory"
"mdgx-web","Microsoft Windows 95/OSR1 OpenGL GLU32.DLL + OPENGL32.DLL Fix","1.1","95/OSR1","","Windows 95 Updates + Fixes","commercial","Microsoft (proprietary)","","http://support.microsoft.com/help/154877","http://download.microsoft.com/download/win95upg/info/1/w95/en-us/opengl95.exe","Microsoft component; class from memory"
"mdgx-web","Microsoft Windows 95/OSR1 Backup Tool BACKUP.EXE Fix","","95/OSR1","","Windows 95 Updates + Fixes","commercial","Microsoft (proprietary)","","http://www.microsoft.com/windows95/downloads/contents/wurecommended/s_wuservicepacks/w95backupUpdate/","http://download.microsoft.com/download/7/1/B/71B10E42-7971-46D3-827B-56012E3F6E6A/W95BACKUPD2.EXE","Microsoft component; class from memory"
"mdgx-web","Microsoft Windows 95/OSR1/OSR2 Support Assistant Self-Help Help Files","","95/OSR1/OSR2","","Windows 95 Updates + Fixes","commercial","Microsoft (proprietary)","","http://support.microsoft.com/help/134363","http://download.microsoft.com/download/win95upg/Utility/2/W9X/EN-US/assist.exe","Microsoft component; class from memory"
"mdgx-web","Microsoft Windows 95/OSR1 System Check Tool (W95CHECK.EXE)","","95/OSR1","","Windows 95 Updates + Fixes","commercial","Microsoft (proprietary)","","http://support.microsoft.com/help/137047","http://download.microsoft.com/download/win95upg/utility1/1/w95/EN-US/ww1247.exe","Microsoft component; class from memory"
"mdgx-web","Microsoft Windows 95 Service Pack 1 (SP1) upgrades Windows 95 Standard Edition to Windows 95a OEM Service Release 1 (OSR1)","","95","","Windows 95 Service Pack 1 (SP1)","commercial","Microsoft (proprietary)","","https://web.archive.org/web/20050205061307/http://support.microsoft.com/?kbid=142794","https://web.archive.org/web/20070222193927/http://download.microsoft.com/download/2/5/2/252f6ada-3c1b-4707-bbbe-41d8c20dc798/W95setup.exe","label: 95 SP1; Microsoft component; class from memory"
