source,name,version,os,needs,category,license_class,license,license_evidence,homepage,download,notes
"mdgx-toy","X-Setup Pro","","9x/NT4/2000/ME/XP/2003/Vista/2008/7","strongly recommended for all power users, gamers, system administrators and anyone aiming to obtain MAXimum computing performance, customization, stability, compatibility and speed (former shareware, now freeware with this key: XSA092-11TA9R-8K12YT ): Windo...","System + Registry Tweakers","freeware-unclear","former shareware, now freeware with this key: XSA092-11TA9R-8K12YT","https://www.mdgx.com/toy.htm","https://www.mdgx.com/xset.htm","http://digilander.libero.it/molearchive3/xqdcxsp-setup-en.zip","class from source tag 'former shareware, now freeware with this key: XSA092-11TA9R-8K12YT' (entry text); source marks it discontinued"
"mdgx-toy","TweakUI","","9x/NT4/2000/ME/XP/2003","","System + Registry Tweakers","commercial","Microsoft (proprietary)","","https://www.mdgx.com/98-3.htm#TWK98","http://download.microsoft.com/download/f/c/a/fca6767b-9ed9-45a6-b352-839afb2a2679/TweakUiPowertoySetup.exe","class from source tag 'FINAL release , free, unsupported, English' (entry text); Microsoft component: source tag describes a free download, not redistribution rights; Microsoft component; class from memory; source says unsupported"
"mdgx-toy","Microsoft Windows XP Power Toys","","XP","Microsoft Windows XP/XP MCE/2003 Time Zone (TZ) tray tool displays + edits multiple time zones: Both require Microsoft .Net Framework Redistributable (NFR) (free)! | Microsoft Mathematics v4.0 32-bit + 64-bit for Windows XP SP3/2003/Vista/2008/7/8/8.1/2012 2D/3D plotter graph calculator + other math + science studies tools for solving systems of equations step-by-step, evaluating triangles, converting from 1 system of u... | WME requires WMENCENG.DLL + WMENC.EXE Fix : Direct download ! | ScreenRecorder requires Microsoft .Net Framework Redistributable (NFR) 3.5 SP1 or newer (free)!","System + Registry Tweakers","commercial","Microsoft (proprietary)","","https://web.archive.org/web/20101206165721/https://www.microsoft.com/windowsxp/downloads/powertoys/xppowertoys.mspx","http://ftp.geisberger.com/pub/microsoft/PowerToySetupXP.exe","label: XP Power Toys; class from source tag 'FINAL release , free, unsupported, English' (entry text); Microsoft component: source tag describes a free download, not redistribution rights; Microsoft component; class from memory; source says unsupported"
"mdgx-toy","Color Control","1.0","XP","Color Control requires Microsoft .Net Framework Redistributable (NFR) 1.1/newer (free)!","System + Registry Tweakers","commercial","Microsoft (proprietary)","","https://www.mdgx.com/add.htm#NFR","http://download.microsoft.com/download/3/b/a/3bac80b2-24a9-4a92-b87d-977b540b2e9c/WinColorSetup.exe","class from source tag 'free' (entry text); Microsoft component: source tag describes a free download, not redistribution rights; Microsoft component; class from memory"
"mdgx-toy","SyncToy","2.1","XP/Vista/7","SyncToy 1.x/2.x requires Microsoft .Net Framework Redistributable (NFR) 2.0 (free)!","System + Registry Tweakers","commercial","Microsoft (proprietary)","","https://web.archive.org/web/20080430165105/https://www.microsoft.com/windowsxp/using/digitalphotography/prophoto/synctoy.mspx","https://web.archive.org/web/20070905223541/http://download.microsoft.com/download/e/0/5/e05a8797-eceb-46f6-ad38-a81609e209a0/Setup.msi","class from source tag 'free' (entry text); Microsoft component: source tag describes a free download, not redistribution rights; Microsoft component; class from memory"
"mdgx-toy","Mouse Without Borders","2.1","XP SP3/2003/Vista/2008/7/8/8.1/2012","Mouse Without Borders requires Microsoft .Net Framework Redistributable (NFR) 2.0/4.0 (free)! | Same version of Mouse Without Borders MUST be installed on ALL connected computers!","System + Registry Tweakers","commercial","Microsoft (proprietary)","","https://www.microsoft.com/download/details.aspx?id=35460","http://download.microsoft.com/download/6/5/8/658AFC4C-DC02-4CB8-839D-10253E89FFF7/MouseWithoutBordersSetup.msi","class from source tag 'free' (entry text); Microsoft component: source tag describes a free download, not redistribution rights; Microsoft component; class from memory"
"mdgx-toy","RAW Image Thumbnailer and Viewer","1.0","XP SP2/2003","RAW Image Thumbnailer and Viewer requires Microsoft .Net Framework Redistributable (NFR) (free)!","System + Registry Tweakers","commercial","Microsoft (proprietary)","","https://www.mdgx.com/add.htm#NFR","https://web.archive.org/web/20150327140740/http://download.microsoft.com/download/b/b/3/bb35c5c1-8059-4bef-83ba-3c44a5c0b2f1/RAWViewerSetup.exe","class from source tag 'free' (entry text); Microsoft component: source tag describes a free download, not redistribution rights; Microsoft component; class from memory"
"mdgx-toy","Image Resizer","","2000/XP/2003/Vista/2008/7","","System + Registry Tweakers","commercial","Microsoft (proprietary)","","http://imageresizer.codeplex.com/","http://download.microsoft.com/download/whistler/Install/2/WXP/EN-US/ImageResizerPowertoySetup.exe","class from source tag 'free' (entry text); Microsoft component: source tag describes a free download, not redistribution rights; Microsoft component; class from memory"
"mdgx-toy","Microsoft Power Toys 95 Set","","95/OSR1/OSR2/NT4","","System + Registry Tweakers","commercial","Microsoft (proprietary)","","ftp://ftp.microsoft.com/peropsys/win_news/FreeSoftware/Powertoy.txt","https://web.archive.org/web/20120206031214/http://download.microsoft.com/download/5/2/e/52e8fd68-e528-4995-abe2-5644583536e1/W95powertoy.exe","label: Power Toys 95; class from source tag 'final release, free, unsupported' (entry text); Microsoft component: source tag describes a free download, not redistribution rights; Microsoft component; class from memory; source says unsupported"
"mdgx-toy","Microsoft Kernel Toys Set","","95/OSR1/OSR2","","System + Registry Tweakers","commercial","Microsoft (proprietary)","","http://www.astonisher.com/archives/bugnet/database/readme/readme_kernal_toys.html","https://web.archive.org/web/20070320222146/http://download.microsoft.com/download/c/1/a/c1a2a8d9-e2e0-4b94-8e47-61583e71b837/W95KRNLTOYS.EXE","label: Kernel Power Toys; class from source tag 'free, unsupported' (entry text); Microsoft component: source tag describes a free download, not redistribution rights; Microsoft component; class from memory; source says unsupported"
"mdgx-toy","MZ Ultimate Tools","","9x/NT4/2000/ME/XP/2003/Vista/2008/7","Require Microsoft .Net Framework Redistributable (NFR) 2.0 (free)!","System + Registry Tweakers","freeware","freeware","https://www.mdgx.com/toy.htm","http://www.mztweak.com/","http://www.mztweak.com/download/MzUltimateTools.zip","class from source tag 'freeware' (entry text)"
"mdgx-toy","XP-AntiSpy","3.98-2","98/2000/ME/XP/2003/Vista/2008/7/8/8.1/2012","","System + Registry Tweakers","freeware","donationware","https://www.mdgx.com/toy.htm","http://www.xp-antispy.org/en/","http://www.xp-antispy.org/en/download/","class from source tag 'donationware' (entry text)"
"mdgx-toy","Winuscon (Windows User Console)","1.56","9x/NT4/2000/ME/XP/2003","","System + Registry Tweakers","freeware","freeware","https://www.mdgx.com/toy.htm","http://www.matirsoft.com/main/winuscon.htm","http://www.matirsoft.com/trials/winuscon.exe","class from source tag 'freeware' (entry text)"
"mdgx-toy","Game Booster","1.51","2000/XP/2003/Vista/2008/7","","System + Registry Tweakers","freeware","freeware","https://www.mdgx.com/toy.htm","http://www.iobit.com/gamebooster.html","http://www.majorgeeks.com/download5952.html","class from source tag 'freeware' (entry text)"
"mdgx-toy","Game XP","1.5.3.20","98/2000/ME/XP/2003","","System + Registry Tweakers","freeware","freeware","https://www.mdgx.com/toy.htm","http://www.theorica.net/gamexp.htm","http://www.theorica.net/download/GameXP.zip","class from source tag 'freeware' (entry text)"
"mdgx-toy","Safe XP","1.5.3.21","98/2000/ME/XP/2003","","System + Registry Tweakers","freeware","freeware","https://www.mdgx.com/toy.htm","http://www.theorica.net/safexp.htm","http://www.theorica.net/download/SafeXP.zip","class from source tag 'freeware' (entry text)"
"mdgx-toy","Dial-a-fix (DAF)","0.57.7","98/2000/ME/XP/2003","","System + Registry Tweakers","freeware","freeware","https://www.mdgx.com/toy.htm","http://wiki.djlizard.net/Dial-a-fix","http://wiki.djlizard.net/Dial-a-fix#Mirrors.2Fdownload_locations.2C_and_articles","class from source tag 'freeware' (entry text)"
"mdgx-toy","Optimizer XP","3.5XG","9x/NT4/2000/ME/XP/2003","","System + Registry Tweakers","freeware","freeware","https://www.mdgx.com/toy.htm","http://www.windowsxlive.net/optimizer-xp/","http://www.windowsxlive.net/download/optimizerxp.zip","class from source tag 'freeware' (entry text)"
"mdgx-toy","Send To Toys","2.4","9x/NT4/2000/ME/XP/2003","","System + Registry Tweakers","freeware","freeware","https://www.mdgx.com/toy.htm","http://www.gabrieleponti.com/software/#sendtotoys","http://www.gabrieleponti.com/downloads/sendtotoys.exe","class from source tag 'freeware' (entry text)"
"mdgx-toy","TweakDB","3.0 Beta 1","9x/NT4/2000/ME/XP/2003","","System + Registry Tweakers","freeware","freeware","https://www.mdgx.com/toy.htm","http://www.tweakdb.tk/","http://www.stickney7.freeserve.co.uk/files/TweakDB3_Beta1_Full.exe","class from source tag 'freeware' (entry text)"
"mdgx-toy","pcTuner beta 5 Special Edition","1.8","9x/NT4/2000/ME/XP","","System + Registry Tweakers","freeware","freeware","https://www.mdgx.com/toy.htm","http://flyrl.perm.ru/?part=pctuner","http://flyrl.perm.ru/files/pctuner_1_8_b5_911_edition_install.exe","class from source tag 'freeware' (entry text)"
"mdgx-toy","RegTick Pro","0.21","9x/NT4/2000/ME/XP","","System + Registry Tweakers","freeware","freeware","https://www.mdgx.com/toy.htm","http://www.pricelesswarehome.org/WoundedMoon/win32/regtickpro.html","","class from source tag 'freeware' (entry text); source marks it discontinued"
"mdgx-toy","Tweak Revisited","3.2","9x/ME","Requires Microsoft Visual Basic 6 (VB6) Runtime Libraries (free)!","System + Registry Tweakers","shareware","crippled shareware","https://www.mdgx.com/toy.htm","https://www.mdgx.com/add.htm#VB6","http://ftp.sunet.se/pub/simtelnet/win95/util/twkrv32.zip","class from source tag 'crippled shareware' (entry text); other tags: free"
"mdgx-toy","Letter Assigner","1.2.0","9x/ME","","System + Registry Tweakers","freeware","freeware","https://www.mdgx.com/toy.htm","http://www.smallvoid.com/article/win9x-letter-assigner.html","https://web.archive.org/web/20040813141855/http://www.v72735.f2s.com/LetAssig/Download.html","class from source tag 'freeware' (entry text); source marks it discontinued"
"mdgx-toy","Tweaker 2001","6.0","9x/NT4/2000/ME/XP","","System + Registry Tweakers","freeware","freeware","https://www.mdgx.com/toy.htm","http://rmsoft.itgo.com/tweaker.html","http://ftp.sunet.se/pub/simtelnet/win95/util/tweak60.zip","class from source tag 'freeware' (entry text)"
"mdgx-toy","Windows Configurator","0.6","9x/ME","","System + Registry Tweakers","freeware","freeware","https://www.mdgx.com/toy.htm","http://skorczyl.w.interia.pl/freeware/index_en.html","http://ftp.sunet.se/pub/simtelnet/win95/util/wndcfg06.exe","class from source tag 'freeware' (entry text)"
"mdgx-toy","More Control","1.0","9x/ME","","System + Registry Tweakers","freeware-unclear","freeware, requires free registration!","https://www.mdgx.com/toy.htm","http://www.lewe.com/?option=com_content&task=view&id=75","","class from source tag 'freeware, requires free registration!' (entry text)"
"mdgx-toy","More Control Control Panel applet","1.1","","","System + Registry Tweakers","unknown","public domain","https://www.mdgx.com/toy.htm","https://www.mdgx.com/files/morecon.php","https://www.mdgx.com/files/MORECN.ZIP","class from source tag 'public domain' (entry text)"
"mdgx-toy","CacheMan","5.50","9x/NT4/2000/ME/XP/2003","","System + Registry Tweakers","shareware","no nag shareware","https://www.mdgx.com/toy.htm","http://www.outertech.com/?_charisma_page=product&id=2","http://www.outertech.com/files/cachm550.exe","class from source tag 'no nag shareware' (entry text)"
"mdgx-toy","CacheBooster","1.00","9x/ME","","System + Registry Tweakers","freeware","freeware","https://www.mdgx.com/toy.htm","http://www.analogx.com/contents/download/system/cb.htm","http://www.analogx.com/files/cbi.exe","class from source tag 'freeware' (entry text)"
"mdgx-toy","TweakAll","3.0","9x/NT4/2000/ME/XP","TweakAll v3.0 32-bit for Windows 9x/NT4/2000/ME/XP tweaks boot/run/shut down options, tons of GUI/Explorer/Internet/Security settings, Vcache/Disk Cache parameters, 3dfx/NVidia video performance, frees unused memory etc, requires installing separate plugins...","System + Registry Tweakers","freeware","freeware","https://www.mdgx.com/toy.htm","http://www.codeforge.co.uk/tweakall.php","http://www.codeforge.co.uk/files/tweakall3fullsetup.exe","class from source tag 'freeware' (entry text)"
"mdgx-toy","Windows Administrator v.3.b","","9x/NT4","","System + Registry Tweakers","freeware","freeware","https://www.mdgx.com/toy.htm","http://www.communicator.pl/winad.html","http://www.communicator.pl/winad_download.html","class from source tag 'freeware' (entry text)"
"mdgx-toy","OEM Logo Stamper","2.07","9x/NT4/2000/ME/XP/2003","","System + Registry Tweakers","freeware-unclear","nag freeware","https://www.mdgx.com/toy.htm","http://www.zemsoft.biz/ols.html","http://www.zemsoft.biz/downloads/olsfree.exe","class from source tag 'nag freeware' (entry text)"
"mdgx-toy","BSOD Properties","1.0a","3.1x/9x/ME","","System + Registry Tweakers","freeware","freeware","https://www.mdgx.com/toy.htm","http://www.toastytech.com/files/bsod.html","http://www.toastytech.com/files/bsodprop.zip","class from source tag 'freeware' (entry text)"
"mdgx-toy","FreeCommander","","9x/NT4/2000/ME/XP/2003/Vista/2008/7/8/8.1/2012/10/2016/2019","","System Enhancers / File Manager + Windows Explorer / File Explorer Replacement Tools","freeware","freeware","https://www.mdgx.com/toy.htm","http://www.freecommander.com/","http://www.freecommander.com/FreeCommanderXE_setup.zip","class from source tag 'freeware' (entry text)"
"mdgx-toy","muCommander","0.9.0","XP/2003/Vista/2008/7/8/8.1/2012/10/2016/2019","Requires Oracle (Sun) Java Runtime Environment (JRE) Standard Edition (Java SE/J2SE) (free)!","System Enhancers / File Manager + Windows Explorer / File Explorer Replacement Tools","open-source","GPL (version not stated by source)","https://www.mdgx.com/toy.htm","http://www.mucommander.com/","http://www.mucommander.com/#download","class from source tag 'free GPL, open source' (entry text); other tags: free"
"mdgx-toy","Double Commander","0.6.6","2000/XP/2003/Vista/2008/7/8/8.1/2012/10/2016/2019","","System Enhancers / File Manager + Windows Explorer / File Explorer Replacement Tools","open-source","GPL (version not stated by source)","https://www.mdgx.com/toy.htm","http://doublecmd.sourceforge.net/","","class from source tag 'free GPL' (entry text)"
"mdgx-toy","NexusFile","5.3.3","XP/2003/Vista/2008/7/8/8.1/2012/10/2016/2019","","System Enhancers / File Manager + Windows Explorer / File Explorer Replacement Tools","freeware","freeware","https://www.mdgx.com/toy.htm","http://www.xiles.net/nexusfile/","http://www.xiles.net/pds/NexusFileSetup5.3.3.exe","class from source tag 'freeware' (entry text)"
"mdgx-toy","Nomad.NET","3.2.0.2745 Beta","XP SP2/2003/Vista/2008/7/8/8.1/2012/10/2016/2019","Requires Microsoft .Net Framework Redistributable (NFR) 2.0 (free)!","System Enhancers / File Manager + Windows Explorer / File Explorer Replacement Tools","freeware","freeware","https://www.mdgx.com/toy.htm","http://www.nomad-net.info/","http://www.nomad-net.info/downloads/","class from source tag 'freeware' (entry text)"
"mdgx-toy","Multi Commander","2.8.2","XP/2003/Vista/2008/7/8/8.1/2012/10/2016/2019","","System Enhancers / File Manager + Windows Explorer / File Explorer Replacement Tools","freeware","freeware","https://www.mdgx.com/toy.htm","http://www.multicommander.com/","http://www.multicommander.com/files/updates/MultiCommander_x64_(2.8.2.1291).exe","class from source tag 'freeware' (entry text)"
"mdgx-toy","WorkSoft Navigator","0.985","9x/NT4/2000/ME/XP/2003/Vista/2008/7/8/8.1/2012","Requires: Microsoft Internet Explorer 4/5/6/newer . | Windows 95/OSR1/OSR2/98/98 SP1/NT4 WITHOUT MS IE 5/6 installed require Microsoft Common Control DLL 5.80 Fix .","System Enhancers / File Manager + Windows Explorer / File Explorer Replacement Tools","freeware","freeware","https://www.mdgx.com/toy.htm","http://www.sura.ru/uddm/template.php?area=wsnen","http://www.sura.ru/uddm/download/wsnsetup.zip","class from source tag 'freeware' (entry text)"
"mdgx-toy","File Organiser","1.422","2000/XP/2003/Vista/2008/7","","System Enhancers / File Manager + Windows Explorer / File Explorer Replacement Tools","open-source","free, open source","https://www.mdgx.com/toy.htm","http://www.sotdwp.co.uk/fileorganiser/","http://www.sotdwp.co.uk/fileorganiser/download.htm","class from source tag 'free, open source' (entry text)"
"mdgx-toy","GXExplorer","0.994","9x/NT4/2000/ME/XP/2003","Windows 95/OSR1/OSR2/98/98 SP1/NT4 WITHOUT MS IE 5/6 installed require Microsoft Common Control DLL 5.80 Patch !","System Enhancers / File Manager + Windows Explorer / File Explorer Replacement Tools","open-source","GPL (version not stated by source)","https://www.mdgx.com/toy.htm","http://sourceforge.net/projects/gxexplorer/","http://downloads.sourceforge.net/gxexplorer/gxexplorer0994.zip","class from source tag 'free GPL' (entry text); other tags: free"
"mdgx-toy","Turbo Navigator","","9x/NT4/2000/ME/XP/2003","Turbo Navigator 32-bit Windows 9x/NT4/2000/ME/XP/2003 Windows Explorer replacement: full drag & drop support, built-in TXT, RTF + binary file viewer, advanced attribute change, advanced copy/move filtering, total deletion, built-in WAV, MID, MP3, AVI + MPG ...","System Enhancers / File Manager + Windows Explorer / File Explorer Replacement Tools","freeware","freeware","https://www.mdgx.com/toy.htm","http://www.pricelesswarehome.org/WoundedMoon/win32/turbonavigator.html","http://download.microsoft.com/download/platformsdk/Comctl32/5.80.2614.3600/W9XNT4/EN-US/50comupd.exe","class from source tag 'freeware' (entry text); source marks it discontinued"
"mdgx-toy","xplorer 2 lite","2.2.0.2","9x/NT4/2000/ME/XP/2003/Vista/2008/7","","System Enhancers / File Manager + Windows Explorer / File Explorer Replacement Tools","freeware-unclear","crippled freeware","https://www.mdgx.com/toy.htm","http://www.zabkat.com/x2lite.htm","http://www.zabkat.com/download.php?p=2","class from source tag 'crippled freeware' (entry text); other tags: freeware"
"mdgx-toy","JExplorer","1.8.0.1","9x/NT4/2000/ME/XP/2003","","System Enhancers / File Manager + Windows Explorer / File Explorer Replacement Tools","freeware","freeware","https://www.mdgx.com/toy.htm","http://home.megapass.co.kr/~woosjung/","http://home.megapass.co.kr/~woosjung/Files/JEX1801.exe","class from source tag 'freeware' (entry text)"
"mdgx-toy","Explorer","1.3.4","XP/2003/Vista/2008/7/8/8.1/2012/10/2016/2019","","System Enhancers / File Manager + Windows Explorer / File Explorer Replacement Tools","open-source","free, open source","https://www.mdgx.com/toy.htm","http://www.explorerplusplus.com/","http://www.explorerplusplus.com/software/explorer++_1.3.4_x64.zip","class from source tag 'free, open source' (entry text)"
"mdgx-toy","ExplorerXP","1.07","2000/XP/2003","","System Enhancers / File Manager + Windows Explorer / File Explorer Replacement Tools","freeware","freeware","https://www.mdgx.com/toy.htm","http://www.explorerxp.com/","http://www.explorerxp.com/explorerxpsetup.exe","class from source tag 'freeware' (entry text)"
"mdgx-toy","Servant Salamander","1.52","9x/NT4/2000/ME/XP/2003","","System Enhancers / File Manager + Windows Explorer / File Explorer Replacement Tools","freeware-unclear","crippled freeware","https://www.mdgx.com/toy.htm","http://www.altap.cz/salam_en/freeware.html","http://www.altap.cz/download.html#salrel","class from source tag 'crippled freeware' (entry text)"
"mdgx-toy","Q-Dir","4.42","98/NT4/2000/ME/XP/2003/Vista/2008/7","","System Enhancers / File Manager + Windows Explorer / File Explorer Replacement Tools","freeware","freeware","https://www.mdgx.com/toy.htm","http://www.softwareok.com/?seite=Freeware/Q-Dir","http://www.softwareok.com/?Download=Q-Dir","class from source tag 'freeware' (entry text)"
"mdgx-toy","FileAnt","20070520","98/NT4/2000/ME/XP/2003/Vista/2008/7","Requires MS IE 4/5/6/newer already installed!","System Enhancers / File Manager + Windows Explorer / File Explorer Replacement Tools","freeware","freeware","https://www.mdgx.com/toy.htm","http://www.fileant.com/","http://www.fileant.com/fileant.exe","class from source tag 'freeware' (entry text)"
"mdgx-toy","File Navigator (FN)","1.7.4.606","9x/NT4/2000/ME/XP/2003/Vista/2008/7/8/8.1/2012/10/2016/2019","","System Enhancers / File Manager + Windows Explorer / File Explorer Replacement Tools","freeware","free","https://www.mdgx.com/toy.htm","http://relaxander.webest.net/fn/","http://relaxander.webest.net/files/fn/fn.zip","class from source tag 'free' (entry text)"
"mdgx-toy","PowerDesk","5.0","9x/NT4/2000/ME/XP/2003","","System Enhancers / File Manager + Windows Explorer / File Explorer Replacement Tools","freeware","freeware","https://www.mdgx.com/toy.htm","http://www.v-com.com/product/PowerDesk_Pro_Compare2.html","http://www.v-com.com/download/pd/pd5free.exe","class from source tag 'freeware' (entry text)"
"mdgx-toy","SlashX","1.00","9x/NT4/2000/ME/XP/2003","","System Enhancers / File Manager + Windows Explorer / File Explorer Replacement Tools","freeware","freeware","https://www.mdgx.com/toy.htm","http://www.detoxsoft.com/","http://www.detoxsoft.com/SlashX100.exe","class from source tag 'freeware' (entry text)"
"mdgx-toy","Vebwiev","2.1","98/2000/ME/XP/2003","","System Enhancers / Other Enhancement Tools","freeware","freeware","https://www.mdgx.com/toy.htm","http://vebwiev.tripod.com/","http://vebwiev.tripod.com/download/vebwiev21-31102005.zip","class from source tag 'freeware' (entry text)"
"mdgx-toy","SmartBarXP","1.0.201","98/2000/ME/XP/2003","","System Enhancers / Other Enhancement Tools","freeware","freeware","https://www.mdgx.com/toy.htm","http://www.softpedia.com/get/Desktop-Enhancements/Other-Desktop-Enhancements/SmartBarXP.shtml","","class from source tag 'freeware' (entry text)"
"mdgx-toy","Desktop Sidebar","1.05 Build 116","2000/XP/2003","","System Enhancers / Other Enhancement Tools","freeware","freeware","https://www.mdgx.com/toy.htm","http://www.desktopsidebar.com/","http://www.desktopsidebar.com/files/sidebarb116.exe","class from source tag 'freeware' (entry text)"
"mdgx-toy","eXPerience Pack","2.5","9x/NT4/2000/ME","","System Enhancers / Other Enhancement Tools","freeware","freeware","https://www.mdgx.com/toy.htm","http://www.windowsxlive.net/experience-pack/","http://www.windowsxlive.net/download/xpack.zip","class from source tag 'freeware' (entry text)"
"mdgx-toy","SwitchWindow","1.0.1","98/2000/ME/XP/2003","","System Enhancers / Other Enhancement Tools","freeware","freeware","https://www.mdgx.com/toy.htm","http://www.desktopboosters.com/switch_window.html","http://www.desktopboosters.com/download/common/SwitchWindowSetup.exe","class from source tag 'freeware' (entry text)"
"mdgx-toy","Diskeeper Lite","7.0","98/NT4/2000/ME/XP/2003","","System Enhancers / Other Enhancement Tools","freeware-unclear","crippled freeware","https://www.mdgx.com/toy.htm","http://www.diskeeper.com/diskeeper/","http://www1.execsoft.com/dklite.exe","class from source tag 'crippled freeware' (entry text)"
"mdgx-toy","PowerPro","4.5","9x/NT4/2000/ME/XP/2003","","System Enhancers / Other Enhancement Tools","freeware","freeware","https://www.mdgx.com/toy.htm","http://powerpro.webeddie.com/","http://powerpro.webeddie.com/download/pwrpro45.zip","class from source tag 'freeware' (entry text)"
"mdgx-toy","H-Menu","6.0","9x/NT4/2000/ME/XP/2003","","System Enhancers / Other Enhancement Tools","freeware","freeware","https://www.mdgx.com/toy.htm","","http://tucows.whc.net/files4/H-Menu60.zip","class from source tag 'freeware' (entry text)"
"mdgx-toy","ShellEnhancer","2.0 Beta","9x/NT4/2000/ME/XP/2003","Windows 95/OSR1/OSR2/98/98 SP1/NT4 WITHOUT MS IE 5/6 installed require: Microsoft HTML Help Update .","System Enhancers / Other Enhancement Tools","freeware","freeware","https://www.mdgx.com/toy.htm","http://www.nuonsoft.net/shellenhancer/","http://www.nuonsoft.net/downloads/ShellEnhancer_2.0_Beta_Setup.exe","class from source tag 'freeware' (entry text)"
"mdgx-toy","Microsoft Partner Pack","","98 SE/2000/ME/XP/2003","Requires an Internet connection for downloading and up to 70 MB of disk space depending on selected programs. | Download separate programs: Some of these programs require Microsoft Installer (MSI) for Windows 98 SE/ME or Windows 2000 !","System Enhancers / Other Enhancement Tools","commercial","Microsoft (proprietary)","","","http://download.microsoft.com/download/8/A/3/8A34A4A3-28B2-4E36-AC51-9C2E1607EF17/MicrosoftPartnerPackPrerequisites.exe","class from source tag 'free' (entry text); Microsoft component: source tag describes a free download, not redistribution rights; Microsoft component; class from memory"
"mdgx-toy","Computer Associates eTrust AntiVirus Standard","","98 SE/2000/ME/XP/2003","","System Enhancers / Other Enhancement Tools","commercial","Microsoft (proprietary)","","","http://download.microsoft.com/download/d/6/2/d6232f7b-6d1b-46a7-a136-447560eca729/SetupAV-Standard.exe","class from source tag 'registered freeware, 1 year updates subscription ONLY!' (entry text); Microsoft component: source tag describes a free download, not redistribution rights; Microsoft component; class from memory"
"mdgx-toy","Google DeskBar","","98 SE/2000/ME/XP/2003","","System Enhancers / Other Enhancement Tools","commercial","Microsoft (proprietary)","","","http://download.microsoft.com/download/2/5/b/25beb199-b5a9-4091-b2d1-2ea6ce558a47/DeskbarSetup_94.exe","class from source tag 'freeware' (entry text); Microsoft component: source tag describes a free download, not redistribution rights; Microsoft component; class from memory"
"mdgx-toy","Microsoft Windows XP/XP MCE/2003 Time Zone","","XP/XP","Microsoft Windows XP/XP MCE/2003 Time Zone (TZ) tray tool displays + edits multiple time zones (free): Both require Microsoft .Net Framework Redistributable (NFR) (free)!","System Enhancers / Other Enhancement Tools","commercial","Microsoft (proprietary)","","https://www.mdgx.com/add.htm#NFR","http://download.microsoft.com/download/0/4/6/0469712b-8907-49ae-b848-ef76ebbe8968/TimeZone.msi","class from source tag 'free' (entry text); Microsoft component: source tag describes a free download, not redistribution rights; Microsoft component; class from memory"
"mdgx-toy","Microsoft USB Flash Drive Manager","","XP","","System Enhancers / Other Enhancement Tools","commercial","Microsoft (proprietary)","","","http://download.microsoft.com/download/D/8/3/D8342425-FAEE-4786-A98D-A2BA5B4D7DD8/UFDSetupWizard.msi","class from source tag 'free, right-click to save!' (entry text); Microsoft component: source tag describes a free download, not redistribution rights; Microsoft component; class from memory"
"mdgx-toy","PhotoSite","","98 SE/2000/ME/XP/2003","","System Enhancers / Other Enhancement Tools","commercial","Microsoft (proprietary)","","","http://download.microsoft.com/download/0/8/8/088c4e59-e386-4587-81bb-52712a8e95db/photosite_installer.exe","class from source tag 'freeware' (entry text); Microsoft component: source tag describes a free download, not redistribution rights; Microsoft component; class from memory"
"mdgx-toy","Desktop Media Gallery","","98 SE/2000/ME/XP/2003","","System Enhancers / Other Enhancement Tools","commercial","Microsoft (proprietary)","","","http://download.microsoft.com/download/4/b/2/4b2eb044-5eca-4a76-980b-08c40f019dac/DesktopGallery.msi","class from source tag 'freeware, right-click to save!' (entry text); Microsoft component: source tag describes a free download, not redistribution rights; Microsoft component; class from memory"
"mdgx-toy","Onfolio Express","","2000/XP/2003","","System Enhancers / Other Enhancement Tools","commercial","Microsoft (proprietary)","","","http://download.microsoft.com/download/5/6/d/56df59ed-6356-4f18-a7e3-82a65a0865e8/onfolio103_Express_Final.exe","class from source tag 'freeware' (entry text); Microsoft component: source tag describes a free download, not redistribution rights; Microsoft component; class from memory"
"mdgx-toy","Post-it Software Notes","","98 SE/2000/ME/XP/2003","","System Enhancers / Other Enhancement Tools","commercial","Microsoft (proprietary)","","","http://download.microsoft.com/download/8/a/9/8a9237b5-416a-4b68-a191-0736946a1992/SoftwareNotes.msi","class from source tag 'freeware, right-click to save!' (entry text); Microsoft component: source tag describes a free download, not redistribution rights; Microsoft component; class from memory"
"mdgx-toy","PayPal Payment Wizard","","98 SE/2000/ME/XP/2003","","System Enhancers / Other Enhancement Tools","commercial","Microsoft (proprietary)","","","http://download.microsoft.com/download/3/5/6/35669605-11d8-4a3f-b1ad-6820c8443de6/PayPalSetup.exe","class from source tag 'freeware' (entry text); Microsoft component: source tag describes a free download, not redistribution rights; Microsoft component; class from memory"
"mdgx-toy","Serpentine Game","","98 SE/2000/ME/XP/2003","","System Enhancers / Other Enhancement Tools","commercial","Microsoft (proprietary)","","","http://download.microsoft.com/download/2/e/d/2ed9dbd4-9868-42e0-81ef-d7c66f14763a/setup.exe","class from source tag 'freeware' (entry text); Microsoft component: source tag describes a free download, not redistribution rights; Microsoft component; class from memory"
"mdgx-toy","Super Slyder Game","","98 SE/2000/ME/XP/2003","","System Enhancers / Other Enhancement Tools","commercial","Microsoft (proprietary)","","","http://download.microsoft.com/download/2/c/5/2c5763a0-59de-42f7-9f3c-a54015b8dc0a/setup.exe","class from source tag 'freeware' (entry text); Microsoft component: source tag describes a free download, not redistribution rights; Microsoft component; class from memory"
"mdgx-toy","TrayIcon","2.5","9x/NT4/2000/ME/XP/2003/Vista/2008/7/8/8.1/2012","","System Enhancers / Other Enhancement Tools","freeware","donationware","https://www.mdgx.com/toy.htm","https://www.mdgx.com/files/trayicon.php","https://www.mdgx.com/files/TI25.ZIP","class from source tag 'donationware' (entry text)"
"mdgx-toy","Tray Helper Basic","4.9","9x/NT4/2000/ME/XP/2003","","System Enhancers / Other Enhancement Tools","freeware-unclear","crippled freeware","https://www.mdgx.com/toy.htm","http://www.trayhelper.com/indexeng.html","http://www.trayhelper.com/dload/Setup_FREE.exe","class from source tag 'crippled freeware' (entry text)"
"mdgx-toy","Add/Remove Pro","2.09","9x/NT/2000/ME/XP/2003","","System Enhancers / Other Enhancement Tools","freeware","freeware","https://www.mdgx.com/toy.htm","http://www.superwin.com/ffreewar.htm","http://superwin.swmirror.com/adrmpro2.exe","class from source tag 'freeware' (entry text)"
"mdgx-toy","Startup CPL","2.8","9x/NT4/2000/ME/XP/2003/Vista/2008/7/8/8.1/2012","Windows 95/OSR1/OSR2/98/98 SP1/NT4 WITHOUT MS IE 5/6 installed require Microsoft Common Control DLL 5.80 Patch !","System Enhancers / Other Enhancement Tools","freeware","freeware","https://www.mdgx.com/toy.htm","http://www.mlin.net/StartupCPL.shtml","http://www.mlin.net/files/StartupCPL.zip","label: Startup Manager; class from source tag 'freeware' (entry text)"
"mdgx-toy","StartStop","1.0","9x/NT4/2000/ME/XP/2003","","System Enhancers / Other Enhancement Tools","freeware","freeware","https://www.mdgx.com/toy.htm","","http://ftp.sunet.se/pub/simtelnet/win95/util/tfiss10.zip","label: Startup Manager; class from source tag 'freeware' (entry text)"
"mdgx-toy","Startup Manager","1.5","9x/NT4/2000/ME/XP","","System Enhancers / Other Enhancement Tools","freeware","freeware","https://www.mdgx.com/toy.htm","http://home.ptd.net/~don5408/toolbox/startupcpl/","http://home.ptd.net/~don5408/apps/startman.exe","class from source tag 'freeware' (entry text)"
"mdgx-toy","Starter","5.6.2.9","9x/NT4/2000/ME/XP/2003/Vista/2008/7/8/8.1/2012","","System Enhancers / Other Enhancement Tools","freeware","freeware","https://www.mdgx.com/toy.htm","http://codestuff.obninsk.ru/products_starter.html","http://codestuff.obninsk.ru/StarterSetup.zip","label: Startup Manager; class from source tag 'freeware' (entry text)"
"mdgx-toy","StartRight","1.3.4","9x/NT4/2000/ME/XP/2003","","System Enhancers / Other Enhancement Tools","freeware","freeware","https://www.mdgx.com/toy.htm","http://www.joejoesoft.com/cms/showpage.php?cid=113","http://www.joejoesoft.com/cms/file.php?f=userupload%2f8%2ffiles%2fsrv134.zip","label: Startup Manager; class from source tag 'freeware' (entry text)"
"mdgx-toy","A-Spy","0.09","9x/NT4/2000/ME/XP","","System Enhancers / Other Enhancement Tools","freeware","freeware","https://www.mdgx.com/toy.htm","http://www.vipmeister.com/dl/aspy/aspy.html","http://www.vipmeister.com/dl/aspy/aspy009.zip","label: Startup Manager; class from source tag 'freeware' (entry text)"
"mdgx-toy","StartupMonitor","1.02","98/NT4/2000/ME/XP/2003","","System Enhancers / Other Enhancement Tools","freeware","freeware","https://www.mdgx.com/toy.htm","http://www.mlin.net/StartupMonitor.shtml","http://www.mlin.net/files/StartupMonitor.zip","label: Startup Manager; class from source tag 'freeware' (entry text)"
"mdgx-toy","Deskanker beta","1.51","98/NT4/2000/ME/XP/2003","","System Enhancers / Other Enhancement Tools","freeware","freeware","https://www.mdgx.com/toy.htm","http://downloads.clearideasoftware.com/","http://downloads.clearideasoftware.com/dsetup.exe","label: Startup Manager; class from source tag 'freeware' (entry text)"
"mdgx-toy","AppPaths 2000","2.7","9x/NT4/2000/ME/XP/2003","","System Enhancers / Other Enhancement Tools","freeware","freeware","https://www.mdgx.com/toy.htm","http://www.gregorybraun.com/AppPaths.html","http://www.gregorybraun.com/APPPATHS.ZIP","class from source tag 'freeware' (entry text)"
"mdgx-toy","YTrayMagic Lite","1.0","9x/ME","","System Enhancers / Other Enhancement Tools","freeware","freeware","https://www.mdgx.com/toy.htm","http://www.xwen.org/products.html","http://www.xwen.org/download/ytraylsetup.exe","class from source tag 'freeware' (entry text)"
"mdgx-toy","TraySaver beta 10","","9x/NT4/2000/ME","","System Enhancers / Other Enhancement Tools","freeware","freeware","https://www.mdgx.com/toy.htm","https://web.archive.org/web/20060715224213/http://www.mlin.net/TraySaver.shtml","https://web.archive.org/web/20060615204241/http://www.mlin.net/files/TraySaverB10.exe","class from source tag 'freeware' (entry text)"
"mdgx-toy","ActivIcons","3.34","9x/NT4/2000/ME/XP","Windows 95/OSR1/OSR2/NT4 require MS IE 4/5/6 with Active Desktop (View As Web Page) enabled!","System Enhancers / Other Enhancement Tools","freeware","freeware","https://www.mdgx.com/toy.htm","http://www.cursorarts.com/ca_aifw.html","http://cursorarts.swmirror.com/acticn.zip","class from source tag 'freeware' (entry text)"
"mdgx-toy","Effective Desktop build 245","1.01","9x/NT4/2000/ME/XP","Windows 95/OSR1/OSR2/NT4 require MS IE 4/5/6 with Active Desktop (View As Web Page) enabled!","System Enhancers / Other Enhancement Tools","freeware","donationware","https://www.mdgx.com/toy.htm","http://www.majorgeeks.com/download197.html","","class from source tag 'donationware' (entry text); source marks it discontinued"
"mdgx-toy","Sub Desktop","1.2","9x/NT4/2000/ME/XP","","System Enhancers / Other Enhancement Tools","freeware","freeware","https://www.mdgx.com/toy.htm","http://www.gtdesktop.com/?page=gtdesktop_website/subdesktop","http://www.gtdesktop.com/subdesktop/download","class from source tag 'freeware' (entry text)"
"mdgx-toy","PropertiesPlus","1.65","9x/NT4/2000/ME/XP","","System Enhancers / Other Enhancement Tools","freeware","freeware","https://www.mdgx.com/toy.htm","","http://downloads.pcworld.com/pub/new/utilities/file_management/pplus165.exe","class from source tag 'freeware' (entry text)"
"mdgx-toy","ScanDefrag","5.6","98/ME/XP/2003/Vista/2008/7","","System Enhancers / Other Enhancement Tools","freeware","freeware","https://www.mdgx.com/toy.htm","http://home.earthlink.net/~bblanton2/scandefrag/main.htm","http://www.blueorbsoft.com/scandefrag/ScanDefrag56Setup.exe","class from source tag 'freeware' (entry text)"
"mdgx-toy","Defrag To ShutDown","1.5","9x/ME","","System Enhancers / Other Enhancement Tools","freeware","freeware","https://www.mdgx.com/toy.htm","http://medlem.spray.se/mokkelmannen/","http://ftp.surfnet.nl/simtel/win95/diskutl/dfsht15.zip","class from source tag 'freeware' (entry text)"
"mdgx-toy","PowerDefrag beta 2","2.10","9x/ME","","System Enhancers / Other Enhancement Tools","freeware","freeware","https://www.mdgx.com/toy.htm","","http://www.microland.com.br/files/Pdc210B2.exe","class from source tag 'freeware' (entry text)"
"mdgx-toy","Poweroff","3.0.1.3","9x/NT4/2000/ME/XP/2003","","System Enhancers / Other Enhancement Tools","freeware","freeware","https://www.mdgx.com/toy.htm","http://users.pandora.be/jbosman/poweroff/poweroff.htm","http://users.pandora.be/jbosman/pwroff30.zip","class from source tag 'freeware' (entry text)"
"mdgx-toy","AutoIt","","9x/NT4/2000/ME/XP/2003/Vista/2008/7","","System Enhancers / Other Enhancement Tools","freeware","freeware","https://www.mdgx.com/toy.htm","http://www.autoitscript.com/autoit3/","http://www.autoitscript.com/files/autoit3/autoit-v3-setup.exe","class from source tag 'freeware' (entry text)"
"mdgx-toy","BatchRun","4.1","9x/NT4/2000/ME/XP/2003","","System Enhancers / Other Enhancement Tools","freeware","freeware","https://www.mdgx.com/toy.htm","http://www.outertech.com/?_charisma_page=product&id=1","http://www.outertech.com/files/btrun410.exe","class from source tag 'freeware' (entry text)"
"mdgx-toy","TrayLaunch","1.1","9x/NT4/2000/ME","","System Enhancers / Other Enhancement Tools","freeware","freeware","https://www.mdgx.com/toy.htm","http://www.wolosoft.com/en/traylaunch/traylaunch.html","http://www.wolosoft.com/files/trayl11.zip","class from source tag 'freeware' (entry text)"
"mdgx-toy","SortMenu","2.0","98/ME","","System Enhancers / Other Enhancement Tools","freeware","freeware","https://www.mdgx.com/toy.htm","","http://ftp.sunet.se/pub/simtelnet/win95/win98/sortmn20.zip","class from source tag 'freeware' (entry text)"
"mdgx-toy","ShakeIt! Diving Edition 2nd release","","9x/NT4/2000/ME","","System Enhancers / Other Enhancement Tools","freeware","freeware","https://www.mdgx.com/toy.htm","http://www.thomas-w.de/shakeit/","http://www.thomas-w.de/shakeit/files/shakeit.zip","class from source tag 'freeware' (entry text)"
"mdgx-toy","Replace Text","2.2","XP/2003/Vista/2008/7","Requires Microsoft .Net Framework Redistributable (NFR) 3.5 (free)!","System Enhancers / Other Enhancement Tools","freeware","freeware, right-click to save!","https://www.mdgx.com/toy.htm","http://www.ecobyte.com/replacetext/","http://www.ecobyte.com/replacetext/ReplaceText2.2.msi","class from source tag 'freeware, right-click to save!' (entry text)"
"mdgx-toy","Search & Replace","3.1e","9x/NT4/2000/ME/XP/2003","","System Enhancers / Other Enhancement Tools","freeware-unclear","freeware for non-profit use","https://www.mdgx.com/toy.htm","http://www.inforapid.com/html/searchreplace.htm","http://www.inforapid.com/sr/sr.exe","class from source tag 'freeware for non-profit use' (entry text)"
"mdgx-toy","THE Rename","2.1.6","9x/NT4/2000/ME/XP/2003","","System Enhancers / Other Enhancement Tools","freeware","donationware","https://www.mdgx.com/toy.htm","http://www.herve-thouzard.com/the-rename/","http://www.herve-thouzard.com/therename.zip","class from source tag 'donationware' (entry text)"
"mdgx-toy","CKRename","1.08","9x/NT4/2000/ME/XP/2003","","System Enhancers / Other Enhancement Tools","freeware","freeware","https://www.mdgx.com/toy.htm","https://web.archive.org/web/20080822211658/http://www.musicsucks.com/CKSoft/CKRename/","http://www.softpedia.com/get/System/File-Management/CKRename.shtml","class from source tag 'freeware' (entry text); source marks it discontinued"
"mdgx-toy","grepWin","","9x/NT4/2000/ME/XP/2003/Vista/2008/7/8/8.1/2012","Requires Microsoft Installer (MSI) for Windows 98 SE/ME or Windows 2000 !","System Enhancers / Other Enhancement Tools","open-source","GPL (version not stated by source)","https://www.mdgx.com/toy.htm","http://stefanstools.sourceforge.net/grepWin.html","http://downloads.sourceforge.net/project/grepwin/1.6.12/grepWin-1.6.12-x64.msi","class from source tag 'free GPL, right-click to save!' (entry text)"
"mdgx-toy","WinMerge","2.14.0","9x/NT4/2000/ME/XP/2003/Vista/2008/7/8/8.1/2012","","System Enhancers / Other Enhancement Tools","open-source","GPL (version not stated by source)","https://www.mdgx.com/toy.htm","http://www.winmerge.org/","http://www.winmerge.org/downloads/","class from source tag 'free GPL' (entry text); other tags: free; free, open source"
"mdgx-toy","ExamDiff","1.6k","9x/NT4/2000/ME/XP/2003","","System Enhancers / Other Enhancement Tools","freeware","freeware","https://www.mdgx.com/toy.htm","http://www.prestosoft.com/ps.asp?page=edp_examdiff","http://www.prestosoft.com/download/ed16k_setup.zip","class from source tag 'freeware' (entry text)"
"mdgx-toy","WAssociate","3.44","9x/NT4/2000/ME/XP/2003","","System Enhancers / Other Enhancement Tools","freeware","freeware","https://www.mdgx.com/toy.htm","http://www.xs4all.nl/~wstudios/Associate/","http://www.xs4all.nl/~wstudios/Associate/setup_wassociate.exe","class from source tag 'freeware' (entry text)"
"mdgx-toy","CopyLock","1.09","9x/NT4/2000/ME/XP/2003","","System Enhancers / Other Enhancement Tools","freeware","freeware","https://www.mdgx.com/toy.htm","http://www.noeld.com/programs.asp?cat=misc#CopyLock","http://www.noeld.com/download/copylock.zip","class from source tag 'freeware' (entry text)"
"mdgx-toy","WinKey Windows key enhancer","2.8","9x/NT4/2000/ME/XP/2003","","System Enhancers / Other Enhancement Tools","freeware","freeware","https://www.mdgx.com/toy.htm","http://www.copernic.com/en/support/faq-winkey.html","http://www.copernic.com/winkey/winkey.exe","class from source tag 'freeware' (entry text); source marks it discontinued"
"mdgx-toy","WinUpdatesList","1.12","98/2000/ME/XP/2003","","System Enhancers / Other Enhancement Tools","freeware","freeware","https://www.mdgx.com/toy.htm","http://www.nirsoft.net/utils/wul.html","http://www.nirsoft.net/utils/wul_setup.exe","class from source tag 'freeware' (entry text)"
"mdgx-toy","InstallWatch","2.5c","9x/NT4/2000/ME/XP/2003","","System Enhancers / Other Enhancement Tools","freeware","freeware","https://www.mdgx.com/toy.htm","http://www.epsilonsquared.com/","http://www.epsilonsquared.com/anonymous/InstallWatchPro25.exe","class from source tag 'freeware' (entry text)"
"mdgx-toy","Change Of Address 2 (COA2)","1.0","9x/NT4/2000/ME/XP/2003","","System Enhancers / Other Enhancement Tools","unknown","","","http://www.pcmag.com/article2/0,1895,1556472,00.asp","http://digilander.libero.it/rareware/coa2.zip",""
"mdgx-toy","In Control 5 (InCtrl5)","1.0","9x/NT4/2000/ME","","System Enhancers / Other Enhancement Tools","unknown","","","http://www.pcmag.com/article2/0,4149,9882,00.asp","http://digilander.libero.it/rareware/inctrl5.zip",""
"mdgx-toy","DisplaySet","1.1","9x/NT4/2000/ME","","System Enhancers / Other Enhancement Tools","unknown","","","http://www.pcmag.com/article2/0,1895,1556512,00.asp","http://www.wittswallpapers.com/Oldies/displayset.zip",""
"mdgx-toy","3D Color Changer 4","4.00.2050.0","98/2000/ME/XP/2003","","System Enhancers / Other Enhancement Tools","shareware","uncrippled shareware","https://www.mdgx.com/toy.htm","http://jotenet.cjb.net/go/?to=3dcc","http://jote.pai.net.pl/jn/3dcc/download/?id=1","class from source tag 'uncrippled shareware' (entry text); other tags: freeware; free"
"mdgx-toy","Wallpaper Changer (WPC)","1.91","9x/NT4/2000/ME/XP/2003/Vista/2008/7/8/8.1/2012","","System Enhancers / Other Enhancement Tools","freeware","freeware","https://www.mdgx.com/toy.htm","https://web.archive.org/web/20120904040206/http://www.wallpaperchanger.de/","https://web.archive.org/web/20120704234658/http://www.wallpaperchanger.de/archives/wpc_build280702xp.zip","class from source tag 'freeware' (entry text)"
"mdgx-toy","Paper beta","3.2a","9x/NT4/2000/ME","","System Enhancers / Other Enhancement Tools","freeware","freeware","https://www.mdgx.com/toy.htm","http://krapplets.cream.org/paper.shtml","http://krapplets.cream.org/paper/paper.zip","class from source tag 'freeware' (entry text)"
"mdgx-toy","IcoFolder","3.0","9x/NT4/2000/ME","","System Enhancers / Other Enhancement Tools","freeware","freeware","https://www.mdgx.com/toy.htm","http://www.camtech2000.net/Pages/IcoFolder.html","http://ftp.sunet.se/pub/simtelnet/win95/icon/icofl35.zip","class from source tag 'freeware' (entry text)"
"mdgx-toy","Extended Character Map (ECM)","1.41","9x/NT4/2000/ME","","System Enhancers / Other Enhancement Tools","freeware","freeware","https://www.mdgx.com/toy.htm","http://www.pricelesswarehome.org/WoundedMoon/win32/extendedcharactermap141.html","","class from source tag 'freeware' (entry text)"
"mdgx-toy","RTV Reconnect beta 8 TSR","5.0","9x/ME","","System Enhancers / Other Enhancement Tools","freeware","freeware, English","https://www.mdgx.com/toy.htm","http://www.rtvsoft.com/rtvrecouser.htm","http://www.rtvsoft.com/RtvReco50b8.zip","class from source tag 'freeware, English' (entry text)"
"mdgx-toy","NagBlast TSR","3.00.0000 Beta","9x/NT4/2000/ME/XP/2003","","System Enhancers / Other Enhancement Tools","freeware","freeware, right-click to save!","https://www.mdgx.com/toy.htm","http://www.reocities.com/SiliconValley/network/4414/Prod_Body.html#nagblast","http://www.reocities.com/SiliconValley/network/4414/NagBlast.zip","class from source tag 'freeware, right-click to save!' (entry text)"
"mdgx-toy","FmLfns TSR","1.1","95/98/ME","","System Enhancers / Other Enhancement Tools","shareware","once every 15 days nag shareware!","https://www.mdgx.com/toy.htm","http://www.wincorner.com/home/fmlfns.html","http://www.wincorner.com/files/fmlfns95.exe","class from source tag 'once every 15 days nag shareware!' (entry text)"
"mdgx-toy","Old Menu Mode TSR","1.10","9x/NT4/ME","","System Enhancers / Other Enhancement Tools","freeware","freeware","https://www.mdgx.com/toy.htm","http://www.artefaktur.com/corporate/kommer/projects/oldmenumode/oldmenumode-en.html","http://www.artefaktur.com/downloads/old/oldmmode/OldMenuMode_1.10.zip","class from source tag 'freeware' (entry text)"
"mdgx-toy","Glonim","1.42","9x/NT4/2000/ME/XP/2003","","System Enhancers / Other Enhancement Tools","unknown","","","","http://ftp.riken.jp/pc/winsite/winxp/desktop/Glonim.zip",""
"mdgx-toy","SeeThru","1.0.2","9x/NT4/2000/ME/XP/2003","","System Enhancers / Other Enhancement Tools","freeware","freeware","https://www.mdgx.com/toy.htm","http://website.lineone.net/~mstrong/apps.htm","http://website.lineone.net/~mstrong/stup102v.zip","class from source tag 'freeware' (entry text)"
"mdgx-toy","Invisible! 2000","1.7","9x/NT4/2000/ME","","System Enhancers / Other Enhancement Tools","freeware","freeware","https://www.mdgx.com/toy.htm","http://www.mindbeat.com/invisi.shtml","http://www.mindbeat.com/programs/invisi.zip","class from source tag 'freeware' (entry text)"
"mdgx-toy","Hook99","1.1.0.41","9x/ME","","System Enhancers / Other Enhancement Tools","freeware","freeware","https://www.mdgx.com/toy.htm","http://lbrisar.htmlplanet.com/e_hook.html","http://thunder.prohosting.com/~ladi/hook99.zip","class from source tag 'freeware' (entry text)"
"mdgx-toy","TClockEx","1.4.2","9x/NT4/2000/ME/XP/2003","","System Enhancers / Other Enhancement Tools","freeware","freeware","https://www.mdgx.com/toy.htm","http://www.rcis.co.za/dale/tclockex/","http://www.rcis.co.za/anonftp/pub/dale/tclockex.exe","class from source tag 'freeware' (entry text)"
"mdgx-toy","TClock2","1.20","9x/NT4/2000/ME/2000/XP/2003","","System Enhancers / Other Enhancement Tools","open-source","GPL (version not stated by source)","https://www.mdgx.com/toy.htm","http://www.shii.org/tclock/","http://www.shii.org/tclock/tclock2_120.zip","class from source tag 'free GPL' (entry text)"
"mdgx-toy","Eppie Desktop","2.1","9x/ME","","System Enhancers / Other Enhancement Tools","freeware","freeware","https://www.mdgx.com/toy.htm","http://www.virtualplastic.org/html/eppie.html","http://www.virtualplastic.net/download/eppie/epsh21.zip","class from source tag 'freeware' (entry text); source marks it discontinued"
"mdgx-toy","Iconoid","3.3.4","9x/NT4/2000/ME/XP/2003","Requires Microsoft Visual Basic 5 (VB5) Runtime Libraries !","System Enhancers / Other Enhancement Tools","freeware","free","https://www.mdgx.com/toy.htm","http://www.sillysot.com/","http://www.sillysot.com/iconoid.zip","class from source tag 'free' (entry text)"
"mdgx-toy","WinTidy","2.0","9x/NT4/2000/ME/XP","","System Enhancers / Other Enhancement Tools","unknown","","","http://www.pcmag.com/article2/0,1759,367,00.asp","http://images.vnunet.com/v6_static/pcm/p_11n01/files/wintidy.zip",""
"mdgx-toy","PowerMenu","1.51","9x/NT4/2000/ME/XP","","System Enhancers / Other Enhancement Tools","freeware","freeware","https://www.mdgx.com/toy.htm","http://www.veridicus.com/tummy/programming/powermenu/","http://www.veridicus.com/tummy/programming/powermenu/PowerMenu_1_5_1.zip","class from source tag 'freeware' (entry text)"
"mdgx-toy","AutoSizer","1.53","9x/NT4/2000/ME/XP/2003","","System Enhancers / Other Enhancement Tools","freeware","freeware","https://www.mdgx.com/toy.htm","http://www.southbaypc.com/autosizer/","http://www.southbaypc.com/download/assetup.exe","class from source tag 'freeware' (entry text)"
"mdgx-toy","WinSize beta 1","1.6","9x/NT4/2000/ME/XP","","System Enhancers / Other Enhancement Tools","freeware","freeware","https://www.mdgx.com/toy.htm","http://www.aroundcny.com/Technofile/texts/tec080199.html","http://www.aroundcny.com/Technofile/texts/winsize.zip","class from source tag 'freeware' (entry text); source marks it discontinued"
"mdgx-toy","ResizeEnable","1.4","9x/NT4/2000/ME/XP/2003","","System Enhancers / Other Enhancement Tools","freeware","freeware","https://www.mdgx.com/toy.htm","http://www.digitallis.co.uk/pc/ResizeEnable/","http://www.digitallis.co.uk/pc/downloads/ResizeEnable.zip","class from source tag 'freeware' (entry text)"
"mdgx-toy","WinBar","1.2.95","9x/NT4/2000/ME/XP","","System Enhancers / Other Enhancement Tools","freeware","freeware","https://www.mdgx.com/toy.htm","http://www.winbar.nl/","http://www.winbar.nl/download.php","class from source tag 'freeware' (entry text)"
"mdgx-toy","WinBar taskbar and shell replacement","1.2","95/98/ME","","System Enhancers / Other Enhancement Tools","freeware","free","https://www.mdgx.com/toy.htm","","http://www.iko-world.hit.bg/winbar.zip","class from source tag 'free' (entry text)"
"mdgx-toy","Hot Corners","2.2.2.0","2000/XP/2003/Vista/2008/7/8/8.1/2012","","System Enhancers / Other Enhancement Tools","open-source","free, open source","https://www.mdgx.com/toy.htm","http://sites.google.com/site/programsforpeers/hotcorners","http://sites.google.com/site/programsforpeers/HC2-2-2-0.exe","class from source tag 'free, open source' (entry text)"
"mdgx-toy","QuickClick","1.00","3.1x/9x/NT/2000/ME/XP/2003/Vista/2008/7/8/8.1/2012","","System Enhancers / Other Enhancement Tools","shareware","no nag shareware","https://www.mdgx.com/toy.htm","","https://www.mdgx.com/files/QCLICK1.ZIP","class from source tag 'no nag shareware' (entry text)"
"mdgx-toy","Long File Names (LFNs)","4.02","3.1x/95/OSR1/OSR2","","System Enhancers / Other Enhancement Tools","shareware","abandoned shareware","https://www.mdgx.com/toy.htm","","https://www.mdgx.com/files/LFN402.ZIP","class from source tag 'abandoned shareware' (entry text); source marks it discontinued"
"mdgx-toy","Registry Viewer (+ editor)","","9x","","System + Registry Fixers","unknown","","","https://translate.google.com/translate?hl=en&sl=ru&tl=en&u=http%3A%2F%2Fwww.paullee.ru%2Fregstry.html","",""
"mdgx-toy","MiTeC","","9x/NTx","","System + Registry Fixers","freeware-unclear","MiTeC freeware","","http://www.mitec.cz/wrr.html","","class from memory (MiTeC tools are freeware; redistribution terms not checked)"
"mdgx-toy","Windows Repair (All In One)","1.5.4","XP/2003/Vista/2008/7","","System + Registry Fixers","freeware","freeware","https://www.mdgx.com/toy.htm","http://www.tweaking.com/content/page/windows_repair_all_in_one.html","http://www.majorgeeks.com/download7141.html","class from source tag 'freeware' (entry text)"
"mdgx-toy","Window Registry Repair","2.5","98/NT4/2000/ME/XP/2003/Vista/2008/7","","System + Registry Fixers","freeware","freeware","https://www.mdgx.com/toy.htm","http://www.regsofts.com/free_registry_repair/registry_repair.htm","http://www.regsofts.com/download/RegpairSetup.exe","class from source tag 'freeware' (entry text)"
"mdgx-toy","Microsoft FixIt Program Install and Uninstall Troubleshooter (PIUT)","","2000/XP/2003/Vista/2008/7/8/8.1/2012","","System + Registry Fixers","commercial","Microsoft (proprietary)","","http://support.microsoft.com/mats/Program_Install_and_Uninstall/","","class from source tag 'free' (entry text); Microsoft component: source tag describes a free download, not redistribution rights; Microsoft component; class from memory"
"mdgx-toy","Microsoft RegClean build 7364.1","4.1a","9x/NT/2000/ME","","System + Registry Fixers","commercial","Microsoft (proprietary)","","http://www.createwindow.com/wininfo/regclean.htm","ftp://ftp.swcp.com/pub/pc/win95/regclean.exe","class from source tag 'free, unsupported' (entry text); Microsoft component: source tag describes a free download, not redistribution rights; Microsoft component; class from memory; source marks it discontinued; source says unsupported"
"mdgx-toy","Microsoft RegMaid","1.1","9x/NT/2000/ME/XP/2003","","System + Registry Fixers","commercial","Microsoft (proprietary)","","http://support.microsoft.com/help/156078","http://download.microsoft.com/download/vb60ent/samp5/1/WIN98/EN-US/RegMaid.exe","class from source tag 'free, unsupported' (entry text); Microsoft component: source tag describes a free download, not redistribution rights; Microsoft component; class from memory; source says unsupported"
"mdgx-toy","Microsoft ShrDll","1.0.8035.0","9x/ME","","System + Registry Fixers","commercial","Microsoft (proprietary)","","http://support.microsoft.com/help/217165","http://download.microsoft.com/download/vstudio60pro/Utility/1/WIN98/EN-US/Sharedll.exe","class from source tag 'free, unsupported' (entry text); Microsoft component: source tag describes a free download, not redistribution rights; Microsoft component; class from memory; source marks it discontinued; source says unsupported"
"mdgx-toy","Microsoft Windows 9x/NT4/2000/ME/XP/2003 Installer CleanUp Utility (MSICU)","","9x/NT4/2000/ME/XP/2003","","System + Registry Fixers","commercial","Microsoft (proprietary)","","http://support.microsoft.com/help/290301","https://web.archive.org/web/20100118134256/http://download.microsoft.com/download/e/9/d/e9d80355-7ab4-45b8-80e8-983a48d5e1bd/msicuu2.exe","class from source tag 'free' (entry text); Microsoft component: source tag describes a free download, not redistribution rights; Microsoft component; class from memory; source marks it discontinued"
"mdgx-toy","Registry Distiller","1.03","NT4/2000/XP/2003/Vista/2008/7/8/8.1/2012","","System + Registry Fixers","freeware","freeware","https://www.mdgx.com/toy.htm","http://www.codeode.com/registrydistiller.html","http://www.codeode.com/registrydistiller/registrydistiller.exe","class from source tag 'freeware' (entry text)"
"mdgx-toy","TweakNow RegCleaner","2.0.9","98/2000/ME/XP/2003","","System + Registry Fixers","freeware-unclear","crippled freeware","https://www.mdgx.com/toy.htm","http://www.tweaknow.com/regcleaner.html","http://tweaknow.fileburst.com/New/RegCleaner.exe","class from source tag 'crippled freeware' (entry text)"
"mdgx-toy","Eusing Free Registry Cleaner","2.5.1","9x/NT4/2000/ME/XP/2003/Vista/2008/7","","System + Registry Fixers","freeware","freeware","https://www.mdgx.com/toy.htm","http://www.eusing.com/free_registry_cleaner/registry_cleaner.htm","http://www.eusing.com/Download/EFRCSetup.exe","class from source tag 'freeware' (entry text)"
"mdgx-toy","jv16 RegCleaner","4.3.0.780","9x/NT4/2000/ME/XP/2003","","System + Registry Fixers","freeware","freeware","https://www.mdgx.com/toy.htm","http://www.321download.com/LastFreeware/#RegCleaner","","class from source tag 'freeware' (entry text); source marks it discontinued"
"mdgx-toy","Registry Wizard","1.2","9x/NT4","","System + Registry Fixers","freeware","freeware","https://www.mdgx.com/toy.htm","http://www.csc.calpoly.edu/~bfriesen/software/regwiz.shtml","http://www.csc.calpoly.edu/~bfriesen/software/files/regwiz.zip","class from source tag 'freeware' (entry text)"
"mdgx-toy","RegBak","1.2","2000/XP/2003/Vista/2008/7","","System + Registry Fixers","freeware","freeware","https://www.mdgx.com/toy.htm","http://www.acelogix.com/regbak.html","http://acelogix.fileburst.com/regbak.zip","class from source tag 'freeware' (entry text)"
"mdgx-toy","Registry Key Backup","1.2.3","9x/NT4/2000/ME","","System + Registry Fixers","freeware","freeware","https://www.mdgx.com/toy.htm","http://download.cnet.com/3000-2018_4-9561.html","http://www.donationcoder.com/Forums/bb/index.php?action=dlattach;topic=8960.0;attach=19285","class from source tag 'freeware' (entry text)"
"mdgx-toy","CT RegKey Backup","1.0","9x/NT4/2000/ME/XP/2003","","System + Registry Fixers","freeware","freeware","https://www.mdgx.com/toy.htm","http://www.camtech2000.net/Pages/RegKey_Backup.html","http://www.camtech2000.net/Programs/regkey10.zip","class from source tag 'freeware' (entry text)"
"mdgx-toy","RegCool","3.6.2.9","9x/NT4/2000/ME/XP/2003","","System + Registry Fixers","freeware","freeware","https://www.mdgx.com/toy.htm","http://www.softpedia.com/get/Tweak/Registry-Tweak/RegCool.shtml","","class from source tag 'freeware' (entry text)"
"mdgx-toy","Registry Commander","1.04","9x/NT4/2000/ME/XP/2003","","System + Registry Fixers","freeware","freeware","https://www.mdgx.com/toy.htm","http://www.softpedia.com/get/Tweak/Registry-Tweak/Registry-Commander.shtml","","class from source tag 'freeware' (entry text)"
"mdgx-toy","Registrar Registry Manager Lite","4.04","9x/NT4/2000/ME/XP/2003","","System + Registry Fixers","shareware","nag crippled free trial","https://www.mdgx.com/toy.htm","http://www.resplendence.com/registrar/","http://www.resplendence.com/download/rrtri.exe","class from source tag 'nag crippled free trial' (entry text)"
"mdgx-toy","Registry Explorer Standard","1.4.4","9x/NT4/2000/ME/XP/2003","","System + Registry Fixers","freeware-unclear","freeware for personal use","https://www.mdgx.com/toy.htm","http://www.regxplor.com/","http://www.regxplor.com/regxplor_full.exe","class from source tag 'freeware for personal use' (entry text)"
"mdgx-toy","Registry Explorer","1.6.0","9x/NT4/2000/ME/XP/2003","","System + Registry Fixers","freeware","freeware","https://www.mdgx.com/toy.htm","http://www.vsft.com/regexp/","http://www.vsft.com/archive/regexp.exe","class from source tag 'freeware' (entry text)"
"mdgx-toy","RegAlyzer","1.5.5","9x/NT4/2000/ME/XP/2003/Vista","","System + Registry Fixers","freeware","freeware","https://www.mdgx.com/toy.htm","http://www.safer-networking.org/en/regalyzer/","http://www.safer-networking.org/files/regalyz.exe","class from source tag 'freeware' (entry text)"
"mdgx-toy","RegMon","7.04","9x/NT4/2000/ME/XP/2003/Vista/2008/7/8/8.1/2012","","System + Registry Fixers","freeware","freeware","https://www.mdgx.com/toy.htm","http://technet.microsoft.com/sysinternals/bb896652.aspx","http://www.filewatcher.com/m/Regmon.zip.271346.0.0.html","class from source tag 'freeware' (entry text)"
"mdgx-toy","RegShot","1.7.2","9x/NT4/2000/ME/XP/2003","","System + Registry Fixers","freeware","freeware","https://www.mdgx.com/toy.htm","http://the7thlab.mybesthost.com/","http://the7thlab.mybesthost.com/regshot17_src_bin.zip","class from source tag 'freeware' (entry text)"
"mdgx-toy","RegSeeker","1.35","9x/NT4/2000/ME/XP/2003","","System + Registry Fixers","freeware","freeware","https://www.mdgx.com/toy.htm","http://www.hoverdesk.net/freeware.htm","http://www.hoverdesk.net/dl/en/RegSeeker.zip","class from source tag 'freeware' (entry text)"
"mdgx-toy","RegistryProt","2.0","9x/NT4/2000/ME","","System + Registry Fixers","freeware","freeware","https://www.mdgx.com/toy.htm","http://www.diamondcs.com.au/freeutilities/regprot.php","http://www.diamondcs.com.au/downloads/freeutilities/regprot.zip","class from source tag 'freeware' (entry text)"
"mdgx-toy","Registry Engineer","1.00.0003","9x/ME","","System + Registry Fixers","freeware","freeware, right-click to save!","https://www.mdgx.com/toy.htm","http://www.reocities.com/SiliconValley/network/4414/Prod_Body.html#registry","http://www.reocities.com/SiliconValley/network/4414/RegEng.zip","class from source tag 'freeware, right-click to save!' (entry text)"
"mdgx-toy","BeClean","1.4","9x/NT4/2000/ME/XP","","System + Registry Fixers","freeware","freeware","https://www.mdgx.com/toy.htm","http://boozet.xepher.net/beclean/","http://boozet.xepher.net/download/beclean140.exe","class from source tag 'freeware' (entry text)"
"mdgx-toy","FixReg","2.05","9x","","System + Registry Fixers","freeware","freeware","https://www.mdgx.com/toy.htm","","https://www.mdgx.com/files/FIXREG.ZIP","class from source tag 'freeware' (entry text)"
"mdgx-toy","jv16 Power Tools","1.3.0.195","9x/NT4/2000/ME/XP/2003","","System + Registry Fixers","freeware","freeware","https://www.mdgx.com/toy.htm","http://www.321download.com/LastFreeware/#jv16","http://digilander.libero.it/rareware/jv16pt_setup.zip","class from source tag 'freeware' (entry text); source marks it discontinued"
"mdgx-toy","RegCln","2.0.1.6","9x/ME","","System + Registry Fixers","freeware","freeware","https://www.mdgx.com/toy.htm","http://www.utils32.com/regcln.htm","http://www.utils32.com/files/regcln.exe","class from source tag 'freeware' (entry text)"
"mdgx-toy","RegFixer","2.2","9x/ME","Requires Microsoft Visual Basic 6 (VB6) Runtime Libraries (free)!","System + Registry Fixers","freeware","freeware","https://www.mdgx.com/toy.htm","http://www.vb-build.com/RegfixerMain.htm","http://www.vb-build.com/Download/RegfixerVBRun.exe","class from source tag 'freeware' (entry text)"
"mdgx-toy","OleClean","1.4","9x/NT4/2000/ME","","System + Registry Fixers","freeware","freeware","https://www.mdgx.com/toy.htm","http://www.majorgeeks.com/download452.html","","class from source tag 'freeware' (entry text)"
"mdgx-toy","UnInstall Cleaner","1.1.0","9x/ME","","System + Registry Fixers","freeware","freeware","https://www.mdgx.com/toy.htm","http://www.webmasterfree.com/jsuninstallcleaner.html","http://www.brothersoft.com/soft/jsuic.exe","class from source tag 'freeware' (entry text)"
"mdgx-toy","EasyCleaner BETA #2","2.1","9x/NT","","System + Registry Fixers","freeware","freeware","https://www.mdgx.com/toy.htm","http://personal.inet.fi/business/toniarts/ecleane.htm","http://personal.inet.fi/business/toniarts/files/ECBeta2.zip","class from source tag 'freeware' (entry text)"
"mdgx-toy","CleanUp!","3.12","9x/NT4/2000/ME/XP/2003","","System + Registry Fixers","freeware","donationware","https://www.mdgx.com/toy.htm","http://users3.ev1.net/~stevengould/cleanup/","http://users3.ev1.net/~stevengould/downloads/cleanup/CleanUp312.exe","class from source tag 'donationware' (entry text)"
"mdgx-toy","Clean System Directory","1.7","3.1x/9x/ME","","System + Registry Fixers","freeware","freeware","https://www.mdgx.com/toy.htm","http://www.theabsolute.net/sware/#clnsys","http://www.theabsolute.net/sware/files/clnsysdr.zip","class from source tag 'freeware' (entry text)"
"mdgx-toy","CCleaner (Crap Cleaner)","2.34","98/NT4/2000/ME/XP/2003/Vista/2008/7","","System + Registry Fixers","freeware","freeware","https://www.mdgx.com/toy.htm","http://www.ccleaner.com/","http://download.piriform.com/ccsetup234.exe","class from source tag 'freeware' (entry text)"
"mdgx-toy","HDCleaner","2.365","9x/NT4/2000/ME/XP/2003","","System + Registry Fixers","freeware","freeware","https://www.mdgx.com/toy.htm","http://www.softpedia.com/get/Security/Secure-cleaning/HDCleaner.shtml","","class from source tag 'freeware' (entry text)"
"mdgx-toy","DCleaner","1.07","2000/XP/2003","","System + Registry Fixers","freeware","freeware","https://www.mdgx.com/toy.htm","http://www.dcleaner.ca/","http://www.dcleaner.ca/dcsetup.exe","class from source tag 'freeware' (entry text)"
"mdgx-toy","Drive Cleanup Wizard","0.1.0.8","9x/NT4/2000/ME/XP/2003","","System + Registry Fixers","open-source","GPL (version not stated by source)","https://www.mdgx.com/toy.htm","http://www.thejackol.com/projects/dclean/","http://www.thejackol.com/projects/dclean/dclean_setup.exe","class from source tag 'free GPL' (entry text)"
"mdgx-toy","Advanced Disk Cleaner","4.0","9x/NT4/2000/ME/XP/2003","","System + Registry Fixers","freeware","freeware","https://www.mdgx.com/toy.htm","http://www.innovative-sol.com/cleaner/","http://innovative.fileburst.com/cleaner/advanced_disk_cleaner.exe","class from source tag 'freeware' (entry text)"
"mdgx-toy","Windows System Optimizer Free Edition","2.0","9x/NT4/2000/ME/XP/2003","","System + Registry Fixers","freeware-unclear","crippled freeware","https://www.mdgx.com/toy.htm","http://free.windowssystemoptimizer.com/","http://free.windowssystemoptimizer.com/freewindowssystemoptimizer.exe","class from source tag 'crippled freeware' (entry text)"
"mdgx-toy","CleanReg3","3.7","9x/NT4/2000/ME/XP/2003","","System + Registry Fixers","shareware","nag + crippled shareware","https://www.mdgx.com/toy.htm","http://www.cleanreg.com/","http://www.armstrongsystems.bizland.com/cr3.zip","class from source tag 'nag + crippled shareware' (entry text)"
"mdgx-toy","WinRet","4.9a Beta","9x/NT4/2000/ME/XP/2003","","System + Registry Fixers","freeware","freeware, English","https://www.mdgx.com/toy.htm","http://winret.sourceforge.net/","http://winret.sourceforge.net/Files/WinRetEn4.9.exe","class from source tag 'freeware, English' (entry text)"
"mdgx-toy","Remove on Reboot Shell Extension","1.00","98/2000/ME/XP/2003","","System + Registry Fixers","freeware","freeware","https://www.mdgx.com/toy.htm","http://www.bjb-inc.com/products.asp","http://www.bjb-inc.com/removeonreboot/setup.exe","class from source tag 'freeware' (entry text)"
"mdgx-toy","Registry Pruner","2.5","9x/NT4/2000/ME/XP","","System + Registry Fixers","freeware","freeware","https://www.mdgx.com/toy.htm","http://www.karenware.com/powertools/ptpruner.asp","http://www.karenware.com/progs/ptpruner-setup.exe","class from source tag 'freeware' (entry text)"
"mdgx-toy","Registry Ripper","1.2","9x/NT4/2000/ME/XP","","System + Registry Fixers","freeware","freeware","https://www.mdgx.com/toy.htm","http://www.karenware.com/powertools/ptregrip.asp","http://www.karenware.com/progs/ptregrip-setup.exe","class from source tag 'freeware' (entry text)"
"mdgx-toy","RegCompact","1.0","95/98","","System + Registry Fixers","freeware","freeware","https://www.mdgx.com/toy.htm","http://erpman1.tripod.com/current/regsmall.htm","http://ftp.pcworld.com/pub/new/utilities/system_resources_tune_up/regcmp1a.zip","class from source tag 'freeware' (entry text)"
"mdgx-toy","RegCompact.NET","2.0","NT4/2000/XP/2003","Requires Microsoft .Net Framework Redistributable (NFR) (free)!","System + Registry Fixers","open-source","GPL (version not stated by source)","https://www.mdgx.com/toy.htm","http://www.aplusfreeware.com/categories/LFWV/RegCompact.html","","class from source tag 'free GPL' (entry text); other tags: free"
"mdgx-toy","Registry Extensions (RegEditX)","2.0","9x/NT4/2000/ME/XP","","System + Registry Fixers","freeware","freeware","https://www.mdgx.com/toy.htm","http://www.dcsoft.com/products/regeditx/","http://www.dcsoft.com/ftp/REGX2.EXE","class from source tag 'freeware' (entry text)"
"mdgx-toy","BugSight 16 + 32 bit","0.83","9x/ME","","System + Registry Fixers","freeware","freeware","https://www.mdgx.com/toy.htm","https://web.archive.org/web/20080619061613/http://www.bugsight.com/","https://web.archive.org/web/20080619061613/http://www.bugsight.com/bugsight.zip","class from source tag 'freeware' (entry text)"
"mdgx-toy","Dependency Walker","2.2","9x/NT4/2000/ME/XP/2003/Vista","","System + Registry Fixers","freeware","freeware","https://www.mdgx.com/toy.htm","http://www.dependencywalker.com/","http://www.dependencywalker.com/depends22_x86.zip","class from source tag 'freeware' (entry text)"
"mdgx-toy","FileAlyzer","1.5.5","9x/NT4/2000/ME/XP/2003/Vista/2008/7","","System + Registry Fixers","freeware","freeware","https://www.mdgx.com/toy.htm","http://www.safer-networking.org/en/filealyzer/","http://www.safer-networking.org/files/filealyz.exe","class from source tag 'freeware' (entry text)"
"mdgx-toy","DLL Archive","1.0","9x/NT4/2000/ME/XP/2003","","System + Registry Fixers","freeware","freeware","https://www.mdgx.com/toy.htm","http://www.analogx.com/contents/download/system/dllarch.htm","http://www.analogx.com/files/dllarchi.exe","class from source tag 'freeware' (entry text)"
"mdgx-toy","Smart UNinstaller (SUN)","1.0","9x/NT4/2000/ME/XP/2003","","System + Registry Fixers","freeware","freeware","https://www.mdgx.com/toy.htm","http://www.webattack.com/get/smartuninstaller.shtml","http://ftp.sunet.se/pub/simtelnet/win95/install/sun1_0.zip","class from source tag 'freeware' (entry text)"
"mdgx-toy","System Icon Cleaner","2.01","9x/NT4/2000/ME/XP","","System + Registry Fixers","freeware","freeware","https://www.mdgx.com/toy.htm","http://www.skylarkutilities.com/program.pcs?system-icon-cleaner","http://www.skylarkutilities.com/download/sysicon.zip","class from source tag 'freeware' (entry text)"
"mdgx-toy","Keyfinder","2.01","9x/NT4/2000/ME/XP/2003/Vista/2008/7","","System + Registry Fixers","open-source","GPL (version not stated by source)","https://www.mdgx.com/toy.htm","http://www.magicaljellybean.com/keyfinder/","http://downloads.sourceforge.net/keyfinder/keyfinder.2.0.1.zip","class from source tag 'free GPL' (entry text)"
"mdgx-toy","Keyfinder Thing","3.1.6","98/2000/ME/XP/2003","Requires Microsoft .Net Framework Redistributable (NFR) 2.0 (free)!","System + Registry Fixers","freeware","freeware","https://www.mdgx.com/toy.htm","http://www.ychatsharp.com/kft/","http://www.ychatsharp.com/keyfinderthing3.zip","class from source tag 'freeware' (entry text)"
"mdgx-toy","litePC Windows 9x/2000/ME/XP + MS Internet Explorer 3/4/5/6 Uninstallers","","9x/2000/ME/XP","","System + Registry Fixers","unknown","","","http://www.litepc.com/products.html","",""
"mdgx-toy","98Lite Professional","4.7","9x/ME","","System + Registry Fixers","commercial","retail, $25","https://www.mdgx.com/toy.htm","http://www.litepc.com/98lite.html","","class from source tag 'retail, $25' (entry text)"
"mdgx-toy","98Lite","4.5 Preview","9x/ME","","System + Registry Fixers","freeware","donationware","https://www.mdgx.com/toy.htm","http://www.litepc.com/preview.html","","class from source tag 'donationware' (entry text)"
"mdgx-toy","XPlite + 2000lite Professional","1.6","2000/XP","","System + Registry Fixers","shareware","no nag trial shareware","https://www.mdgx.com/toy.htm","http://www.litepc.com/xplite.html","","class from source tag 'no nag trial shareware' (entry text)"
"mdgx-toy","IEradicator","","95/98/2000/ME","","System + Registry Fixers","freeware","freeware","https://www.mdgx.com/toy.htm","http://www.litepc.com/ieradicator.html","","class from source tag 'freeware' (entry text)"
"mdgx-toy","Microsoft Windows 98 Resource Kit (RK) WinBoot (WINBOOT.EXE) multi-boot tool","1.5","98","","Boot Tweakers","commercial","Microsoft (proprietary)","","ftp://ftp.microsoft.com/services/technet/samples/ps/win98/reskit/deploy/","ftp://ftp.microsoft.com/services/technet/samples/ps/win98/reskit/deploy/winboot.exe","class from source tag 'free, unsupported' (entry text); Microsoft component: source tag describes a free download, not redistribution rights; Microsoft component; class from memory; source says unsupported"
"mdgx-toy","Microsoft Windows 98 Resource Kit (RK) Boot Editor (BOOTEDIT.EXE) tool","1.01","98","","Boot Tweakers","commercial","Microsoft (proprietary)","","ftp://ftp.microsoft.com/services/technet/samples/ps/win98/reskit/config/","ftp://ftp.microsoft.com/services/technet/samples/ps/win98/reskit/config/bootedit.exe","class from source tag 'free, unsupported' (entry text); Microsoft component: source tag describes a free download, not redistribution rights; Microsoft component; class from memory; source says unsupported"
"mdgx-toy","Boot ChoOSer","1.2","9x/NT4/2000/ME/XP/2003","","Boot Tweakers","freeware","freeware","https://www.mdgx.com/toy.htm","http://www.maddogsw.com/bootchooser/","http://www.maddogsw.com/bootchooser/chooseos.zip","class from source tag 'freeware' (entry text)"
"mdgx-toy","Boot Switcher","2.0","9x/NT4+SP6a/2000/ME/XP/2003","","Boot Tweakers","freeware","freeware","https://www.mdgx.com/toy.htm","http://www.angelfire.com/wizard2/hkeylocal/boot.htm","http://sunsite2.icm.edu.pl/pub/winsite/winxp/sysutil/bswitcher_setup.exe","class from source tag 'freeware' (entry text)"
"mdgx-toy","My Boot Manager (MBM) multi-boot tool","3.0","9x/ME","","Boot Tweakers","freeware","freeware","https://www.mdgx.com/toy.htm","","http://ftp.sunet.se/pub/simtelnet/win95/util/myboot30.zip","class from source tag 'freeware' (entry text)"
"mdgx-toy","MATTsoft Boot Manager multi-boot tool","1.19g","","","Boot Tweakers","freeware-unclear","freeware for personal use","https://www.mdgx.com/toy.htm","http://martin.hinner.info/mbtmgr/","http://martin.hinner.info/mbtmgr/download.html","class from source tag 'freeware for personal use' (entry text)"
"mdgx-toy","MSDOS.SYS Editor (MSDSYS)","1.5.0","9x/ME","","Boot Tweakers","freeware","freeware","https://www.mdgx.com/toy.htm","http://www.dx21.com/software/viewitem.aspx?ID=367C307C337C7C347C23383630","https://web.archive.org/20071215235019/http://www.dx21.com/SOFTWARE/DX21/DOWNLOADS/MSDSYS.zip","class from source tag 'freeware' (entry text)"
"mdgx-toy","BOOT 95","3.02","9x/ME","","Boot Tweakers","freeware","freeware","https://www.mdgx.com/toy.htm","https://www.mdgx.com/msdos.htm#TAB","https://web.archive.org/web/20061210125452/http://www.netprosweb.com/download/utility/boot32.zip","class from source tag 'freeware' (entry text)"
"mdgx-toy","Boot Configurator","1.4","9x/ME","","Boot Tweakers","freeware","freeware","https://www.mdgx.com/toy.htm","https://web.archive.org/web/20080616032931/http://marina.fortunecity.com/havana/425/","https://web.archive.org/web/20080616032931/http://marina.fortunecity.com/havana/425/files/bc.zip","class from source tag 'freeware' (entry text)"
"mdgx-toy","MSDOSED","1.10","9x/ME","","Boot Tweakers","freeware","freeware","https://www.mdgx.com/toy.htm","","ftp://ftp.sac.sk/pub/sac/utiltask/msdosed.zip","class from source tag 'freeware' (entry text)"
"mdgx-toy","APK BootTweakUI 98","8.0.0.153","9x/ME","","Boot Tweakers","freeware","freeware","https://www.mdgx.com/toy.htm","http://www.torry.net/authorsmore.php?id=1781","http://ftp.sunet.se/pub/simtelnet/win95/util/apktweak.zip","class from source tag 'freeware' (entry text)"
"mdgx-toy","BOOT.INI Configuration Utility","1.5.0","NT/2000/XP/2003","","Boot Tweakers","freeware","freeware","https://www.mdgx.com/toy.htm","","https://www.mdgx.com/files/BOOTINI.EXE","class from source tag 'freeware' (entry text)"
"mdgx-toy","EditBINI","1.01.1","NT/2000/XP/2003","","Boot Tweakers","freeware","freeware","https://www.mdgx.com/toy.htm","http://www.terabyteunlimited.com/downloads-free-software.htm","http://www.terabyteunlimited.com/downloads/editbini.zip","class from source tag 'freeware' (entry text)"
"mdgx-toy","Microsoft Windows NT4/2000/XP Professional/2003 BOOTCFG.EXE DOS console command line tool","","NT4/2000/XP Professional/2003","","Boot Tweakers","commercial","Microsoft (proprietary)","","https://www.microsoft.com/resources/documentation/windows/xp/all/proddocs/en-us/bootcfg.mspx","","label: BOOTCFG + BOOT.INI; Microsoft component; class from memory"
"mdgx-toy","Microsoft Windows XP SP2/2003 SP2 RepairBootIni tool","1.5","XP SP2/2003 SP2","","Boot Tweakers","commercial","Microsoft (proprietary)","","https://www.microsoft.com/download/details.aspx?id=6712","http://download.microsoft.com/download/d/2/8/d28853af-1a03-4189-be8f-efedeb8f6297/RepairBootIni.exe","Microsoft component; class from memory"
"mdgx-toy","BellaVista BOOT.INI, Boot Configuration Data (BCD) + BCDEdit.exe interface (GUI) tweaking tool","1.1.0.75","NT4/2000/XP/2003/Vista/2008/7/8/8.1/2012","","Boot Tweakers","freeware","English, freeware","https://www.mdgx.com/toy.htm","http://www.zezula.net/en/fstools/bellavista.html","http://www.zezula.net/download/bellavista_en.zip","label: BellaVista; class from source tag 'English, freeware' (entry text)"
"mdgx-toy","Visual BCD Editor (VBCDE) Boot Configuration Data (BCD) + BCDEdit.exe interface (GUI) tweaking tool","0.9.3.1","Vista/2008/7/8/8.1/2012","Requires Microsoft .Net Framework Redistributable (NFR) 2.0 or 4.0 (free)!","Boot Tweakers","freeware-unclear","freeware for non-profit use, right-click to save!","https://www.mdgx.com/toy.htm","http://www.boyans.net/","http://www.boyans.net/VisualBcd/VisualBcd_0.9.3.1.msi","label: Visual BCD Editor (VBCDE); class from source tag 'freeware for non-profit use, right-click to save!' (entry text); other tags: free"
"mdgx-toy","EasyBCD Community Edition","2.2.0","2000/XP/2003/Vista/2008/7/8/8.1/2012","","Boot Tweakers","freeware-unclear","freeware for personal use","https://www.mdgx.com/toy.htm","http://www.neosmart.net/EasyBCD/","http://www.softpedia.com/get/System/OS-Enhancements/EasyBCD.shtml","label: EasyBCD; class from source tag 'freeware for personal use' (entry text)"
"mdgx-toy","BTSECT","2.5","9x/ME","","Boot Tweakers","freeware","freeware","https://www.mdgx.com/toy.htm","http://www.thpc.info/dual/bootsectdos.html","http://www.thpc.info/dload/btsect25.zip","class from source tag 'freeware' (entry text)"
"mdgx-toy","Microsoft Boot Code Update console command line tools: BCUpdate (BCUPDATE.EXE) for Windows NT4 SP6a + BCUpdate2 v1.3 (BCUPDATE2.EXE) for Windows 2000 SP4/XP/2003","1.1","NT4 SP6a","","Boot Tweakers","commercial","Microsoft (proprietary)","","http://xperiencexp.blogspot.com/2005/11/bcupdate2exe.html","http://www.autourdupc.com/Logiciel/WIN2000/Softs/bcupdate2.exe","label: BCUpdate; class from source tag 'free' (entry text); Microsoft component: source tag describes a free download, not redistribution rights; Microsoft component; class from memory"
"mdgx-toy","Restart","1.56","9x/NT4/2000/ME/XP/2003","","Boot Tweakers","freeware","freeware","https://www.mdgx.com/toy.htm","http://www.gabrieleponti.com/software/#restart","http://www.gabrieleponti.com/downloads/restart.exe","class from source tag 'freeware' (entry text)"
"mdgx-toy","Boot Log Analyzer (BLA)","1.23","9x/ME","","Boot Tweakers","freeware","freeware","https://www.mdgx.com/toy.htm","http://www.pricelesswarehome.org/WoundedMoon/win32/bootloganalyzer123.html","http://www.pricelesswarehome.org/WoundedMoon/files/bootloganalyzer123.zip","class from source tag 'freeware' (entry text)"
"mdgx-toy","BootLog Examiner (BLE)","1.3","9x/ME","","Boot Tweakers","freeware","freeware","https://www.mdgx.com/toy.htm","http://www.blueorbsoft.com/ble/","http://www.blueorbsoft.com/ble/BLE_Setup.exe","class from source tag 'freeware' (entry text)"
"mdgx-toy","Microsoft Windows 9x/NT4/2000/ME/XP/2003 System Configuration Utility (MSCONFIG.EXE) tool","","9x/NT4/2000/ME/XP/2003","","Boot Tweakers","commercial","Microsoft (proprietary)","","https://www.mdgx.com/add.htm#MSC","","Microsoft component; class from memory"
"mdgx-toy","Unofficial Windows ME System Editor (SysEdit)","1.5","ME","","Boot Tweakers","freeware","freeware","https://www.mdgx.com/toy.htm","","https://www.mdgx.com/files/SYSEDME.ZIP","class from source tag 'freeware' (entry text)"
"mdgx-toy","Programmer's File Editor ( PFE32 )","1.01","9x/NTx","","Text Editors","freeware","freeware","https://www.mdgx.com/toy.htm","http://www.lancs.ac.uk/people/steveb/cpaap/pfe/","http://www.lancaster.ac.uk/~steveb/cpaap/pfe/pfe101i.zip","label: Programmer's File Editor (PFE32); class from source tag 'freeware' (entry text); source marks it discontinued"
"mdgx-toy","ConTEXT Programmers Editor","0.98.6","9x/NTx","","Text Editors","open-source","freeware, open source","https://www.mdgx.com/toy.htm","http://www.contexteditor.org/","http://cdn.contextstatic.org/downloads/ConTEXTv0_986.exe","class from source tag 'freeware, open source' (entry text)"
"mdgx-toy","Programmer's Notepad (PN2) (Portable) 2.4.2 RC","","9x/NTx","","Text Editors","open-source","free open source","https://www.mdgx.com/toy.htm","http://www.pnotepad.org/","http://www.pnotepad.org/download/","label: Programmer's Notepad; class from source tag 'free open source' (entry text)"
"mdgx-toy","WinVi32","","9x/NTx","","Text Editors","open-source","GPL (version not stated by source)","https://www.mdgx.com/toy.htm","http://www.winvi.de/en/","http://www.winvi.de/winvi302.zip","class from source tag 'free GPL' (entry text)"
"mdgx-toy","TED Notepad SE","6.3.1","9x/NTx","","Text Editors","freeware","freeware","https://www.mdgx.com/toy.htm","http://jsimlo.sk/notepad/","http://jsimlo.sk/notepad/download.php","label: TED Notepad; class from source tag 'freeware' (entry text)"
"mdgx-toy","Syn Text Editor","2.1.0.46","9x/NT4/2000/ME/XP/2003","Windows 95/OSR1/OSR2/98/98 SP1/NT4 WITHOUT MS IE 5/6 installed require Microsoft Common Control DLL 5.80 Patch !","Text Editors","open-source","GPL (version not stated by source)","https://www.mdgx.com/toy.htm","http://sourceforge.net/projects/syn/","http://downloads.sourceforge.net/syn/synsetup-2.1.0.46.exe","class from source tag 'free GPL' (entry text); other tags: free"
"mdgx-toy","CREdit","1.014 Beta 6","9x/NT4/2000/ME/XP/2003","Windows 95/OSR1/OSR2/98/98 SP1/NT4 WITHOUT MS IE 5/6 installed require Microsoft Common Control DLL 5.80 Patch !","Text Editors","freeware","freeware","https://www.mdgx.com/toy.htm","http://www.praven3.com/credit/","http://www.praven3.com/credit/CREdit_1014_6.zip","class from source tag 'freeware' (entry text)"
"mdgx-toy","Bluefish","2.2.4","2000/XP/2003/Vista/2008/7/8/8.1/2012","","Text Editors","open-source","GPL (version not stated by source)","https://www.mdgx.com/toy.htm","http://bluefish.openoffice.nl/","http://www.bennewitz.com/bluefish/stable/binaries/win32/","class from source tag 'free GPL' (entry text)"
"mdgx-toy","Notepad2","","9x/NT4/2000/ME/XP/2003/Vista/2008/7/8/8.1/2012","","Text Editors","open-source","GPL (version not stated by source)","https://www.mdgx.com/toy.htm","http://www.flos-freeware.ch/notepad2.html","http://www.flos-freeware.ch/zip/notepad2.zip","class from source tag 'free GPL' (entry text)"
"mdgx-toy","DocPad","10.0","2000/XP/2003/Vista/2008/7/8/8.1/2012","","Text Editors","freeware","freeware","https://www.mdgx.com/toy.htm","http://www.gammadyne.com/docpad.htm","http://www.gammadyne.com/setup-dp.exe","class from source tag 'freeware' (entry text)"
"mdgx-toy","PSPad","","9x/NT4/2000/ME/XP/2003/Vista/2008/7/8/8.1/2012","","Text Editors","freeware","freeware","https://www.mdgx.com/toy.htm","http://www.pspad.com/en/","http://www.pspad.com/files/pspad/pspad454inst_en.exe","class from source tag 'freeware' (entry text)"
"mdgx-toy","SciTE (SCIntilla based Text Editor)","3.2.5","XP/2003/Vista/2008/7/8/8.1/2012","","Text Editors","freeware","freeware","https://www.mdgx.com/toy.htm","http://www.scintilla.org/SciTE.html","http://downloads.sourceforge.net/scintilla/wscite325.zip","class from source tag 'freeware' (entry text)"
"mdgx-toy","TextShield Fusion Build 644","","9x/NT4/2000/ME/XP/2003","Windows 95/98 require Rich Text Format (RTF) Edit Fix (free)!","Text Editors","freeware","freeware","https://www.mdgx.com/toy.htm","http://members.multimania.nl/textshield/","http://members.multimania.nl/textshield/Setup.exe","class from source tag 'freeware' (entry text)"
"mdgx-toy","NotepadEx","1.7.7.4","9x/NT4/2000/ME/XP/2003","","Text Editors","freeware","freeware","https://www.mdgx.com/toy.htm","http://www.van-roermund.nl/notepadex/","http://www.van-roermund.nl/notepadex/download/setup.exe","class from source tag 'freeware' (entry text)"
"mdgx-toy","Note And 1/2","1.3.0","9x/NT4/2000/ME/XP/2003","","Text Editors","freeware","donationware","https://www.mdgx.com/toy.htm","https://web.archive.org/web/20080419123048/http://www.designvortex.com/notehalf/","https://web.archive.org/web/20070203154732/http://www.designvortex.com/notehalf/download/notehalf.zip","class from source tag 'donationware' (entry text); source marks it discontinued"
"mdgx-toy","Notepad++ (NPP)","","9x/NT4/2000/ME/XP/2003/Vista/2008/7/8/8.1/2012/10/2016/2019/2022/11/2025","","Text Editors","open-source","GPL (version not stated by source)","https://www.mdgx.com/toy.htm","http://www.notepad-plus-plus.org/","http://github.com/notepad-plus-plus/notepad-plus-plus/releases/latest/","class from source tag 'Installer EXE + Portable 7z/ZIP, 4-free GPL, open source' (entry text)"
"mdgx-toy","NoteTab Lite","6.2","9x/NT4/2000/ME/XP/2003/Vista/2008/7/8/8.1/2012","","Text Editors","freeware-unclear","crippled freeware","https://www.mdgx.com/toy.htm","http://www.notetab.com/features.php","http://www.fookes.com/ftp/free/NoteTab_Setup.exe","class from source tag 'crippled freeware' (entry text)"
"mdgx-toy","EditPad Lite","6.6.0","98/NT4/2000/ME/XP/2003/Vista/2008/7/8/8.1/2012","","Text Editors","freeware-unclear","free for non-commercial use","","http://www.editpadlite.com/editpadlite.html","http://download.jgsoft.com/editpad/SetupEditPadLite.exe","class from memory (Just Great Software EditPad Lite)"
"mdgx-toy","Editor2","2.5.0.5","9x/NT4/2000/ME/XP/2003","","Text Editors","freeware","freeware","https://www.mdgx.com/toy.htm","http://www.netez.com/2xExplorer/","http://ftp.sunet.se/pub/simtelnet/win95/editor/editor2.zip","class from source tag 'freeware' (entry text)"
"mdgx-toy","MetaPad","3.6","9x/NT4/2000/ME/XP/2003/Vista/2008/7/8/8.1/2012","","Text Editors","freeware","freeware","https://www.mdgx.com/toy.htm","http://www.liquidninja.com/metapad/","http://www.liquidninja.com/metapad/downloads/metapad36.zip","class from source tag 'freeware' (entry text)"
"mdgx-toy","Win32Pad","1.5.10.4","9x/NT4/2000/ME/XP/2003/Vista/2008/7/8/8.1/2012","Windows 95/98/NT4 require Microsoft RTF Control Libraries and Shell Folder Service ! | Windows 95, 98 + ME require Microsoft Layer for Unicode (MSLU) UNICOWS.DLL 1.1.3790.0 !","Text Editors","freeware","freeware","https://www.mdgx.com/toy.htm","http://www.gena01.com/win32pad/","http://www.gena01.com/win32pad/win32pad_1_5_10_4.exe","class from source tag 'freeware' (entry text)"
"mdgx-toy","jEdit Programmer's Text Editor","4.3.1","9x/NT4/2000/ME/XP/2003/Vista/2008/7/8/8.1/2012","Requires Oracle (Sun) Java Runtime Environment (JRE) Standard Edition (Java SE/J2SE) (free).","Text Editors","open-source","GPL (version not stated by source)","https://www.mdgx.com/toy.htm","http://www.jedit.org/","http://www.jedit.org/?page=download","class from source tag 'free GPL' (entry text); other tags: free"
"mdgx-toy","Simpedit","1.0","9x/NT4/2000/ME/XP/2003/Vista/2008/7/8/8.1/2012","PHP support requires PHP5TS.DLL .","Text Editors","freeware","freeware","https://www.mdgx.com/toy.htm","http://www.paehl.de/cms/simpedit/","http://www.paehl.de/beta/simpedit.zip","class from source tag 'freeware' (entry text); other tags: free GPL"
"mdgx-toy","EDXOR","1.65","9x/NT4/2000/ME/XP/2003","","Text Editors","freeware","freeware","https://www.mdgx.com/toy.htm","http://members.ozemail.com.au/~nulifetv/freezip/freeware/edxor.htm","http://members.ozemail.com.au/~nulifetv/freezip/freeware/edxor_setup.exe","class from source tag 'freeware' (entry text)"
"mdgx-toy","Prolix","3.2","9x/NT4/2000/ME/XP/2003","","Text Editors","freeware","freeware","https://www.mdgx.com/toy.htm","http://www.kobayashi.com/prolix/","http://www.kobayashi.com/software/prolix32_v32.zip","class from source tag 'freeware' (entry text)"
"mdgx-toy","SuperEdi","","98/NT4/2000/ME/XP/2003/Vista/2008/7/8/8.1/2012","","Text Editors","freeware","freeware","https://www.mdgx.com/toy.htm","http://www.wolosoft.com/en/superedi/","http://www.wolosoft.com/files/SuperEdi-4.3.1.U.exe","class from source tag 'freeware' (entry text)"
"mdgx-toy","NotePare beta","1.0","9x/NT4/2000/ME/XP/2003","","Text Editors","freeware","freeware","https://www.mdgx.com/toy.htm","https://web.archive.org/web/20070716013747/http://www.taotoon.com/tongsoft/NotePare/","https://web.archive.org/web/20070716013747/http://www.taotoon.com/tongsoft/NotePare/Notepare.zip","class from source tag 'freeware' (entry text)"
"mdgx-toy","Notepad X","2.1.2","2000/XP/2003/Vista/2008/7/8/8.1/2012","","Text Editors","open-source","GPL (version not stated by source)","https://www.mdgx.com/toy.htm","http://notepad-x.sourceforge.net/","http://downloads.sourceforge.net/project/notepad-x/Notepad%20X%20v%202/Notepad%20X%202.1.2/Notepad-X-Install-2.1.2.exe","class from source tag 'free GPL' (entry text)"
"mdgx-toy","Notepad GNU","2.2.8.32","2000/XP/2003/Vista/2008/7/8/8.1/2012","","Text Editors","open-source","GPL (version not stated by source)","https://www.mdgx.com/toy.htm","http://sourceforge.net/projects/notepadgnu/","http://downloads.sourceforge.net/project/notepadgnu/Notepad%20GNU%202.2.8.32/Notepad%20GNU.zip","class from source tag 'free GPL' (entry text)"
"mdgx-toy","Notepad .NET","0.2","2000/XP/2003/Vista/2008/7/8/8.1/2012","Requires Microsoft .Net Framework Redistributable (NFR) (free)!","Text Editors","open-source","GPL (version not stated by source)","https://www.mdgx.com/toy.htm","http://sourceforge.net/projects/notepaddotnet/","http://downloads.sourceforge.net/project/notepaddotnet/Notepad%20.NET/Notepad%20.NET%200.2/notepaddotnetsetup02.exe","class from source tag 'free GPL' (entry text); other tags: free"
"mdgx-toy","Texter","1.1.1.0","XP/2003/Vista/2008/7/8/8.1/2012","Requires Microsoft .Net Framework Redistributable (NFR) 4.0 (free)!","Text Editors","freeware","free","https://www.mdgx.com/toy.htm","http://sourceforge.net/projects/texter/","http://downloads.sourceforge.net/project/texter/Texter%28v1.1.1.0%29.zip","class from source tag 'free' (entry text)"
"mdgx-toy","Jarte","4.1","98/NT4/2000/ME/XP/2003/Vista/2008/7/8/8.1/2012","","Text Editors","freeware","freeware","https://www.mdgx.com/toy.htm","http://www.jarte.com/","http://www.jarte.com/downloads/jarte_41_setup.exe","class from source tag 'freeware' (entry text)"
"mdgx-toy","XVI32","2.55","9x/NT4/2000/ME/XP/2003/Vista/2008/7/8/8.1/2012","","Hex Editors","freeware","freeware","https://www.mdgx.com/toy.htm","http://www.chmaas.handshake.de/delphi/freeware/xvi32/xvi32.htm","http://www.handshake.de/user/chmaas/delphi/download/xvi32.zip","class from source tag 'freeware' (entry text)"
"mdgx-toy","FrHed","1.1 Beta 1","9x/NT4/2000/ME/XP/2003","","Hex Editors","open-source","GPL (version not stated by source)","https://www.mdgx.com/toy.htm","http://www.kibria.de/frhed.html","http://www.rs.e-technik.tu-darmstadt.de/applets/frhed-v1.1.zip","class from source tag 'free GPL' (entry text)"
"mdgx-toy","Hackman Hex Editor","9.0","9x/NT4/2000/ME/XP/2003","Requires Microsoft Visual Basic 6 (VB6) Runtime Libraries (free)!","Hex Editors","freeware","freeware","https://www.mdgx.com/toy.htm","http://www.technologismiki.com/en/hackman/editor.php","http://www.technologismiki.com/en/download/hackman.php","class from source tag 'freeware' (entry text)"
"mdgx-toy","HexEdit","2.0 Beta 3","9x/NT4/2000/ME/XP/2003/Vista/2008/7","","Hex Editors","freeware","freeware","https://www.mdgx.com/toy.htm","http://www.catch22.net/software/HexEdit/","http://www.catch22.net/sites/default/files/HexEdit2_beta3.zip","class from source tag 'freeware' (entry text)"
"mdgx-toy","HxD Freeware Hex and Disk Editor","1.7.6.4","9x/NT4/2000/ME/XP/2003/Vista/2008/7","","Hex Editors","freeware","freeware","https://www.mdgx.com/toy.htm","http://www.mh-nexus.de/en/hxd/","http://www.mh-nexus.de/en/downloads.php?product=HxD","class from source tag 'freeware' (entry text)"
"mdgx-toy","Hexplorer","2.6","2000/XP/2003/Vista/2008/7/8/8.1/2012","","Hex Editors","open-source","GPL (version not stated by source)","https://www.mdgx.com/toy.htm","http://sourceforge.net/projects/hexplorer/","http://downloads.sourceforge.net/project/hexplorer/hexplorer/hexplorer%202.6/hex_setup26.exe","class from source tag 'free GPL' (entry text)"
"mdgx-toy","Resource Hacker","5.0.42","XP/2003/Vista/2008/7/8/8.1/2012/10/2016/2019","","Hex Editors","freeware","freeware","https://www.mdgx.com/toy.htm","http://www.angusj.com/resourcehacker/","http://www.angusj.com/resourcehacker/reshacker_setup.exe","class from source tag 'freeware' (entry text)"
"mdgx-toy","eXeScope","6.50","9x/NT4/2000/ME/XP/2003/Vista/2008/7","","Hex Editors","shareware","crippled shareware $20 , English","https://www.mdgx.com/toy.htm","http://hp.vector.co.jp/authors/VA003525/emysoft.htm#6","http://hp.vector.co.jp/authors/VA003525/eXeSc650.zip","class from source tag 'crippled shareware $20 , English' (entry text)"
"mdgx-toy","XN Resource Editor","3.0.0.1","9x/NT4/2000/ME/XP/2003","","Hex Editors","open-source","free, open source","https://www.mdgx.com/toy.htm","http://www.wilsonc.demon.co.uk/d10resourceeditor.htm","http://www.btinternet.com/~wilsoncpw/xn_resourceeditor_setup.exe","class from source tag 'free, open source' (entry text)"
"mdgx-toy","ResEdit","1.4.13","2000/XP/2003/Vista/2008/7","","Hex Editors","freeware","freeware","https://www.mdgx.com/toy.htm","http://www.resedit.net/","http://www.resedit.net/ResEdit-x64.7z","class from source tag 'freeware' (entry text)"
"mdgx-toy","PEInfo","0.9 Beta","98/NT4/2000/ME/XP/2003/Vista/2008/7/8/8.1/2012","","Hex Editors","freeware","freeware","https://www.mdgx.com/toy.htm","http://www.pazera-software.com/products/peinfo/","http://www.pazera-download.com/development/PEInfo.rar","class from source tag 'freeware' (entry text)"
"mdgx-toy","cEditMX","6.0.7","9x/NT4/2000/ME/XP/2003","","Hex Editors","open-source","GPL (version not stated by source)","https://www.mdgx.com/toy.htm","http://www.ceditmx.com/","http://downloads.sourceforge.net/cedit/cMXSetup.exe","class from source tag 'free GPL' (entry text)"
"mdgx-toy","Property Edit","2.5.0.0","9x/NT4/2000/ME/XP/2003/Vista/2008/7","","Hex Editors","freeware","freeware","https://www.mdgx.com/toy.htm","http://www.mh-nexus.de/en/programs.php","http://www.mh-nexus.de/en/downloads.php?product=PropEdit","class from source tag 'freeware' (entry text)"
"mdgx-toy","Crimson Editor","3.70","9x/NT4/2000/ME/XP/2003","","Hex Editors","freeware","freeware","https://www.mdgx.com/toy.htm","http://www.crimsoneditor.com/","http://my.netian.com/~igkang/cedt370r.exe","class from source tag 'freeware' (entry text)"
"mdgx-toy","Microsoft Windows 9x/NT4/2000/ME/XP/2003/Vista/2008/7/8/8.1/2012 File Checksum Integrity Verifier (FCIV) command line tool","2.05","9x/NT4/2000/ME/XP/2003/Vista/2008/7/8/8.1/2012","","Hex Editors / FREE Windows x/NTx Checksum Tools","commercial","Microsoft (proprietary)","","http://support.microsoft.com/help/841290","http://download.microsoft.com/download/c/f/4/cf454ae0-a4bb-4123-8333-a1b6737712f7/windows-kb841290-x86-enu.exe","class from source tag 'English, free' (entry text); Microsoft component: source tag describes a free download, not redistribution rights; Microsoft component; class from memory"
"mdgx-toy","CRC.EXE command line tool","3.0","9x/NT4/2000/ME/XP/2003/Vista/2008/7/8/8.1/2012","","Hex Editors / FREE Windows x/NTx Checksum Tools","unknown","","","","https://web.archive.org/web/20010814000944/http://vamsftwxp.conxion.com/CRC.EXE",""
"mdgx-toy","HashCheck Windows Explorer right-click menu shell extension","","","","Hex Editors / FREE Windows x/NTx Checksum Tools","open-source","free, open source","https://www.mdgx.com/toy.htm","http://code.kliu.org/hashcheck/","","class from source tag 'free, open source' (entry text)"
"mdgx-toy","HashTab Windows Explorer right-click Properties tab","","","","Hex Editors / FREE Windows x/NTx Checksum Tools","freeware","freeware","https://www.mdgx.com/toy.htm","http://www.beeblebrox.org/hashtab/","","class from source tag 'freeware' (entry text)"
"mdgx-toy","ModifyPE command line tool","0.81","2000/XP/2003","","Hex Editors / FREE Windows x/NTx Checksum Tools","freeware","free","https://www.mdgx.com/toy.htm","http://unattended.msfn.org/unattended.xp/view/web/64/","","class from source tag 'free' (entry text)"
"mdgx-toy","PEChecksum (ModifyPE fixed to work with Windows Vista/2008/7/8/8.1/2012) command line tool","1.4","Vista/2008/7/8/8.1/2012","","Hex Editors / FREE Windows x/NTx Checksum Tools","freeware","free","https://www.mdgx.com/toy.htm","http://www.ryanvm.net/forum/viewtopic.php?t=5381","","class from source tag 'free' (entry text)"
"mdgx-toy","PE Checksum command line tool","","NT4/2000/XP/2003/Vista/2008/7/8/8.1/2012","","Hex Editors / FREE Windows x/NTx Checksum Tools","freeware-unclear","free subscription required!","https://www.mdgx.com/toy.htm","http://www.codeproject.com/kb/cpp/pechecksum.aspx","","class from source tag 'free subscription required!' (entry text)"
"mdgx-toy","WinCRC","1.2","","","Hex Editors / FREE Windows x/NTx Checksum Tools","freeware","freeware","https://www.mdgx.com/toy.htm","http://www.dr-hoiby.com/WinCRC/","","class from source tag 'freeware' (entry text)"
"mdgx-toy","FileRepair command line + front end GUI tool","1.3.8","","","Hex Editors / FREE Windows x/NTx Checksum Tools","open-source","GPL (version not stated by source)","https://www.mdgx.com/toy.htm","http://filerepair.sourceforge.net/","","class from source tag 'free GPL' (entry text)"
"mdgx-toy","MD5/SHA Hashes + PGP Authentication Signatures tools","","9x/NT4/2000/ME/XP/2003/Vista/2008/7/8/8.1/2012","","Hex Editors / FREE Windows x/NTx Checksum Tools","freeware","freeware","https://www.mdgx.com/toy.htm","http://www.sdean12.org/Download.htm","","class from source tag 'freeware' (entry text)"
"mdgx-toy","RekSFV","","","","Hex Editors / FREE Windows x/NTx Checksum Tools","freeware","freeware","https://www.mdgx.com/toy.htm","http://www.kifoth.de/jane/misc/#RekSFV","","class from source tag 'freeware' (entry text)"
"mdgx-toy","MD5summer MD5 checksum generator","","9x/NT4/2000/ME/XP/2003/Vista/2008/7/8/8.1/2012","","Hex Editors / FREE Windows x/NTx Checksum Tools","freeware","freeware","https://www.mdgx.com/toy.htm","http://www.md5summer.org/","","class from source tag 'freeware' (entry text)"
"mdgx-toy","wxChecksums","","9x/2000/ME/XP/2003/Vista/2008/7/8/8.1/2012","","Hex Editors / FREE Windows x/NTx Checksum Tools","open-source","GPL (version not stated by source)","https://www.mdgx.com/toy.htm","http://wxchecksums.sourceforge.net/mainpage_en.html","","class from source tag 'free GPL' (entry text)"
"mdgx-toy","FSUM + HashCalc tools","","9x/NT4/2000/ME/XP/2003/Vista/2008/7/8/8.1/2012","","Hex Editors / FREE Windows x/NTx Checksum Tools","freeware","freeware","https://www.mdgx.com/toy.htm","http://www.slavasoft.com/products.htm","","class from source tag 'freeware' (entry text)"
"mdgx-toy","Md5Checker tools","","9x/NT4/2000/ME/XP/2003/Vista/2008/7/8/8.1/2012","","Hex Editors / FREE Windows x/NTx Checksum Tools","freeware","freeware","https://www.mdgx.com/toy.htm","http://www.getmd5checker.com/","","class from source tag 'freeware' (entry text)"
"mdgx-toy","ICE ECC file checksum verification + repair tool","","9x/NT4/2000/ME/XP/2003/Vista/2008/7/8/8.1/2012","","Hex Editors / FREE Windows x/NTx Checksum Tools","freeware","freeware","https://www.mdgx.com/toy.htm","http://www.ice-graphics.com/ICEECC/IndexE.html","","class from source tag 'freeware' (entry text)"
"mdgx-toy","Turbo WinMD5 file checksum verification + repair tool","0.45","9x/NT4/2000/ME/XP/2003/Vista/2008/7/8/8.1/2012","","Hex Editors / FREE Windows x/NTx Checksum Tools","freeware","freeware","https://www.mdgx.com/toy.htm","http://www.paehl.de/cms/winmd5/","","class from source tag 'freeware' (entry text)"
"mdgx-toy","FastMD5 MD5 hash creator","1.5","2000/XP/2003/Vista/2008/7/8/8.1/2012","","Hex Editors / FREE Windows x/NTx Checksum Tools","freeware","freeware","https://www.mdgx.com/toy.htm","http://www.paehl.de/cms/fastmd5/","","class from source tag 'freeware' (entry text)"
"mdgx-toy","DPASHA MD2, MD4, MD5, RIPEMD, CRC32, CRC16, ARC-CRC, SHA-1, SHA-2, SHA-3, SHA-5, HAVAL, Tiger, GOST, Sapphire, Panama, Whirlpool, Square, Snefru multilingual hash creator","1.99","2000/XP/2003/Vista/2008/7/8/8.1/2012","","Hex Editors / FREE Windows x/NTx Checksum Tools","freeware","freeware","https://www.mdgx.com/toy.htm","http://www.paehl.de/cms/dpasha/","","class from source tag 'freeware' (entry text)"
"mdgx-toy","SigCheck command line tool","1.91","XP/2003/Vista/2008/7/8/8.1/2012","","Hex Editors / FREE Windows x/NTx Checksum Tools","freeware","free","https://www.mdgx.com/toy.htm","http://technet.microsoft.com/sysinternals/bb897441.aspx","http://download.sysinternals.com/files/Sigcheck.zip","class from source tag 'free' (entry text)"
"mdgx-toy","JPEGView","","","","Graphics Editors","open-source","free, open source","https://www.mdgx.com/toy.htm","http://github.com/sylikc/jpegview/","","class from source tag 'free, open source' (entry text)"
"mdgx-toy","ImageGlass","","","ImageGlass requires Microsoft .Net Framework Redistributable (NFR) 4.0/newer (free)!","Graphics Editors","freeware","free","https://www.mdgx.com/toy.htm","http://www.imageglass.org/","","class from source tag 'free' (entry text)"
"mdgx-toy","IrfanView","4.54","9x/NT4/2000/ME/XP/2003/Vista/2008/7/8/8.1/2012/10/2016/2019","","Graphics Editors","freeware","freeware, English","https://www.mdgx.com/toy.htm","http://www.irfanview.com/","","class from source tag 'freeware, English' (entry text)"
"mdgx-toy","SView5","3.13","98/2000/ME/XP/2003/Vista/2008/7","Requires (free): Microsoft Visual C++ 2008 (VC2008) Service Pack 1 (SP1) .","Graphics Editors","freeware","freeware","https://www.mdgx.com/toy.htm","http://www.ar-kleinert.de/sview5_win_e.html","http://www.ar-kleinert.de/data/SView5-Install.zip","class from source tag 'freeware' (entry text)"
"mdgx-toy","Photoscape","","98/2000/ME/XP/2003/Vista/2008/7/8/8.1/2012","","Graphics Editors","freeware","freeware","https://www.mdgx.com/toy.htm","http://www.photoscape.org/","","class from source tag 'freeware' (entry text)"
"mdgx-toy","FastStone Image Viewer","5.3","98/2000/ME/XP/2003/Vista/2008/7/8/8.1/2012","","Graphics Editors","freeware-unclear","freeware for personal use","https://www.mdgx.com/toy.htm","http://www.faststone.org/FSViewerDetail.htm","http://www.faststone.org/FSViewerDownload.htm","class from source tag 'freeware for personal use' (entry text)"
"mdgx-toy","Photobie","3.0","2000/XP/2003","Requires Microsoft .Net Framework Redistributable (NFR) 1.0 (free)!","Graphics Editors","freeware","freeware","https://www.mdgx.com/toy.htm","http://www.photobie.com/","http://www.photobie.com/Download/PhotobieInstaller.exe","class from source tag 'freeware' (entry text)"
"mdgx-toy","XnView + NConvert v6.05 command line tool + Add-ons/Plug-ins + ShellEx + Media Detector","1.98.7","3.1x","XnView + NConvert : XnView v1.98.7 + NConvert v6.05 command line tool + Add-ons/Plug-ins + ShellEx + Media Detector 32-bit graphics viewer, editor + conversion tools for Windows/WfWG 3.1x/9x/NT/2000/ME/XP/2003/Vista/2008/7 support most popular formats: GIF,...","Graphics Editors","freeware-unclear","freeware for personal use","https://www.mdgx.com/toy.htm","http://www.xnview.com/en/xnview.html","ftp://ftp.microsoft.com/softlib/mslfiles/PW1118.EXE","label: XnView + NConvert; class from source tag 'freeware for personal use' (entry text); other tags: free; freeware"
"mdgx-toy","GIMP (GNU Image Manipulation Program)","","9x/NTx","","Graphics Editors","open-source","GPL (version not stated by source)","https://www.mdgx.com/toy.htm","http://www.gimp.org/","http://www.gimp.org/downloads/","label: GIMP; class from source tag 'free GPL' (entry text)"
"mdgx-toy","Inkscape Vector Graphics Viewer, Editor + Conversion Tool","1.1","XP/2003/Vista/2008/7/8/8.1/2012/10/2016/2019","","Graphics Editors","open-source","GPL (version not stated by source)","https://www.mdgx.com/toy.htm","http://www.inkscape.org/","http://www.inkscape.org/release/","label: Inkscape; class from source tag 'free GPL' (entry text)"
"mdgx-toy","XPicture","2.1","98/2000/ME/XP/2003","","Graphics Editors","freeware","freeware","https://www.mdgx.com/toy.htm","http://www.goztun.com/products/xpicture/","http://www.goztun.com/download/XPictureSetup.exe","class from source tag 'freeware' (entry text)"
"mdgx-toy","FuturixImager","5.71","2000/XP/2003","","Graphics Editors","freeware","freeware","https://www.mdgx.com/toy.htm","http://www.fxfp.com/software/imager/","http://www.fxfp.com/software/imager/download.php","class from source tag 'freeware' (entry text)"
"mdgx-toy","11view","3.0a","9x/NT4/2000/ME/XP/2003","","Graphics Editors","freeware","freeware","https://www.mdgx.com/toy.htm","http://11view.stratopoint.com/","http://11view.stratopoint.com/download/11view.exe","class from source tag 'freeware' (entry text)"
"mdgx-toy","PC Image Editor","3.65","98/NT4/2000/ME/XP/2003/Vista/2008/7","","Graphics Editors","freeware-unclear","crippled freeware","https://www.mdgx.com/toy.htm","http://www.program4pc.com/image_editor.html","http://www.program4pc.com/download/PCImageEdSetup.exe","class from source tag 'crippled freeware' (entry text)"
"mdgx-toy","SlowView","1.0 RC2","9x/NT4/2000/ME/XP/2003","","Graphics Editors","freeware","freeware","https://www.mdgx.com/toy.htm","http://www.buzzys.net/slowview.html","ftp://ftp.externet.hu/pub/mirror/sac/graph/slowview.zip","class from source tag 'freeware' (entry text); source marks it discontinued"
"mdgx-toy","Paint.NET","4.3","7 SP1/8/8.1/2012/10/2016/2019","Requires Microsoft .Net Framework Redistributable (NFR) 4.7.2 (free)!","Graphics Editors","freeware","freeware","https://www.mdgx.com/toy.htm","http://www.getpaint.net/","http://www.getpaint.net/download.html","class from source tag 'freeware' (entry text)"
"mdgx-toy","Paint.COM","2009.1","2000/XP/2003/Vista/2008/7","","Graphics Editors","freeware","freeware, right-click to save!","https://www.mdgx.com/toy.htm","http://www.rw-designer.com/image-editor/","http://www.rw-designer.com/2009.1/RWPaintCOM.msi","class from source tag 'freeware, right-click to save!' (entry text)"
"mdgx-toy","PaintRibbon","1.1.0.0","XP/2003/Vista/2008/7","","Graphics Editors","freeware-unclear","freeware for personal use","https://www.mdgx.com/toy.htm","http://www.bluuur.com/paintribbon/","http://www.softpedia.com/get/Multimedia/Graphic/Graphic-Editors/PaintRibbon.shtml","class from source tag 'freeware for personal use' (entry text)"
"mdgx-toy","Project Dogwaffle","1.2","98 SE/2000/ME/XP/2003","","Graphics Editors","freeware-unclear","crippled freeware","https://www.mdgx.com/toy.htm","http://www.thebest3d.com/dogwaffle/free/","http://www.thebest3d.com/dogwaffle/free/#download","class from source tag 'crippled freeware' (entry text)"
"mdgx-toy","ArtRage Free Edition","2.0","2000/XP/2003","","Graphics Editors","freeware-unclear","crippled freeware","https://www.mdgx.com/toy.htm","http://www.ambientdesign.com/artrage.html","http://www.ambientdesign.com/artragedown.html","class from source tag 'crippled freeware' (entry text)"
"mdgx-toy","Desktop Architect","2.11","9x/NT4/2000/ME","","Graphics Editors","freeware","freeware","https://www.mdgx.com/toy.htm","http://www.themedoctor.com/da.shtml","http://www.themeworld.com/cgi-bin/redir.pl/themes/da211.zip","class from source tag 'freeware' (entry text); source marks it discontinued"
"mdgx-toy","IconViewer","","9x/NT4/2000/ME/XP/2003/Vista/2008/7/8/8.1/2012/10","","Graphics Editors / FREE Windows 9x/NTx Icon Tools","unknown","","","http://www.botproductions.com/iconview/download.html","",""
"mdgx-toy","Greenfish Icon Editor (GFIE) Pro","3.6","2000/XP/2003/Vista/2008/7/8/8.1/2012/10","","Graphics Editors / FREE Windows 9x/NTx Icon Tools","open-source","freeware, open source","https://www.mdgx.com/toy.htm","http://www.greenfishsoftware.org/gfie.php","http://www.greenfishsoftware.org/dl/gfie/gfie_setup_3.6.exe","class from source tag 'freeware, open source' (entry text)"
"mdgx-toy","PixelToolbox","1.1","9x/NT4/2000/ME/XP/2003","","Graphics Editors / FREE Windows 9x/NTx Icon Tools","freeware","freeware","https://www.mdgx.com/toy.htm","http://www.axiomx.com/PixelToolbox/","http://www.axiomx.com/PixelToolbox/PixelToolbox.zip","class from source tag 'freeware' (entry text)"
"mdgx-toy","SnIco Edit","","9x/NT4/2000/ME/XP/2003/Vista/2008/7","","Graphics Editors / FREE Windows 9x/NTx Icon Tools","freeware","freeware","https://www.mdgx.com/toy.htm","https://web.archive.org/web/20080309140210/http://snidesoft.eu/","http://files.brothersoft.com/desktop_utilities/icon_tools/icoedit.zip","class from source tag 'freeware' (entry text); source marks it discontinued"
"mdgx-toy","Icon Suite","2.1.12","9x/NT4/2000/ME/XP/2003","","Graphics Editors / FREE Windows 9x/NTx Icon Tools","freeware","freeware","https://www.mdgx.com/toy.htm","http://www.bouffler.freeserve.co.uk/icon_edit.htm","http://www.bouffler.freeserve.co.uk/Files/IconSuite.exe","class from source tag 'freeware' (entry text)"
"mdgx-toy","IconLab","1.0","98/NT4/2000/ME/XP/2003","","Graphics Editors / FREE Windows 9x/NTx Icon Tools","freeware","freeware","https://www.mdgx.com/toy.htm","https://web.archive.org/web/20070224185455/http://www.wildfiredesign.net/iconlab/","https://web.archive.org/web/20070224185455/http://www.wildfiredesign.net/downloads/products/iconlab-setup.exe","class from source tag 'freeware' (entry text); source marks it discontinued"
"mdgx-toy","iICO","1.31","98/NT4/2000/ME/XP/2003","","Graphics Editors / FREE Windows 9x/NTx Icon Tools","freeware","freeware","https://www.mdgx.com/toy.htm","http://www.mintrasystems.com/products/mintra/product.php?p=iico","http://www.mintrasystems.com/products/mintra/files/setupiico131.exe","class from source tag 'freeware' (entry text)"
"mdgx-toy","IcoFX","","98/2000","","Graphics Editors / FREE Windows 9x/NTx Icon Tools","freeware","freeware","https://www.mdgx.com/toy.htm","http://www.portableapps.com/news/2012-06-20--icofx-portable-1.6.4-rev-2-released/","https://web.archive.org/web/20110127044101/http://www.icofx.ro/files/icofxsetup1.5.1.zip","class from source tag 'freeware' (entry text)"
"mdgx-toy","IconShop Build 905","1.20 Alpha","9x/NT4/2000/ME/XP/2003","","Graphics Editors / FREE Windows 9x/NTx Icon Tools","freeware","freeware","https://www.mdgx.com/toy.htm","http://users.telenet.be/liontech/","http://users.telenet.be/liontech/IconShop.120.Alpha.zip","class from source tag 'freeware' (entry text)"
"mdgx-toy","IconEdit32","1.0","9x/NT4/2000/ME/XP/2003","","Graphics Editors / FREE Windows 9x/NTx Icon Tools","unknown","","","http://www.pcmag.com/article2/0,2817,1558931,00.asp","http://slosh.nws.noaa.gov/docs/download/iedit32.zip",""
"mdgx-toy","Microsoft Windows 98 Resource Kit (RK) Icon/Image Editor (IMAGEDIT.EXE) + Animated/Static Cursor Editor (ANIEDIT.EXE) tools","","98","","Graphics Editors / FREE Windows 9x/NTx Icon Tools","commercial","Microsoft (proprietary)","","http://support.microsoft.com/help/247024","ftp://ftp.microsoft.com/services/technet/samples/ps/win98/reskit/desktop/ANIEDIT.EXE","class from source tag 'free, right-click to save CNT + HLP!' (entry text); Microsoft component: source tag describes a free download, not redistribution rights; Microsoft component; class from memory"
"mdgx-toy","Icon Master","1.2d","3.1x/9x/ME","","Graphics Editors / FREE Windows 9x/NTx Icon Tools","shareware","nag shareware","https://www.mdgx.com/toy.htm","","https://www.mdgx.com/files/IMSTR12D.ZIP","class from source tag 'nag shareware' (entry text)"
"mdgx-toy","Media Player Classic Home Cinema (MPC-HC) front end GUI + command line tool","","XP","Media Player Classic Home Cinema (MPC-HC) : Media Player Classic Home Cinema (MPC-HC) front end GUI + command line tool 32-bit + 64-bit (also here ) stand alone multimedia Audio/Video/DVD/HD/UHD player improved Microsoft Windows Media Player (WMP) replaceme... | Windows XP + 2003 require Windows Media Player 11.0 (WMP11) Media Format (WMF11) Codecs or Windows Media Player 11.0 (WMP11) already installed. | Windows 2000 requires Windows Media Player 9.0 (WMP9) already installed.","Media Players + Recorders","open-source","GPL (version not stated by source)","https://www.mdgx.com/toy.htm","http://github.com/clsid2/mpc-hc/","http://files2.codecguide.com/K-Lite_Codec_Pack_1383_Mega.exe","label: Media Player Classic Home Cinema (MPC-HC); class from source tag 'free GPL' (entry text); other tags: free GPL; freeware; freeware + ADWARE!"
"mdgx-toy","Media Player Classic Black Edition (MPC-BE) front end GUI + command line tool","","XP","Media Player Classic Black Edition (MPC-BE) : Media Player Classic Black Edition (MPC-BE) front end GUI + command line tool 32-bit + 64-bit (also here ) stand alone multimedia Audio/Video/DVD/HD player improved Microsoft Windows Media Player (WMP) 6/7/8/9/1...","Media Players + Recorders","open-source","GPL (version not stated by source)","https://www.mdgx.com/toy.htm","http://sourceforge.net/projects/mpcbe/","http://downloads.sourceforge.net/project/mpcbe/MPC-BE/MPC-BE%20x64/MPC-BE%20x64%201.4.2/MPC-BE.1.4.2.x64-installer.zip","label: Media Player Classic Black Edition (MPC-BE); class from source tag 'free GPL' (entry text)"
"mdgx-toy","OLD Media Player Classic (MPC) front end GUI + command line tool","6.4.9.1","98/2000/ME/XP/2003/Vista/2008/7","Requires WMP + DirectX 7/8/9/10/11 already installed! | Windows XP + 2003 require Windows Media Player 11.0 (WMP11) Media Format (WMF11) Codecs or Windows Media Player 11.0 (WMP11) already installed. | Windows 2000 requires Windows Media Player 9.0 (WMP9) already installed.","Media Players + Recorders","open-source","GPL (version not stated by source)","https://www.mdgx.com/toy.htm","http://sourceforge.net/projects/guliverkli2/","http://downloads.sourceforge.net/project/guliverkli2/Media%20Player%20Classic/6.4.9.1/mplayerc_20100214.zip","label: OLD Media Player Classic (MPC); class from source tag 'free GPL' (entry text); source marks it discontinued"
"mdgx-toy","MPlayer + MEncoder command line tools + SMPlayer/MPUI front end GUI","","9x/NT4/2000/ME/XP/2003/Vista/2008/7/8/8.1/2012","","Media Players + Recorders","open-source","GPL (version not stated by source)","https://www.mdgx.com/toy.htm","http://www.mplayerhq.hu/","http://mplayerwin.sourceforge.net/downloads.html","label: MPlayer; class from source tag '12-free GPL' (entry text)"
"mdgx-toy","XBMC (XBox Media Center)","13.2","XP/2003/Vista/2008/7/8/8.1/2012","","Media Players + Recorders","open-source","GPL (version not stated by source)","https://www.mdgx.com/toy.htm","http://www.xbmc.org/","http://www.xbmc.org/download/","class from source tag 'free GPL' (entry text)"
"mdgx-toy","Light Alloy","4.7.1","XP/2003/Vista/2008/7/8/8.1/2012","","Media Players + Recorders","freeware","freeware","https://www.mdgx.com/toy.htm","http://www.light-alloy.ru/lang/en/","http://www.light-alloy.ru/download/","class from source tag 'freeware' (entry text)"
"mdgx-toy","GOM Player","2.1.26","98 SE/2000/ME/XP/2003/Vista/2008/7","","Media Players + Recorders","freeware","freeware","https://www.mdgx.com/toy.htm","http://www.gomlab.com/eng/GMP_Introduction.html","http://www.gomlab.com/eng/GMP_download.html","class from source tag 'freeware' (entry text)"
"mdgx-toy","Ubiquitous Player","10.01","XP/2003/Vista/2008/7/8/8.1/2012","","Media Players + Recorders","freeware","freeware","https://www.mdgx.com/toy.htm","http://ubiquitous-player.blogspot.com/","http://www.softpedia.com/get/File-managers/Ubiquitous-Player.shtml","class from source tag 'freeware' (entry text)"
"mdgx-toy","SongBird","1.10.1","XP/2003/Vista/2008/7","","Media Players + Recorders","open-source","GPL (version not stated by source)","https://www.mdgx.com/toy.htm","http://www.getsongbird.com/","http://www.softpedia.com/get/Multimedia/Audio/Audio-Players/Songbird.shtml","class from source tag 'free GPL' (entry text)"
"mdgx-toy","XULPlayer","0.6.0","2000/XP/2003/Vista/2008/7","","Media Players + Recorders","open-source","free, open source","https://www.mdgx.com/toy.htm","http://xulplayer.sourceforge.net/","http://xulplayer.sourceforge.net/download.html","class from source tag 'free, open source' (entry text)"
"mdgx-toy","KMPlayer (KMP)","3.0.0","2000/XP/2003/Vista/2008/7","","Media Players + Recorders","open-source","GPL (version not stated by source)","https://www.mdgx.com/toy.htm","http://www.kmplayer.com/forums/","http://www.kmplayer.com/forums/forumdisplay.php?f=25","class from source tag 'free GPL' (entry text); other tags: freeware"
"mdgx-toy","Miro","4.0.3","2000/XP/2003/Vista/2008/7","","Media Players + Recorders","open-source","free, open source","https://www.mdgx.com/toy.htm","http://www.getmiro.com/","http://www.getmiro.com/download/","class from source tag 'free, open source' (entry text)"
"mdgx-toy","MusikCube","1.0","2000/XP/2003","","Media Players + Recorders","open-source","free, open source","https://www.mdgx.com/toy.htm","http://www.musikcube.com/","http://www.musikcube.com/action/download/mcube_winbuild_stable","class from source tag 'free, open source' (entry text)"
"mdgx-toy","Juke","3.9","98/NT4/2000/ME/XP/2003/Vista","","Media Players + Recorders","freeware","freeware","https://www.mdgx.com/toy.htm","http://www.wolosoft.com/en/juke/","http://www.wolosoft.com/files/Juke-3.9.exe","class from source tag 'freeware' (entry text)"
"mdgx-toy","WinAmp Full","5.60","2000/XP/2003/Vista/2008/7","","Media Players + Recorders","freeware-unclear","freeware + ADWARE!: eMusic + free MP3 offer!","https://www.mdgx.com/toy.htm","http://www.winamp.com/","http://download.nullsoft.com/winamp/client/winamp56_full_bundle_emusic-7plus_all.exe","class from source tag 'freeware + ADWARE!: eMusic + free MP3 offer!' (entry text)"
"mdgx-toy","Kantaris","0.6.5","2000/XP/2003/Vista/2008/7","","Media Players + Recorders","open-source","GPL (version not stated by source)","https://www.mdgx.com/toy.htm","http://www.kantaris.org/","http://kantaris.googlecode.com/files/Kantaris_0.6.5_setup.exe","class from source tag 'free GPL' (entry text)"
"mdgx-toy","VideoLAN Client (VLC) Media Player","","9x/2000/ME/XP/2003/Vista/2008/7/8/8.1/2012","Windows 98, 98 SE + ME require Microsoft Layer for Unicode (MSLU) UNICOWS.DLL 1.1.3790.0 !","Media Players + Recorders","open-source","GPL (version not stated by source)","https://www.mdgx.com/toy.htm","http://www.videolan.org/vlc/","http://download.videolan.org/pub/videolan/vlc/0.8.6i/win32/vlc-0.8.6i-win32.exe","label: VideoLAN Client (VLC); class from source tag 'free GPL' (entry text)"
"mdgx-toy","VLC 2.2.1","","XP SP2/2003/Vista/2008/7/8/8.1/2012","KernelEx (mentioned)","Media Players + Recorders","open-source","GPL (version not stated by source)","https://www.mdgx.com/toy.htm","http://www.videolan.org/vlc/download-windows.html","","class from source tag 'free GPL' (entry text)"
"mdgx-toy","foobar2000","","9x/NTx","","Media Players + Recorders","open-source","free, open source","https://www.mdgx.com/toy.htm","http://www.foobar2000.org/","http://www.videohelp.com/download/NeroAACCodec-1.5.4.zip","class from source tag 'free, open source' (entry text); other tags: free(ware); free(ware)"
"mdgx-toy","SPlayer","3.5","2000/XP/2003/Vista/2008/7","","Media Players + Recorders","open-source","free, open source","https://www.mdgx.com/toy.htm","http://www.splayer.org/index.en.html","http://file.splayer.org/SPlayerSetup.exe","class from source tag 'free, open source' (entry text)"
"mdgx-toy","QuickTime Movie (QTM) Standard","","3.1x/9x/NT4/2000/ME/XP/2003/Vista/2008/7/8/8.1/2012/10","MOV Download Tool requires QTM 6/7/newer already installed! | Requires QTM 7.5/newer ! = see above. | Requires Microsoft Win32s 32-bit Extensions Add-on v1.30c !","Media Players + Recorders","freeware-unclear","crippled nag freeware","https://www.mdgx.com/toy.htm","http://www.apple.com/quicktime/download/","http://support.apple.com/downloads/DL2/en_US/ProResDecoderSetup.exe","label: QuickTime Movie (QTM); class from source tag 'crippled nag freeware' (entry text); other tags: freeware; both no nag freeware"
"mdgx-toy","Adobe Media Player (AMP)","1.6","XP SP2/2003/Vista/2008/7","Requires Adobe AIR v1.5.1 Runtime APIs already installed!","Media Players + Recorders","freeware","freeware","https://www.mdgx.com/toy.htm","http://www.adobe.com/products/mediaplayer/","http://airdownload.adobe.com/air/win/download/latest/AdobeAIRInstaller.exe","class from source tag 'freeware' (entry text)"
"mdgx-toy","RealPlayer Basic","14.0","98/NT4/2000/ME/XP/2003/Vista/2008/7","Setup requires an Internet connection for downloading full installer.","Media Players + Recorders","freeware-unclear","Setup only , freeware with spyware + ADWARE!","https://www.mdgx.com/toy.htm","http://www.real.com/","http://www.real.com/realplayer/","class from source tag 'Setup only , freeware with spyware + ADWARE!' (entry text)"
"mdgx-toy","Audacity","1.3.14 Beta","2000/XP/2003/Vista/2008/7","","Media Players + Recorders","open-source","GPL (version not stated by source)","https://www.mdgx.com/toy.htm","http://audacity.sourceforge.net/","http://audacity.googlecode.com/files/audacity-win-unicode-1.3.14.exe","class from source tag 'free GPL' (entry text)"
"mdgx-toy","DarkWave Studio","3.8.7","XP/2003/Vista/2008/7","","Media Players + Recorders","open-source","free open source","https://www.mdgx.com/toy.htm","http://www.experimentalscene.com/software/darkwave-studio/","http://www.experimentalscene.com/downloads/DarkWave-Studio-3.8.7.exe","class from source tag 'free open source' (entry text)"
"mdgx-toy","JetAudio Basic","8.0.16","2000/XP/2003/Vista/2008/7","Requires Microsoft DirectX 8/9 , DirectShow + WMP 7/8/9/10/11 APIs already installed!","Media Players + Recorders","freeware-unclear","crippled freeware","https://www.mdgx.com/toy.htm","http://www.jetaudio.com/products/jetaudio/","http://www.jetaudio.com/download/","class from source tag 'crippled freeware' (entry text)"
"mdgx-toy","7-Zip","","9x/NTx","Requires Microsoft .Net Framework Redistributable (NFR) 2.0 (free)! 7-Zip Theme Manager for 7-Zip 32-bit + 64-bit. 7-Zip EasySFX self-extracting executable creator . 7-Zip 15.09 native DOS tool for MS-DOS 5/6/7/8, FreeDOS / DR-DOS/OpenDOS + Windows 3.1x/9x/... | Requires CWSDPMI.EXE DPMI DOS extender , also here !","File Shrinkers","open-source","GPL (version not stated by source)","https://www.mdgx.com/toy.htm","http://www.7-zip.org/","http://www.7-zip.org/a/7z2409-x64.exe","label: 7-Zip (7Z); class from source tag 'free GPL, multilanguage' (entry text)"
"mdgx-toy","PeaZip front end GUI + DOS command line tool","5.9.0","9x/NT4/2000/ME/XP/2003/Vista/2008/7/8/8.1/2012/10","","File Shrinkers","open-source","GPL (version not stated by source)","https://www.mdgx.com/toy.htm","http://www.peazip.org/","http://www.peazip.org/downloads/peazip-5.9.0.WIN64.exe","label: PeaZip; class from source tag 'free GPL' (entry text)"
"mdgx-toy","Universal Extractor","1.6.1","9x/NT4/2000/ME/XP/2003/Vista/2008/7/8/8.1/2012","","File Shrinkers","freeware","freeware","https://www.mdgx.com/toy.htm","http://www.legroom.net/software/uniextract/","http://www.legroom.net/files/software/uniextract161.exe","class from source tag 'freeware' (entry text)"
"mdgx-toy","IZArc","4.2","2000/XP/2003/Vista/2008/7/8/8.1/2012/10","","File Shrinkers","freeware","freeware","https://www.mdgx.com/toy.htm","http://www.izarc.org/","http://www.izarc.org/download.html","class from source tag 'freeware' (entry text)"
"mdgx-toy","TUGZip","3.5.0.0","9x/NT4/2000/ME/XP/2003/Vista/2008/7","","File Shrinkers","freeware","freeware","https://www.mdgx.com/toy.htm","http://www.tugzip.com/","http://www.tugzip.com/?page=downloads","class from source tag 'freeware' (entry text)"
"mdgx-toy","Bandizip","1.0.3","2000/XP/2003/Vista/2008/7","","File Shrinkers","freeware","freeware","https://www.mdgx.com/toy.htm","http://www.bandicam.com/bandizip/","http://www.bandicam.com/bandizip/downloads/bandizip-setup-gl.exe","class from source tag 'freeware' (entry text)"
"mdgx-toy","Simplyzip beta","1.1","2000/XP/2003/Vista/2008/7","","File Shrinkers","freeware","freeware","https://www.mdgx.com/toy.htm","http://www.paehl.de/cms/simplyzip/","http://www.paehl.de/simplyzipse.exe","class from source tag 'freeware' (entry text)"
"mdgx-toy","jZip","1.3","2000/XP/2003/Vista/2008/7","","File Shrinkers","freeware","freeware","https://www.mdgx.com/toy.htm","http://www.jzip.com/","http://download.jzip.com/jZipV1.exe","class from source tag 'freeware' (entry text)"
"mdgx-toy","FileCompress","2.0 RC1","9x/NT4/2000/ME/XP/2003/Vista/2008/7/8/8.1/2012","","File Shrinkers","freeware","freeware","https://www.mdgx.com/toy.htm","http://www.softpedia.com/get/Compression-tools/FileCompress.shtml","ftp://ftp.sac.sk/pub/sac/pack/uharc06b.zip","class from source tag 'freeware' (entry text); other tags: freeware; freeware; free GPL; free GPL; free, closed source; freeware"
"mdgx-toy","QuickZip","5.1.8","9x/NT4/2000/ME/XP/2003/Vista/2008/7","","File Shrinkers","freeware","freeware","https://www.mdgx.com/toy.htm","http://www.quickzip.org/","http://www.quickzip.org/downloads.html","class from source tag 'freeware' (entry text)"
"mdgx-toy","ZipGenius Suite Edition","6.3.1","9x/NT4/2000/ME/XP/2003/Vista/2008/7","","File Shrinkers","freeware","freeware","https://www.mdgx.com/toy.htm","http://www.zipgenius.com/","http://www.zipgenius.com/?id=33","class from source tag 'freeware' (entry text)"
"mdgx-toy","ICEOWS","4.20b","9x/NT4/2000/ME/XP/2003","","File Shrinkers","freeware","multilanguage, freeware","https://www.mdgx.com/toy.htm","http://www.iceows.com/","http://www.iceows.com/Download.htm","class from source tag 'multilanguage, freeware' (entry text)"
"mdgx-toy","Zipeg beta","2.91","9x/NT4/2000/ME/XP/2003/Vista/2008/7","","File Shrinkers","open-source","free, open source","https://www.mdgx.com/toy.htm","http://www.zipeg.com/","http://zipeg.googlecode.com/files/zipeg.2.9.1.1204.exe","class from source tag 'free, open source' (entry text)"
"mdgx-toy","CabPack","1.4","9x/NT4/2000/ME/XP/2003","","File Shrinkers","freeware","freeware, English","https://www.mdgx.com/toy.htm","http://www.larshederer.homepage.t-online.de/cabpack.htm","http://www.larshederer.homepage.t-online.de/cabpck14.zip","class from source tag 'freeware, English' (entry text)"
"mdgx-toy","ZIPCentral","4.01","9x/NT4/2000/ME/XP/2003","","File Shrinkers","freeware","freeware, English","https://www.mdgx.com/toy.htm","http://www.softpedia.com/get/Compression-tools/ZipCentral.shtml","","class from source tag 'freeware, English' (entry text); source marks it discontinued"
"mdgx-toy","FilZip","3.06","9x/NT4/2000/ME/XP/2003","","File Shrinkers","freeware","freeware, English","https://www.mdgx.com/toy.htm","http://www.filzip.com/","http://www.filzip.com/fz/release/3.06/fz306.exe","class from source tag 'freeware, English' (entry text)"
"mdgx-toy","PowerArchiver","","9x/NT4/2000/ME/XP/2003/Vista/2008/7","","File Shrinkers","shareware","nag shareware, $23","https://www.mdgx.com/toy.htm","http://www.powerarchiver.com/","http://dl.powerarchiver.com/2010/powarc1163.exe","class from source tag 'nag shareware, $23' (sub-item text); other tags: last freeware version"
"mdgx-toy","WinZip Standard","","9x/NT4/2000/ME/XP/2003/Vista/2008/7","","File Shrinkers","shareware","shareware $30, 21 days free trial","https://www.mdgx.com/toy.htm","http://www.winzip.com/","http://download.winzip.com/ov/winzip121.exe","class from source tag 'shareware $30, 21 days free trial' (entry text)"
"mdgx-toy","Info-ZIP WiZ","5.03","9x/NT/2000/ME/XP/2003","","File Shrinkers","freeware","free","https://www.mdgx.com/toy.htm","http://www.info-zip.org/WiZ.html","ftp://sunsite.icm.edu.pl/pub/unix/archiving/info-zip/WIN32/wiz503xN.exe","class from source tag 'free' (entry text)"
"mdgx-toy","SysInternals Tools Suite GUI + command line tools","","NTx","","Power Toys on The Internet","commercial","Sysinternals Software License (Microsoft; no redistribution)","","http://docs.microsoft.com/sysinternals/downloads/sysinternals-suite/","http://download.sysinternals.com/files/SysinternalsSuite.zip","class from memory (Microsoft Sysinternals)"
